no,SourceClass,SourceID,SourceName,TargetClass,TargetID,TargetName,Relationship,description
1,University,Univ001,가천대학교,Campus,Camp001,가천대_글로벌캠퍼스,hasPart,대학과 캠퍼스의 관계
2,University,Univ002,가톨릭대학교,Campus,Camp002,가톨릭대_성심교정,hasPart,대학과 캠퍼스의 관계
3,University,Univ003,강남대학교,Campus,Camp003,강남대_본교,hasPart,대학과 캠퍼스의 관계
4,University,Univ004,강원대학교,Campus,Camp004,강원대_춘천캠퍼스,hasPart,대학과 캠퍼스의 관계
5,University,Univ005,건국대학교,Campus,Camp005,건국대_서울캠퍼스,hasPart,대학과 캠퍼스의 관계
6,University,Univ006,경기대학교,Campus,Camp006,경기대_수원캠퍼스,hasPart,대학과 캠퍼스의 관계
7,University,Univ007,경북대학교,Campus,Camp007,경북대_대구캠퍼스,hasPart,대학과 캠퍼스의 관계
8,University,Univ008,경상국립대학교,Campus,Camp008,경상국립대_가좌캠퍼스,hasPart,대학과 캠퍼스의 관계
9,University,Univ009,경성대학교,Campus,Camp009,경성대_본교,hasPart,대학과 캠퍼스의 관계
10,University,Univ010,경희대학교,Campus,Camp010,경희대_국제캠퍼스,hasPart,대학과 캠퍼스의 관계
11,University,Univ011,계명대학교,Campus,Camp011,계명대_성서캠퍼스,hasPart,대학과 캠퍼스의 관계
12,University,Univ012,고려대학교,Campus,Camp012,고려대_서울캠퍼스,hasPart,대학과 캠퍼스의 관계
13,University,Univ012,고려대학교,Campus,Camp013,고려대_세종캠퍼스,hasPart,대학과 캠퍼스의 관계
14,University,Univ013,국립강릉원주대학교,Campus,Camp014,국립강릉원주대_강릉캠퍼스,hasPart,대학과 캠퍼스의 관계
15,University,Univ014,국립공주대학교,Campus,Camp015,국립공주대_공주캠퍼스,hasPart,대학과 캠퍼스의 관계
16,University,Univ015,국립군산대학교,Campus,Camp016,국립군산대_미룡캠퍼스,hasPart,대학과 캠퍼스의 관계
17,University,Univ016,국립목포대학교,Campus,Camp017,국립목포대_도림캠퍼스,hasPart,대학과 캠퍼스의 관계
18,University,Univ017,국립부경대학교,Campus,Camp018,국립부경대_대연캠퍼스,hasPart,대학과 캠퍼스의 관계
19,University,Univ018,국립순천대학교,Campus,Camp019,국립순천대_본교,hasPart,대학과 캠퍼스의 관계
20,University,Univ019,국립창원대학교,Campus,Camp020,국립창원대_창원캠퍼스,hasPart,대학과 캠퍼스의 관계
21,University,Univ020,국립한밭대학교,Campus,Camp021,국립한밭대_유성덕명캠퍼스,hasPart,대학과 캠퍼스의 관계
22,University,Univ021,국민대학교,Campus,Camp022,국민대_본교,hasPart,대학과 캠퍼스의 관계
23,University,Univ022,단국대학교,Campus,Camp023,단국대_천안캠퍼스,hasPart,대학과 캠퍼스의 관계
24,University,Univ023,대진대학교,Campus,Camp024,대진대_본교,hasPart,대학과 캠퍼스의 관계
25,University,Univ024,덕성여자대학교,Campus,Camp025,덕성여자대_쌍문캠퍼스,hasPart,대학과 캠퍼스의 관계
26,University,Univ025,동국대학교,Campus,Camp026,동국대_서울캠퍼스,hasPart,대학과 캠퍼스의 관계
27,University,Univ025,동국대학교,Campus,Camp027,동국대_WISE캠퍼스,hasPart,대학과 캠퍼스의 관계
28,University,Univ026,동덕여자대학교,Campus,Camp028,동덕여자대_본교,hasPart,대학과 캠퍼스의 관계
29,University,Univ027,동서대학교,Campus,Camp029,동서대_주례캠퍼스,hasPart,대학과 캠퍼스의 관계
30,University,Univ028,동아대학교,Campus,Camp030,동아대_부민캠퍼스,hasPart,대학과 캠퍼스의 관계
31,University,Univ029,동의대학교,Campus,Camp031,동의대_가야캠퍼스,hasPart,대학과 캠퍼스의 관계
32,University,Univ030,명지대학교,Campus,Camp032,명지대_인문캠퍼스,hasPart,대학과 캠퍼스의 관계
33,University,Univ031,부산대학교,Campus,Camp033,부산대_부산캠퍼스,hasPart,대학과 캠퍼스의 관계
34,University,Univ032,부산외국어대학교,Campus,Camp034,부산외국어대_본교,hasPart,대학과 캠퍼스의 관계
35,University,Univ033,삼육대학교,Campus,Camp035,삼육대_본교,hasPart,대학과 캠퍼스의 관계
36,University,Univ034,상명대학교,Campus,Camp036,상명대_천안캠퍼스,hasPart,대학과 캠퍼스의 관계
37,University,Univ035,서강대학교,Campus,Camp037,서강대_본교,hasPart,대학과 캠퍼스의 관계
38,University,Univ036,서울대학교,Campus,Camp038,서울대_관악캠퍼스,hasPart,대학과 캠퍼스의 관계
39,University,Univ037,서울시립대학교,Campus,Camp039,서울시립대_본교,hasPart,대학과 캠퍼스의 관계
40,University,Univ038,서울신학대학교,Campus,Camp040,서울신학대_본교,hasPart,대학과 캠퍼스의 관계
41,University,Univ039,서울여자대학교,Campus,Camp041,서울여자대_본교,hasPart,대학과 캠퍼스의 관계
42,University,Univ040,선문대학교,Campus,Camp042,선문대_아산캠퍼스,hasPart,대학과 캠퍼스의 관계
43,University,Univ041,성결대학교,Campus,Camp043,성결대_본교,hasPart,대학과 캠퍼스의 관계
44,University,Univ042,성공회대학교,Campus,Camp044,성공회대_본교,hasPart,대학과 캠퍼스의 관계
45,University,Univ043,성균관대학교,Campus,Camp045,성균관대_인문사회과학캠퍼스,hasPart,대학과 캠퍼스의 관계
46,University,Univ044,성신여자대학교,Campus,Camp046,성신여자대_돈암수정캠퍼스,hasPart,대학과 캠퍼스의 관계
47,University,Univ045,세명대학교,Campus,Camp047,세명대_본교,hasPart,대학과 캠퍼스의 관계
48,University,Univ046,수원대학교,Campus,Camp048,수원대_본교,hasPart,대학과 캠퍼스의 관계
49,University,Univ047,숙명여자대학교,Campus,Camp049,숙명여자대_본교,hasPart,대학과 캠퍼스의 관계
50,University,Univ048,순천향대학교,Campus,Camp050,순천향대_본교,hasPart,대학과 캠퍼스의 관계
51,University,Univ049,숭실대학교,Campus,Camp051,숭실대_본교,hasPart,대학과 캠퍼스의 관계
52,University,Univ050,안양대학교,Campus,Camp052,안양대_안양캠퍼스,hasPart,대학과 캠퍼스의 관계
53,University,Univ051,연세대학교,Campus,Camp053,연세대_신촌캠퍼스,hasPart,대학과 캠퍼스의 관계
54,University,Univ052,영남대학교,Campus,Camp054,영남대_경산캠퍼스,hasPart,대학과 캠퍼스의 관계
55,University,Univ053,용인대학교,Campus,Camp055,용인대_본교,hasPart,대학과 캠퍼스의 관계
56,University,Univ054,울산대학교,Campus,Camp056,울산대_본교,hasPart,대학과 캠퍼스의 관계
57,University,Univ055,이화여자대학교,Campus,Camp057,이화여자대_신촌캠퍼스,hasPart,대학과 캠퍼스의 관계
58,University,Univ056,인천대학교,Campus,Camp058,인천대_송도캠퍼스,hasPart,대학과 캠퍼스의 관계
59,University,Univ057,인하대학교,Campus,Camp059,인하대_용현캠퍼스,hasPart,대학과 캠퍼스의 관계
60,University,Univ058,전남대학교,Campus,Camp060,전남대_광주캠퍼스,hasPart,대학과 캠퍼스의 관계
61,University,Univ058,전남대학교,Campus,Camp061,전남대_여수캠퍼스,hasPart,대학과 캠퍼스의 관계
62,University,Univ059,전북대학교,Campus,Camp062,전북대_전주캠퍼스,hasPart,대학과 캠퍼스의 관계
63,University,Univ060,전주대학교,Campus,Camp063,전주대_본교,hasPart,대학과 캠퍼스의 관계
64,University,Univ061,제주대학교,Campus,Camp064,제주대_아라캠퍼스,hasPart,대학과 캠퍼스의 관계
65,University,Univ062,조선대학교,Campus,Camp065,조선대_본교,hasPart,대학과 캠퍼스의 관계
66,University,Univ063,중앙대학교,Campus,Camp066,중앙대_서울캠퍼스,hasPart,대학과 캠퍼스의 관계
67,University,Univ064,창신대학교,Campus,Camp067,창신대_본교,hasPart,대학과 캠퍼스의 관계
68,University,Univ065,충남대학교,Campus,Camp068,충남대_대덕캠퍼스,hasPart,대학과 캠퍼스의 관계
69,University,Univ066,충북대학교,Campus,Camp069,충북대_개신캠퍼스,hasPart,대학과 캠퍼스의 관계
70,University,Univ067,평택대학교,Campus,Camp070,평택대_본교,hasPart,대학과 캠퍼스의 관계
71,University,Univ068,한국교원대학교,Campus,Camp071,한국교원대_본교,hasPart,대학과 캠퍼스의 관계
72,University,Univ069,국립한국교통대학교,Campus,Camp072,국립한국교통대_충주캠퍼스,hasPart,대학과 캠퍼스의 관계
73,University,Univ070,한국외국어대학교,Campus,Camp073,한국외국어대_서울캠퍼스,hasPart,대학과 캠퍼스의 관계
74,University,Univ071,한남대학교,Campus,Camp074,한남대_오정캠퍼스,hasPart,대학과 캠퍼스의 관계
75,University,Univ072,한림대학교,Campus,Camp075,한림대_본교,hasPart,대학과 캠퍼스의 관계
76,University,Univ073,한서대학교,Campus,Camp076,한서대_서산캠퍼스,hasPart,대학과 캠퍼스의 관계
77,University,Univ074,한세대학교,Campus,Camp077,한세대_본교,hasPart,대학과 캠퍼스의 관계
78,University,Univ075,한신대학교,Campus,Camp078,한신대_경기캠퍼스,hasPart,대학과 캠퍼스의 관계
79,University,Univ076,한양대학교,Campus,Camp079,한양대_서울캠퍼스,hasPart,대학과 캠퍼스의 관계
80,University,Univ077,협성대학교,Campus,Camp080,협성대_본교,hasPart,대학과 캠퍼스의 관계
81,University,Univ078,호서대학교,Campus,Camp081,호서대_천안캠퍼스,hasPart,대학과 캠퍼스의 관계
82,Campus,Camp001,가천대_글로벌캠퍼스,College,Coll001,가천대_AI인문대학,hasPart,캠퍼스와 단과대학의 관계
83,Campus,Camp002,가톨릭대_성심교정,College,Coll002,가톨릭대_인문사회계열,hasPart,캠퍼스와 단과대학의 관계
84,Campus,Camp003,강남대_본교,College,Coll003,강남대_글로벌문화콘텐츠대학,hasPart,캠퍼스와 단과대학의 관계
85,Campus,Camp004,강원대_춘천캠퍼스,College,Coll004,강원대_인문대학,hasPart,캠퍼스와 단과대학의 관계
86,Campus,Camp005,건국대_서울캠퍼스,College,Coll005,건국대_문과대학,hasPart,캠퍼스와 단과대학의 관계
87,Campus,Camp006,경기대_수원캠퍼스,College,Coll006,경기대_인문대학,hasPart,캠퍼스와 단과대학의 관계
88,Campus,Camp007,경북대_대구캠퍼스,College,Coll007,경북대_인문대학,hasPart,캠퍼스와 단과대학의 관계
89,Campus,Camp008,경상국립대_가좌캠퍼스,College,Coll008,경상국립대_인문대학,hasPart,캠퍼스와 단과대학의 관계
90,Campus,Camp009,경성대_본교,College,Coll009,경성대_인문사회대학,hasPart,캠퍼스와 단과대학의 관계
91,Campus,Camp010,경희대_국제캠퍼스,College,Coll010,경희대_외국어대학,hasPart,캠퍼스와 단과대학의 관계
92,Campus,Camp011,계명대_성서캠퍼스,College,Coll011,계명대_인문국제대학,hasPart,캠퍼스와 단과대학의 관계
93,Campus,Camp012,고려대_서울캠퍼스,College,Coll012,고려대_문과대학,hasPart,캠퍼스와 단과대학의 관계
94,Campus,Camp013,고려대_세종캠퍼스,College,Coll013,고려대_글로벌비즈니스대학,hasPart,캠퍼스와 단과대학의 관계
95,Campus,Camp014,국립강릉원주대_강릉캠퍼스,College,Coll014,국립강릉원주대_인문대학,hasPart,캠퍼스와 단과대학의 관계
96,Campus,Camp015,국립공주대_공주캠퍼스,College,Coll015,국립공주대_인문사회과학대학,hasPart,캠퍼스와 단과대학의 관계
97,Campus,Camp016,국립군산대_미룡캠퍼스,College,Coll016,국립군산대_인문콘텐츠융합대학,hasPart,캠퍼스와 단과대학의 관계
98,Campus,Camp017,국립목포대_도림캠퍼스,College,Coll017,국립목포대_인문대학,hasPart,캠퍼스와 단과대학의 관계
99,Campus,Camp018,국립부경대_대연캠퍼스,College,Coll018,국립부경대_인문사회과학대학,hasPart,캠퍼스와 단과대학의 관계
100,Campus,Camp019,국립순천대_본교,College,Coll019,국립순천대_애니메이션문화콘텐츠스쿨,hasPart,캠퍼스와 단과대학의 관계
101,Campus,Camp020,국립창원대_창원캠퍼스,College,Coll020,국립창원대_사회과학대학,hasPart,캠퍼스와 단과대학의 관계
102,Campus,Camp021,국립한밭대_유성덕명캠퍼스,College,Coll021,국립한밭대_인문사회대학,hasPart,캠퍼스와 단과대학의 관계
103,Campus,Camp022,국민대_본교,College,Coll022,국민대_글로벌인문·지역대학,hasPart,캠퍼스와 단과대학의 관계
104,Campus,Camp023,단국대_천안캠퍼스,College,Coll023,단국대_외국어대학,hasPart,캠퍼스와 단과대학의 관계
105,Campus,Camp024,대진대_본교,College,Coll024,대진대_글로벌산업통상대학,hasPart,캠퍼스와 단과대학의 관계
106,Campus,Camp025,덕성여자대_쌍문캠퍼스,College,Coll025,덕성여자대_글로벌융합대학,hasPart,캠퍼스와 단과대학의 관계
107,Campus,Camp026,동국대_서울캠퍼스,College,Coll026,동국대_문과대학,hasPart,캠퍼스와 단과대학의 관계
108,Campus,Camp027,동국대_WISE캠퍼스,College,Coll027,동국대_글로컬문화융합대학,hasPart,캠퍼스와 단과대학의 관계
109,Campus,Camp028,동덕여자대_본교,College,Coll028,동덕여자대_인문대학,hasPart,캠퍼스와 단과대학의 관계
110,Campus,Camp029,동서대_주례캠퍼스,College,Coll029,동서대_글로벌관광대학,hasPart,캠퍼스와 단과대학의 관계
111,Campus,Camp030,동아대_부민캠퍼스,College,Coll030,동아대_국제대학,hasPart,캠퍼스와 단과대학의 관계
112,Campus,Camp031,동의대_가야캠퍼스,College,Coll031,동의대_인문사회과학대학,hasPart,캠퍼스와 단과대학의 관계
113,Campus,Camp032,명지대_인문캠퍼스,College,Coll032,명지대_인문대학,hasPart,캠퍼스와 단과대학의 관계
114,Campus,Camp033,부산대_부산캠퍼스,College,Coll033,부산대_인문대학,hasPart,캠퍼스와 단과대학의 관계
115,Campus,Camp034,부산외국어대_본교,College,Coll034,부산외국어대_아시아대학,hasPart,캠퍼스와 단과대학의 관계
116,Campus,Camp035,삼육대_본교,College,Coll035,삼육대_창의융합대학,hasPart,캠퍼스와 단과대학의 관계
117,Campus,Camp036,상명대_천안캠퍼스,College,Coll036,상명대_글로벌인문학부대학,hasPart,캠퍼스와 단과대학의 관계
118,Campus,Camp037,서강대_본교,College,Coll037,서강대_인문대학,hasPart,캠퍼스와 단과대학의 관계
119,Campus,Camp038,서울대_관악캠퍼스,College,Coll038,서울대_인문대학,hasPart,캠퍼스와 단과대학의 관계
120,Campus,Camp039,서울시립대_본교,College,Coll039,서울시립대_인문대학,hasPart,캠퍼스와 단과대학의 관계
121,Campus,Camp041,서울여자대_본교,College,Coll040,서울여자대_인문대학,hasPart,캠퍼스와 단과대학의 관계
122,Campus,Camp042,선문대_아산캠퍼스,College,Coll041,선문대_글로벌비즈니스대학,hasPart,캠퍼스와 단과대학의 관계
123,Campus,Camp043,성결대_본교,College,Coll042,성결대_인문대학,hasPart,캠퍼스와 단과대학의 관계
124,Campus,Camp044,성공회대_본교,College,Coll043,성공회대_나눔융합전공대학,hasPart,캠퍼스와 단과대학의 관계
125,Campus,Camp045,성균관대_인문사회과학캠퍼스,College,Coll044,성균관대_문과대학,hasPart,캠퍼스와 단과대학의 관계
126,Campus,Camp046,성신여자대_돈암수정캠퍼스,College,Coll045,성신여자대_인문융합예술대학,hasPart,캠퍼스와 단과대학의 관계
127,Campus,Camp047,세명대_본교,College,Coll046,세명대_인문예술대학,hasPart,캠퍼스와 단과대학의 관계
128,Campus,Camp048,수원대_본교,College,Coll047,수원대_인문사회융합대학,hasPart,캠퍼스와 단과대학의 관계
129,Campus,Camp049,숙명여자대_본교,College,Coll048,숙명여자대_문과대학,hasPart,캠퍼스와 단과대학의 관계
130,Campus,Camp050,순천향대_본교,College,Coll049,순천향대_SCH미디어랩스,hasPart,캠퍼스와 단과대학의 관계
131,Campus,Camp051,숭실대_본교,College,Coll050,숭실대_인문대학,hasPart,캠퍼스와 단과대학의 관계
132,Campus,Camp052,안양대_안양캠퍼스,College,Coll051,안양대_인문대학,hasPart,캠퍼스와 단과대학의 관계
133,Campus,Camp053,연세대_신촌캠퍼스,College,Coll052,연세대_문과대학,hasPart,캠퍼스와 단과대학의 관계
134,Campus,Camp054,영남대_경산캠퍼스,College,Coll053,영남대_글로벌인재대학,hasPart,캠퍼스와 단과대학의 관계
135,Campus,Camp055,용인대_본교,College,Coll054,용인대_인문사회융합대학,hasPart,캠퍼스와 단과대학의 관계
136,Campus,Camp056,울산대_본교,College,Coll055,울산대_인문예술대학,hasPart,캠퍼스와 단과대학의 관계
137,Campus,Camp057,이화여자대_신촌캠퍼스,College,Coll056,이화여자대_인문과학대학,hasPart,캠퍼스와 단과대학의 관계
138,Campus,Camp058,인천대_송도캠퍼스,College,Coll057,인천대_인문대학,hasPart,캠퍼스와 단과대학의 관계
139,Campus,Camp059,인하대_용현캠퍼스,College,Coll058,인하대_문과대학,hasPart,캠퍼스와 단과대학의 관계
140,Campus,Camp060,전남대_광주캠퍼스,College,Coll059,전남대_인문대학,hasPart,캠퍼스와 단과대학의 관계
141,Campus,Camp061,전남대_여수캠퍼스,College,Coll060,전남대_문화사회과학대학,hasPart,캠퍼스와 단과대학의 관계
142,Campus,Camp062,전북대_전주캠퍼스,College,Coll061,전북대_인문대학,hasPart,캠퍼스와 단과대학의 관계
143,Campus,Camp063,전주대_본교,College,Coll062,전주대_인문콘텐츠대학,hasPart,캠퍼스와 단과대학의 관계
144,Campus,Camp064,제주대_아라캠퍼스,College,Coll063,제주대_인문대학,hasPart,캠퍼스와 단과대학의 관계
145,Campus,Camp065,조선대_본교,College,Coll064,조선대_글로벌인문대학,hasPart,캠퍼스와 단과대학의 관계
146,Campus,Camp066,중앙대_서울캠퍼스,College,Coll065,중앙대_인문대학,hasPart,캠퍼스와 단과대학의 관계
147,Campus,Camp067,창신대_본교,College,Coll066,창신대_스마트휴먼대학,hasPart,캠퍼스와 단과대학의 관계
148,Campus,Camp068,충남대_대덕캠퍼스,College,Coll067,충남대_인문대학,hasPart,캠퍼스와 단과대학의 관계
149,Campus,Camp069,충북대_개신캠퍼스,College,Coll068,충북대_인문대학,hasPart,캠퍼스와 단과대학의 관계
150,Campus,Camp070,평택대_본교,College,Coll069,평택대_국제비즈니스대학,hasPart,캠퍼스와 단과대학의 관계
151,Campus,Camp071,한국교원대_본교,College,Coll070,한국교원대_제2대학,hasPart,캠퍼스와 단과대학의 관계
152,Campus,Camp072,국립한국교통대_충주캠퍼스,College,Coll071,국립한국교통대_인문대학,hasPart,캠퍼스와 단과대학의 관계
153,Campus,Camp073,한국외국어대_서울캠퍼스,College,Coll072,한국외국어대_중국학대학,hasPart,캠퍼스와 단과대학의 관계
154,Campus,Camp073,한국외국어대_서울캠퍼스,College,Coll073,한국외국어대_사범대학,hasPart,캠퍼스와 단과대학의 관계
155,Campus,Camp074,한남대_오정캠퍼스,College,Coll074,한남대_경상대학,hasPart,캠퍼스와 단과대학의 관계
156,Campus,Camp075,한림대_본교,College,Coll075,한림대_인문대학,hasPart,캠퍼스와 단과대학의 관계
157,Campus,Camp078,한신대_경기캠퍼스,College,Coll076,한신대_인문융합대학,hasPart,캠퍼스와 단과대학의 관계
158,Campus,Camp078,한신대_경기캠퍼스,College,Coll077,한신대_글로벌융합대학,hasPart,캠퍼스와 단과대학의 관계
159,Campus,Camp079,한양대_서울캠퍼스,College,Coll078,한양대_인문과학대학,hasPart,캠퍼스와 단과대학의 관계
160,Campus,Camp080,협성대_본교,College,Coll079,협성대_인문사회과학대학,hasPart,캠퍼스와 단과대학의 관계
161,Campus,Camp081,호서대_천안캠퍼스,College,Coll080,호서대_글로벌융합대학,hasPart,캠퍼스와 단과대학의 관계
162,Campus,Camp040,서울신학대_본교,Faculty,Facu012,서울신학대_아시아문화콘텐츠학부,hasPart,캠퍼스와 학부의 관계
163,Campus,Camp076,한서대_서산캠퍼스,Faculty,Facu025,한서대_항공관광학부,hasPart,캠퍼스와 학부의 관계
164,Campus,Camp077,한세대_본교,Faculty,Facu026,한세대_언어학부,hasPart,캠퍼스와 학부의 관계
165,College,Coll006,경기대_인문대학,Faculty,Facu001,경기대_글로벌어문학부,hasPart,단과대학과 학부의 관계
166,College,Coll013,고려대_글로벌비즈니스대학,Faculty,Facu002,고려대_글로벌학부,hasPart,단과대학과 학부의 관계
167,College,Coll017,국립목포대_인문대학,Faculty,Facu003,국립목포대_글로벌커뮤니케이션학부,hasPart,단과대학과 학부의 관계
168,College,Coll022,국민대_글로벌인문·지역대학,Faculty,Facu004,국민대_중국학부,hasPart,단과대학과 학부의 관계
169,College,Coll023,단국대_외국어대학,Faculty,Facu005,단국대_아시아중동학부,hasPart,단과대학과 학부의 관계
170,College,Coll024,대진대_글로벌산업통상대학,Faculty,Facu006,대진대_국제학부,hasPart,단과대학과 학부의 관계
171,College,Coll027,동국대_글로컬문화융합대학,Faculty,Facu007,동국대_글로벌어문학부,hasPart,단과대학과 학부의 관계
172,College,Coll028,동덕여자대_인문대학,Faculty,Facu008,동덕여자대_글로벌지역학부,hasPart,단과대학과 학부의 관계
173,College,Coll032,명지대_인문대학,Faculty,Facu009,명지대_아시아·중동어문학부,hasPart,단과대학과 학부의 관계
174,College,Coll034,부산외국어대_아시아대학,Faculty,Facu010,부산외국어대_중국학부,hasPart,단과대학과 학부의 관계
175,College,Coll035,삼육대_창의융합대학,Faculty,Facu011,삼육대_항공관광외국어학부,hasPart,단과대학과 학부의 관계
176,College,Coll041,선문대_글로벌비즈니스대학,Faculty,Facu013,선문대_외국어학부,hasPart,단과대학과 학부의 관계
177,College,Coll043,성공회대_나눔융합전공대학,Faculty,Facu014,성공회대_인문융합콘텐츠학부,hasPart,단과대학과 학부의 관계
178,College,Coll046,세명대_인문예술대학,Faculty,Facu015,세명대_외국어학부,hasPart,단과대학과 학부의 관계
179,College,Coll053,영남대_글로벌인재대학,Faculty,Facu016,영남대_글로벌통번역학부,hasPart,단과대학과 학부의 관계
180,College,Coll055,울산대_인문예술대학,Faculty,Facu017,울산대_글로벌인문학부,hasPart,단과대학과 학부의 관계
181,College,Coll060,전남대_문화사회과학대학,Faculty,Facu018,전남대_국제학부,hasPart,단과대학과 학부의 관계
182,College,Coll064,조선대_글로벌인문대학,Faculty,Facu019,조선대_아시아언어문화학부,hasPart,단과대학과 학부의 관계
183,College,Coll065,중앙대_인문대학,Faculty,Facu020,중앙대_아시아문화학부,hasPart,단과대학과 학부의 관계
184,College,Coll069,평택대_국제비즈니스대학,Faculty,Facu021,평택대_국제지역학부,hasPart,단과대학과 학부의 관계
185,College,Coll072,한국외국어대_중국학대학,Faculty,Facu022,한국외국어대_중국언어문화학부,hasPart,단과대학과 학부의 관계
186,College,Coll072,한국외국어대_중국학대학,Faculty,Facu023,한국외국어대_중국외교통상학부,hasPart,단과대학과 학부의 관계
187,College,Coll073,한국외국어대_사범대학,Faculty,Facu024,한국외국어대_외국어교육학부,hasPart,단과대학과 학부의 관계
188,College,Coll001,가천대_AI인문대학,Department,Depa001,가천대_중국어문학과,hasPart,단과대학과 학과의 관계
189,College,Coll002,가톨릭대_인문사회계열,Department,Depa002,가톨릭대_중국언어문화학과,hasPart,단과대학과 학과의 관계
190,College,Coll003,강남대_글로벌문화콘텐츠대학,Department,Depa003,강남대_중국콘텐츠비즈니스학과,hasPart,단과대학과 학과의 관계
191,College,Coll005,건국대_문과대학,Department,Depa004,건국대_중어중문학과,hasPart,단과대학과 학과의 관계
192,College,Coll007,경북대_인문대학,Department,Depa005,경북대_중어중문학과,hasPart,단과대학과 학과의 관계
193,College,Coll008,경상국립대_인문대학,Department,Depa006,경상국립대_중어중문학과,hasPart,단과대학과 학과의 관계
194,College,Coll009,경성대_인문사회대학,Department,Depa007,경성대_중국학과,hasPart,단과대학과 학과의 관계
195,College,Coll010,경희대_외국어대학,Department,Depa008,경희대_중국어학과,hasPart,단과대학과 학과의 관계
196,College,Coll011,계명대_인문국제대학,Department,Depa009,계명대_중국어중국학과,hasPart,단과대학과 학과의 관계
197,College,Coll012,고려대_문과대학,Department,Depa010,고려대_중어중문학과,hasPart,단과대학과 학과의 관계
198,College,Coll014,국립강릉원주대_인문대학,Department,Depa011,국립강릉원주대_중어중문학과,hasPart,단과대학과 학과의 관계
199,College,Coll015,국립공주대_인문사회과학대학,Department,Depa012,국립공주대_중어중문학과,hasPart,단과대학과 학과의 관계
200,College,Coll016,국립군산대_인문콘텐츠융합대학,Department,Depa013,국립군산대_중어중문학과,hasPart,단과대학과 학과의 관계
201,College,Coll018,국립부경대_인문사회과학대학,Department,Depa014,국립부경대_중국학과,hasPart,단과대학과 학과의 관계
202,College,Coll020,국립창원대_사회과학대학,Department,Depa015,국립창원대_중국학과,hasPart,단과대학과 학과의 관계
203,College,Coll021,국립한밭대_인문사회대학,Department,Depa016,국립한밭대_중국어과,hasPart,단과대학과 학과의 관계
204,College,Coll026,동국대_문과대학,Department,Depa017,동국대_중어중문학과,hasPart,단과대학과 학과의 관계
205,College,Coll029,동서대_글로벌관광대학,Department,Depa019,동서대_중국어학과,hasPart,단과대학과 학과의 관계
206,College,Coll030,동아대_국제대학,Department,Depa020,동아대_중국학과,hasPart,단과대학과 학과의 관계
207,College,Coll031,동의대_인문사회과학대학,Department,Depa021,동의대_중어중국학과,hasPart,단과대학과 학과의 관계
208,College,Coll033,부산대_인문대학,Department,Depa022,부산대_중어중문학과,hasPart,단과대학과 학과의 관계
209,College,Coll037,서강대_인문대학,Department,Depa023,서강대_중국문화학과,hasPart,단과대학과 학과의 관계
210,College,Coll038,서울대_인문대학,Department,Depa024,서울대_중어중문학과,hasPart,단과대학과 학과의 관계
211,College,Coll039,서울시립대_인문대학,Department,Depa025,서울시립대_중국어문화학과,hasPart,단과대학과 학과의 관계
212,College,Coll040,서울여자대_인문대학,Department,Depa027,서울여자대_중어중문학과,hasPart,단과대학과 학과의 관계
213,College,Coll042,성결대_인문대학,Department,Depa028,성결대_중어중문학과,hasPart,단과대학과 학과의 관계
214,College,Coll044,성균관대_문과대학,Department,Depa029,성균관대_중어중문학과,hasPart,단과대학과 학과의 관계
215,College,Coll045,성신여자대_인문융합예술대학,Department,Depa030,성신여자대_중국어문·문화학과,hasPart,단과대학과 학과의 관계
216,College,Coll048,숙명여자대_문과대학,Department,Depa031,숙명여자대_중어중문학부,hasPart,단과대학과 학과의 관계
217,College,Coll049,순천향대_SCH미디어랩스,Department,Depa032,순천향대_중국학과,hasPart,단과대학과 학과의 관계
218,College,Coll050,숭실대_인문대학,Department,Depa033,숭실대_중어중문학과,hasPart,단과대학과 학과의 관계
219,College,Coll051,안양대_인문대학,Department,Depa034,안양대_중국언어문화학과,hasPart,단과대학과 학과의 관계
220,College,Coll052,연세대_문과대학,Department,Depa035,연세대_중어중문학과,hasPart,단과대학과 학과의 관계
221,College,Coll053,영남대_글로벌인재대학,Department,Depa036,영남대_중국언어문화학과,hasPart,단과대학과 학과의 관계
222,College,Coll054,용인대_인문사회융합대학,Department,Depa037,용인대_중국학과,hasPart,단과대학과 학과의 관계
223,College,Coll056,이화여자대_인문과학대학,Department,Depa038,이화여자대_중어중문학과,hasPart,단과대학과 학과의 관계
224,College,Coll057,인천대_인문대학,Department,Depa039,인천대_중어중국학과,hasPart,단과대학과 학과의 관계
225,College,Coll058,인하대_문과대학,Department,Depa040,인하대_중국학과,hasPart,단과대학과 학과의 관계
226,College,Coll059,전남대_인문대학,Department,Depa041,전남대_중어중문학과,hasPart,단과대학과 학과의 관계
227,College,Coll061,전북대_인문대학,Department,Depa042,전북대_중어중문학과,hasPart,단과대학과 학과의 관계
228,College,Coll062,전주대_인문콘텐츠대학,Department,Depa043,전주대_중국어중국학과,hasPart,단과대학과 학과의 관계
229,College,Coll063,제주대_인문대학,Department,Depa044,제주대_중어중문학과,hasPart,단과대학과 학과의 관계
230,College,Coll066,창신대_스마트휴먼대학,Department,Depa045,창신대_중국비즈니스학과,hasPart,단과대학과 학과의 관계
231,College,Coll066,창신대_스마트휴먼대학,Department,Depa045,창신대_중국비즈니스학과,hasPart,단과대학과 학과의 관계
232,College,Coll067,충남대_인문대학,Department,Depa046,충남대_중어중문학과,hasPart,단과대학과 학과의 관계
233,College,Coll068,충북대_인문대학,Department,Depa047,충북대_중어중문학과,hasPart,단과대학과 학과의 관계
234,College,Coll070,한국교원대_제2대학,Department,Depa048,한국교원대_중국어교육과,hasPart,단과대학과 학과의 관계
235,College,Coll071,국립한국교통대_인문대학,Department,Depa049,국립한국교통대_중국어학과,hasPart,단과대학과 학과의 관계
236,College,Coll074,한남대_경상대학,Department,Depa050,한남대_중국경제통상학과,hasPart,단과대학과 학과의 관계
237,College,Coll075,한림대_인문대학,Department,Depa051,한림대_중국학과,hasPart,단과대학과 학과의 관계
238,College,Coll076,한신대_인문융합대학,Department,Depa054,한신대_중국어문화콘텐츠학,hasPart,단과대학과 학과의 관계
239,College,Coll077,한신대_글로벌융합대학,Department,Depa055,한신대_동아시아통상학,hasPart,단과대학과 학과의 관계
240,College,Coll078,한양대_인문과학대학,Department,Depa056,한양대_중어중문학과,hasPart,단과대학과 학과의 관계
241,College,Coll079,협성대_인문사회과학대학,Department,Depa057,협성대_중국어문화학과,hasPart,단과대학과 학과의 관계
242,College,Coll080,호서대_글로벌융합대학,Department,Depa058,호서대_중국학과,hasPart,단과대학과 학과의 관계
243,College,Coll004,강원대_인문대학,Major,Majo001,강원대_중어중문학전공,hasPart,단과대학과 전공의 관계
244,College,Coll019,국립순천대_애니메이션문화콘텐츠스쿨,Major,Majo005,국립순천대_글로벌중국학전공,hasPart,단과대학과 전공의 관계
245,College,Coll025,덕성여자대_글로벌융합대학,Major,Majo010,덕성여자대_중어중문학전공,hasPart,단과대학과 전공의 관계
246,College,Coll036,상명대_글로벌인문학부대학,Major,Majo016,상명대_중국어권지역학전공,hasPart,단과대학과 전공의 관계
247,College,Coll047,수원대_인문사회융합대학,Major,Majo020,수원대_중국언어문화,hasPart,단과대학과 전공의 관계
248,Faculty,Facu007,동국대_글로벌어문학부,Department,Depa018,동국대_중어중문학과(W),hasPart,학부와 학과의 관계
249,Faculty,Facu012,서울신학대_아시아문화콘텐츠학부,Department,Depa026,서울신학대_중국언어문화콘텐츠학과,hasPart,학부와 학과의 관계
250,Faculty,Facu025,한서대_항공관광학부,Department,Depa052,한서대_항공외국어학과,hasPart,학부와 학과의 관계
251,Faculty,Facu026,한세대_언어학부,Department,Depa053,한세대_중국어학과,hasPart,학부와 학과의 관계
252,Faculty,Facu001,경기대_글로벌어문학부,Major,Majo002,경기대_중어중문전공,hasPart,학부와 전공의 관계
253,Faculty,Facu002,고려대_글로벌학부,Major,Majo003,고려대_중국학전공,hasPart,학부와 전공의 관계
254,Faculty,Facu003,국립목포대_글로벌커뮤니케이션학부,Major,Majo004,국립목포대_동아시아문화전공,hasPart,학부와 전공의 관계
255,Faculty,Facu004,국민대_중국학부,Major,Majo006,국민대_중국어문전공,hasPart,학부와 전공의 관계
256,Faculty,Facu004,국민대_중국학부,Major,Majo007,국민대_중국정경전공,hasPart,학부와 전공의 관계
257,Faculty,Facu005,단국대_아시아중동학부,Major,Majo008,단국대_중국학전공,hasPart,학부와 전공의 관계
258,Faculty,Facu006,대진대_국제학부,Major,Majo009,대진대_중국학전공,hasPart,학부와 전공의 관계
259,Faculty,Facu008,동덕여자대_글로벌지역학부,Major,Majo011,동덕여자대_중어중국학전공,hasPart,학부와 전공의 관계
260,Faculty,Facu009,명지대_아시아·중동어문학부,Major,Majo012,명지대_중어중문학전공,hasPart,학부와 전공의 관계
261,Faculty,Facu010,부산외국어대_중국학부,Major,Majo013,부산외국어대_중국어전공,hasPart,학부와 전공의 관계
262,Faculty,Facu010,부산외국어대_중국학부,Major,Majo014,부산외국어대_중국지역통상전공,hasPart,학부와 전공의 관계
263,Faculty,Facu011,삼육대_항공관광외국어학부,Major,Majo015,삼육대_동양어문화전공,hasPart,학부와 전공의 관계
264,Faculty,Facu013,선문대_외국어학부,Major,Majo017,선문대_중국어문화전공,hasPart,학부와 전공의 관계
265,Faculty,Facu014,성공회대_인문융합콘텐츠학부,Major,Majo018,성공회대_중어중국학전공,hasPart,학부와 전공의 관계
266,Faculty,Facu015,세명대_외국어학부,Major,Majo019,세명대_중국언어문화전공,hasPart,학부와 전공의 관계
267,Faculty,Facu016,영남대_글로벌통번역학부,Major,Majo021,영남대_응용중국어통번역전공,hasPart,학부와 전공의 관계
268,Faculty,Facu018,전남대_국제학부,Major,Majo022,전남대_중국학전공,hasPart,학부와 전공의 관계
269,Faculty,Facu019,조선대_아시아언어문화학부,Major,Majo023,조선대_중국어문화학전공,hasPart,학부와 전공의 관계
270,Faculty,Facu020,중앙대_아시아문화학부,Major,Majo024,중앙대_중국어문학전공,hasPart,학부와 전공의 관계
271,Faculty,Facu021,평택대_국제지역학부,Major,Majo025,평택대_중국학전공,hasPart,학부와 전공의 관계
272,Faculty,Facu022,한국외국어대_중국언어문화학부,Major,Majo026,한국외국어대_중국언어문화전공,hasPart,학부와 전공의 관계
273,Faculty,Facu022,한국외국어대_중국언어문화학부,Major,Majo027,한국외국어대_차이나데이터큐레이션전공,hasPart,학부와 전공의 관계
274,Faculty,Facu023,한국외국어대_중국외교통상학부,Major,Majo028,한국외국어대_중국외교통상전공,hasPart,학부와 전공의 관계
275,Faculty,Facu024,한국외국어대_외국어교육학부,Major,Majo029,한국외국어대_중국어교육전공,hasPart,학부와 전공의 관계
276,Faculty,Facu017,울산대_글로벌인문학부,Track,Trac001,울산대_중국어·중국학트랙,hasPart,학부와 트랙의 관계
277,Faculty,Facu022,한국외국어대_중국언어문화학부,EduGoal,EduG076,한국외국어대_중국언어문화학부_교육목표,hasContent,학부와 교육목표의 관계
278,Department,Depa023,서강대_중국문화학과,Major,Majo032,서강대_문화학전공,hasPart,학과와 전공의 관계
279,Department,Depa023,서강대_중국문화학과,Major,Majo033,서강대_지역학전공,hasPart,학과와 전공의 관계
280,Department,Depa054,한신대_중국어문화콘텐츠학,Major,Majo030,한신대_중국어문전공,hasPart,학과와 전공의 관계
281,Department,Depa054,한신대_중국어문화콘텐츠학,Major,Majo031,한신대_한중콘텐츠전공,hasPart,학과와 전공의 관계
282,Department,Depa058,호서대_중국학과,Track,Trac002,호서대_중국사회문화트랙,hasPart,학과와 트랙의 관계
283,Department,Depa058,호서대_중국학과,Track,Trac003,호서대_중국비즈니스트랙,hasPart,학과와 트랙의 관계
284,Department,Depa001,가천대_중국어문학과,EduGoal,EduG001,가천대_중국어문학과_교육목표,hasContent,학과와 교육목표의 관계
285,Department,Depa002,가톨릭대_중국언어문화학과,EduGoal,EduG002,가톨릭대_중국언어문화학과_교육목표,hasContent,학과와 교육목표의 관계
286,Department,Depa003,강남대_중국콘텐츠비즈니스학과,EduGoal,EduG003,강남대_중국콘텐츠비즈니스학과_교육목표,hasContent,학과와 교육목표의 관계
287,Department,Depa004,건국대_중어중문학과,EduGoal,EduG005,건국대_중어중문학과_교육목표,hasContent,학과와 교육목표의 관계
288,Department,Depa005,경북대_중어중문학과,EduGoal,EduG007,경북대_중어중문학과_교육목표,hasContent,학과와 교육목표의 관계
289,Department,Depa006,경상국립대_중어중문학과,EduGoal,EduG008,경상국립대_중어중문학과_교육목표,hasContent,학과와 교육목표의 관계
290,Department,Depa007,경성대_중국학과,EduGoal,EduG009,경성대_중국학과_교육목표,hasContent,학과와 교육목표의 관계
291,Department,Depa008,경희대_중국어학과,EduGoal,EduG010,경희대_중국어학과_교육목표,hasContent,학과와 교육목표의 관계
292,Department,Depa009,계명대_중국어중국학과,EduGoal,EduG011,계명대_중국어중국학과_교육목표,hasContent,학과와 교육목표의 관계
293,Department,Depa010,고려대_중어중문학과,EduGoal,EduG012,고려대_중어중문학과_교육목표,hasContent,학과와 교육목표의 관계
294,Department,Depa011,국립강릉원주대_중어중문학과,EduGoal,EduG014,국립강릉원주대_중어중문학과_교육목표,hasContent,학과와 교육목표의 관계
295,Department,Depa012,국립공주대_중어중문학과,EduGoal,EduG015,국립공주대_중어중문학과_교육목표,hasContent,학과와 교육목표의 관계
296,Department,Depa013,국립군산대_중어중문학과,EduGoal,EduG016,국립군산대_중어중문학과_교육목표,hasContent,학과와 교육목표의 관계
297,Department,Depa014,국립부경대_중국학과,EduGoal,EduG018,국립부경대_중국학과_교육목표,hasContent,학과와 교육목표의 관계
298,Department,Depa015,국립창원대_중국학과,EduGoal,EduG020,국립창원대_중국학과_교육목표,hasContent,학과와 교육목표의 관계
299,Department,Depa016,국립한밭대_중국어과,EduGoal,EduG021,국립한밭대_중국어과_교육목표,hasContent,학과와 교육목표의 관계
300,Department,Depa017,동국대_중어중문학과,EduGoal,EduG027,동국대_중어중문학과_교육목표,hasContent,학과와 교육목표의 관계
301,Department,Depa018,동국대_중어중문학과(W),EduGoal,EduG028,동국대_중어중문학과_교육목표,hasContent,학과와 교육목표의 관계
302,Department,Depa019,동서대_중국어학과,EduGoal,EduG030,동서대_중국어학과_교육목표,hasContent,학과와 교육목표의 관계
303,Department,Depa020,동아대_중국학과,EduGoal,EduG031,동아대_중국학과_교육목표,hasContent,학과와 교육목표의 관계
304,Department,Depa021,동의대_중어중국학과,EduGoal,EduG032,동의대_중어중국학과_교육목표,hasContent,학과와 교육목표의 관계
305,Department,Depa022,부산대_중어중문학과,EduGoal,EduG034,부산대_중어중문학과_교육목표,hasContent,학과와 교육목표의 관계
306,Department,Depa023,서강대_중국문화학과,EduGoal,EduG039,서강대_중국문화학과_교육목표,hasContent,학과와 교육목표의 관계
307,Department,Depa024,서울대_중어중문학과,EduGoal,EduG040,서울대_중어중문학과_교육목표,hasContent,학과와 교육목표의 관계
308,Department,Depa025,서울시립대_중국어문화학과,EduGoal,EduG041,서울시립대_중국어문화학과_교육목표,hasContent,학과와 교육목표의 관계
309,Department,Depa026,서울신학대_중국언어문화콘텐츠학과,EduGoal,EduG042,서울신학대_중국언어문화콘텐츠학과_교육목표,hasContent,학과와 교육목표의 관계
310,Department,Depa027,서울여자대_중어중문학과,EduGoal,EduG043,서울여자대_중어중문학과_교육목표,hasContent,학과와 교육목표의 관계
311,Department,Depa028,성결대_중어중문학과,EduGoal,EduG045,성결대_중어중문학과_교육목표,hasContent,학과와 교육목표의 관계
312,Department,Depa029,성균관대_중어중문학과,EduGoal,EduG047,성균관대_중어중문학과_교육목표,hasContent,학과와 교육목표의 관계
313,Department,Depa030,성신여자대_중국어문·문화학과,EduGoal,EduG048,성신여자대_중국어문·문화학과_교육목표,hasContent,학과와 교육목표의 관계
314,Department,Depa031,숙명여자대_중어중문학부,EduGoal,EduG051,숙명여자대_중어중문학부_교육목표,hasContent,학과와 교육목표의 관계
315,Department,Depa032,순천향대_중국학과,EduGoal,EduG052,순천향대_중국학과_교육목표,hasContent,학과와 교육목표의 관계
316,Department,Depa033,숭실대_중어중문학과,EduGoal,EduG053,숭실대_중어중문학과_교육목표,hasContent,학과와 교육목표의 관계
317,Department,Depa034,안양대_중국언어문화학과,EduGoal,EduG054,안양대_중국언어문화학과_교육목표,hasContent,학과와 교육목표의 관계
318,Department,Depa035,연세대_중어중문학과,EduGoal,EduG055,연세대_중어중문학과_교육목표,hasContent,학과와 교육목표의 관계
319,Department,Depa036,영남대_중국언어문화학과,EduGoal,EduG056,영남대_중국언어문화학과_교육목표,hasContent,학과와 교육목표의 관계
320,Department,Depa037,용인대_중국학과,EduGoal,EduG058,용인대_중국학과_교육목표,hasContent,학과와 교육목표의 관계
321,Department,Depa038,이화여자대_중어중문학과,EduGoal,EduG060,이화여자대_중어중문학과_교육목표,hasContent,학과와 교육목표의 관계
322,Department,Depa039,인천대_중어중국학과,EduGoal,EduG061,인천대_중어중국학과_교육목표,hasContent,학과와 교육목표의 관계
323,Department,Depa040,인하대_중국학과,EduGoal,EduG062,인하대_중국학과_교육목표,hasContent,학과와 교육목표의 관계
324,Department,Depa041,전남대_중어중문학과,EduGoal,EduG063,전남대_중어중문학과_교육목표,hasContent,학과와 교육목표의 관계
325,Department,Depa042,전북대_중어중문학과,EduGoal,EduG065,전북대_중어중문학과_교육목표,hasContent,학과와 교육목표의 관계
326,Department,Depa043,전주대_중국어중국학과,EduGoal,EduG066,전주대_중국어중국학과_교육목표,hasContent,학과와 교육목표의 관계
327,Department,Depa044,제주대_중어중문학과,EduGoal,EduG067,제주대_중어중문학과_교육목표,hasContent,학과와 교육목표의 관계
328,Department,Depa045,창신대_중국비즈니스학과,EduGoal,EduG070,창신대_중국비즈니스학과_교육목표,hasContent,학과와 교육목표의 관계
329,Department,Depa046,충남대_중어중문학과,EduGoal,EduG071,충남대_중어중문학과_교육목표,hasContent,학과와 교육목표의 관계
330,Department,Depa047,충북대_중어중문학과,EduGoal,EduG072,충북대_중어중문학과_교육목표,hasContent,학과와 교육목표의 관계
331,Department,Depa048,한국교원대_중국어교육과,EduGoal,EduG074,한국교원대_중국어교육과_교육목표,hasContent,학과와 교육목표의 관계
332,Department,Depa049,국립한국교통대_중국어학과,EduGoal,EduG075,국립한국교통대_중국어학과_교육목표,hasContent,학과와 교육목표의 관계
333,Department,Depa050,한남대_중국경제통상학과,EduGoal,EduG079,한남대_중국경제통상학과_교육목표,hasContent,학과와 교육목표의 관계
334,Department,Depa051,한림대_중국학과,EduGoal,EduG080,한림대_중국학과_교육목표,hasContent,학과와 교육목표의 관계
335,Department,Depa052,한서대_항공외국어학과,EduGoal,EduG081,한서대_항공외국어학과_교육목표,hasContent,학과와 교육목표의 관계
336,Department,Depa053,한세대_중국어학과,EduGoal,EduG082,한세대_중국어학과_교육목표,hasContent,학과와 교육목표의 관계
337,Department,Depa055,한신대_동아시아통상학,EduGoal,EduG085,한신대_동아시아통상학_교육목표,hasContent,학과와 교육목표의 관계
338,Department,Depa056,한양대_중어중문학과,EduGoal,EduG086,한양대_중어중문학과_교육목표,hasContent,학과와 교육목표의 관계
339,Department,Depa057,협성대_중국어문화학과,EduGoal,EduG087,협성대_중국어문화학과_교육목표,hasContent,학과와 교육목표의 관계
340,Department,Depa058,호서대_중국학과,EduGoal,EduG088,호서대_중국학과_교육목표,hasContent,학과와 교육목표의 관계
341,Department,Depa001,가천대_중국어문학과,Course,Cour0001,인성세미나,offers,학과와 교육과정(교과목)의 관계
342,Department,Depa001,가천대_중국어문학과,Course,Cour0002,CollegeEnglishⅠ,offers,학과와 교육과정(교과목)의 관계
343,Department,Depa001,가천대_중국어문학과,Course,Cour0003,인문사회글쓰기,offers,학과와 교육과정(교과목)의 관계
344,Department,Depa001,가천대_중국어문학과,Course,Cour0004,AI중심세상,offers,학과와 교육과정(교과목)의 관계
345,Department,Depa001,가천대_중국어문학과,Course,Cour0005,융합교양,offers,학과와 교육과정(교과목)의 관계
346,Department,Depa001,가천대_중국어문학과,Course,Cour0006,융합교양,offers,학과와 교육과정(교과목)의 관계
347,Department,Depa001,가천대_중국어문학과,Course,Cour0007,융합교양,offers,학과와 교육과정(교과목)의 관계
348,Department,Depa001,가천대_중국어문학과,Course,Cour0008,기초생활중국어,offers,학과와 교육과정(교과목)의 관계
349,Department,Depa001,가천대_중국어문학과,Course,Cour0009,기초한자와고사성어,offers,학과와 교육과정(교과목)의 관계
350,Department,Depa001,가천대_중국어문학과,Course,Cour0010,문화콘텐츠분석과상상력,offers,학과와 교육과정(교과목)의 관계
351,Department,Depa001,가천대_중국어문학과,Course,Cour0011,한국어학의이해,offers,학과와 교육과정(교과목)의 관계
352,Department,Depa001,가천대_중국어문학과,Course,Cour0012,LanguageandCulture,offers,학과와 교육과정(교과목)의 관계
353,Department,Depa001,가천대_중국어문학과,Course,Cour0013,영미문학의이해,offers,학과와 교육과정(교과목)의 관계
354,Department,Depa001,가천대_중국어문학과,Course,Cour0014,기초일본어,offers,학과와 교육과정(교과목)의 관계
355,Department,Depa001,가천대_중국어문학과,Course,Cour0015,일본의이해,offers,학과와 교육과정(교과목)의 관계
356,Department,Depa001,가천대_중국어문학과,Course,Cour0016,기초독일어,offers,학과와 교육과정(교과목)의 관계
357,Department,Depa001,가천대_중국어문학과,Course,Cour0017,기초프랑스어,offers,학과와 교육과정(교과목)의 관계
358,Department,Depa001,가천대_중국어문학과,Course,Cour0018,유럽의문화와예술,offers,학과와 교육과정(교과목)의 관계
359,Department,Depa001,가천대_중국어문학과,Course,Cour0019,창의NTree,offers,학과와 교육과정(교과목)의 관계
360,Department,Depa001,가천대_중국어문학과,Course,Cour0020,CollegeEnglishⅡ,offers,학과와 교육과정(교과목)의 관계
361,Department,Depa001,가천대_중국어문학과,Course,Cour0021,인성과리더십,offers,학과와 교육과정(교과목)의 관계
362,Department,Depa001,가천대_중국어문학과,Course,Cour0022,AI프로그래밍입문,offers,학과와 교육과정(교과목)의 관계
363,Department,Depa001,가천대_중국어문학과,Course,Cour0023,융합교양,offers,학과와 교육과정(교과목)의 관계
364,Department,Depa001,가천대_중국어문학과,Course,Cour0024,융합교양,offers,학과와 교육과정(교과목)의 관계
365,Department,Depa001,가천대_중국어문학과,Course,Cour0025,중국문학입문,offers,학과와 교육과정(교과목)의 관계
366,Department,Depa001,가천대_중국어문학과,Course,Cour0026,중국어로배우는중국문화,offers,학과와 교육과정(교과목)의 관계
367,Department,Depa001,가천대_중국어문학과,Course,Cour0027,한국문학의이해,offers,학과와 교육과정(교과목)의 관계
368,Department,Depa001,가천대_중국어문학과,Course,Cour0028,대중매체와언어,offers,학과와 교육과정(교과목)의 관계
369,Department,Depa001,가천대_중국어문학과,Course,Cour0029,영어의이해,offers,학과와 교육과정(교과목)의 관계
370,Department,Depa001,가천대_중국어문학과,Course,Cour0030,영미콘텐츠와미디어,offers,학과와 교육과정(교과목)의 관계
371,Department,Depa001,가천대_중국어문학과,Course,Cour0031,초급일본어,offers,학과와 교육과정(교과목)의 관계
372,Department,Depa001,가천대_중국어문학과,Course,Cour0032,기초일본어한자,offers,학과와 교육과정(교과목)의 관계
373,Department,Depa001,가천대_중국어문학과,Course,Cour0033,독일문학입문,offers,학과와 교육과정(교과목)의 관계
374,Department,Depa001,가천대_중국어문학과,Course,Cour0034,프랑스명작산책,offers,학과와 교육과정(교과목)의 관계
375,Department,Depa001,가천대_중국어문학과,Course,Cour0035,박물관으로보는유럽문화,offers,학과와 교육과정(교과목)의 관계
376,Department,Depa001,가천대_중국어문학과,Course,Cour0036,AI프로그래밍응용,offers,학과와 교육과정(교과목)의 관계
377,Department,Depa001,가천대_중국어문학과,Course,Cour0037,근현대중국의이해,offers,학과와 교육과정(교과목)의 관계
378,Department,Depa001,가천대_중국어문학과,Course,Cour0038,초급중국어읽기와쓰기Ⅰ,offers,학과와 교육과정(교과목)의 관계
379,Department,Depa001,가천대_중국어문학과,Course,Cour0039,초급중국어듣기와말하기,offers,학과와 교육과정(교과목)의 관계
380,Department,Depa001,가천대_중국어문학과,Course,Cour0040,현대중국의문학,offers,학과와 교육과정(교과목)의 관계
381,Department,Depa001,가천대_중국어문학과,Course,Cour0041,중국의역사와문학,offers,학과와 교육과정(교과목)의 관계
382,Department,Depa001,가천대_중국어문학과,Course,Cour0042,[AI인문기초 교과목],offers,학과와 교육과정(교과목)의 관계
383,Department,Depa001,가천대_중국어문학과,Course,Cour0043,사회봉사,offers,학과와 교육과정(교과목)의 관계
384,Department,Depa001,가천대_중국어문학과,Course,Cour0044,AI와데이터과학,offers,학과와 교육과정(교과목)의 관계
385,Department,Depa001,가천대_중국어문학과,Course,Cour0045,초급중국어읽기와쓰기Ⅱ,offers,학과와 교육과정(교과목)의 관계
386,Department,Depa001,가천대_중국어문학과,Course,Cour0046,영화로본중국현대사회,offers,학과와 교육과정(교과목)의 관계
387,Department,Depa001,가천대_중국어문학과,Course,Cour0047,중국고대인물탐구,offers,학과와 교육과정(교과목)의 관계
388,Department,Depa001,가천대_중국어문학과,Course,Cour0048,중국의지리와지역문화,offers,학과와 교육과정(교과목)의 관계
389,Department,Depa001,가천대_중국어문학과,Course,Cour0049,현대중국의정치와외교,offers,학과와 교육과정(교과목)의 관계
390,Department,Depa001,가천대_중국어문학과,Course,Cour0050,중급중국어읽기와쓰기,offers,학과와 교육과정(교과목)의 관계
391,Department,Depa001,가천대_중국어문학과,Course,Cour0051,AI활용중국어자격증시험연습,offers,학과와 교육과정(교과목)의 관계
392,Department,Depa001,가천대_중국어문학과,Course,Cour0052,중급중국어듣기와말하기Ⅰ,offers,학과와 교육과정(교과목)의 관계
393,Department,Depa001,가천대_중국어문학과,Course,Cour0053,AI활용시사중국어,offers,학과와 교육과정(교과목)의 관계
394,Department,Depa001,가천대_중국어문학과,Course,Cour0054,중국의AI산업및문화산업,offers,학과와 교육과정(교과목)의 관계
395,Department,Depa001,가천대_중국어문학과,Course,Cour0055,[AI인문기초 교과목],offers,학과와 교육과정(교과목)의 관계
396,Department,Depa001,가천대_중국어문학과,Course,Cour0056,교과논리및논술,offers,학과와 교육과정(교과목)의 관계
397,Department,Depa001,가천대_중국어문학과,Course,Cour0057,취·창업진로세미나,offers,학과와 교육과정(교과목)의 관계
398,Department,Depa001,가천대_중국어문학과,Course,Cour0058,P-실무프로젝트,offers,학과와 교육과정(교과목)의 관계
399,Department,Depa001,가천대_중국어문학과,Course,Cour0059,중급중국어듣기와말하기Ⅱ,offers,학과와 교육과정(교과목)의 관계
400,Department,Depa001,가천대_중국어문학과,Course,Cour0060,AI기반한중중한번역연습,offers,학과와 교육과정(교과목)의 관계
401,Department,Depa001,가천대_중국어문학과,Course,Cour0061,빅데이터활용한중언어문화교류,offers,학과와 교육과정(교과목)의 관계
402,Department,Depa001,가천대_중국어문학과,Course,Cour0062,AI활용중국근현대인물탐구,offers,학과와 교육과정(교과목)의 관계
403,Department,Depa001,가천대_중국어문학과,Course,Cour0063,[AI인문기초 교과목],offers,학과와 교육과정(교과목)의 관계
404,Department,Depa001,가천대_중국어문학과,Course,Cour0064,외국어교과교재연구및지도법,offers,학과와 교육과정(교과목)의 관계
405,Department,Depa001,가천대_중국어문학과,Course,Cour0065,홍콩대만마카오의역사와현실,offers,학과와 교육과정(교과목)의 관계
406,Department,Depa001,가천대_중국어문학과,Course,Cour0066,고급중국어듣기와말하기Ⅰ,offers,학과와 교육과정(교과목)의 관계
407,Department,Depa001,가천대_중국어문학과,Course,Cour0067,AI기반한중중한번역연습Ⅱ,offers,학과와 교육과정(교과목)의 관계
408,Department,Depa001,가천대_중국어문학과,Course,Cour0068,AI기반미디어중국어,offers,학과와 교육과정(교과목)의 관계
409,Department,Depa001,가천대_중국어문학과,Course,Cour0069,외국어교과교육론,offers,학과와 교육과정(교과목)의 관계
410,Department,Depa001,가천대_중국어문학과,Course,Cour0070,고급중국어읽기와쓰기,offers,학과와 교육과정(교과목)의 관계
411,Department,Depa001,가천대_중국어문학과,Course,Cour0071,AI시대의중국취업과창업,offers,학과와 교육과정(교과목)의 관계
412,Department,Depa001,가천대_중국어문학과,Course,Cour0072,고급중국어듣기와말하기Ⅱ,offers,학과와 교육과정(교과목)의 관계
413,Department,Depa002,가톨릭대_중국언어문화학과,Course,Cour0073,중어Ⅰ,offers,학과와 교육과정(교과목)의 관계
414,Department,Depa002,가톨릭대_중국언어문화학과,Course,Cour0074,중어Ⅱ,offers,학과와 교육과정(교과목)의 관계
415,Department,Depa002,가톨릭대_중국언어문화학과,Course,Cour0075,한문Ⅰ,offers,학과와 교육과정(교과목)의 관계
416,Department,Depa002,가톨릭대_중국언어문화학과,Course,Cour0076,중국문화의이해,offers,학과와 교육과정(교과목)의 관계
417,Department,Depa002,가톨릭대_중국언어문화학과,Course,Cour0077,고급중국어회화,offers,학과와 교육과정(교과목)의 관계
418,Department,Depa002,가톨릭대_중국언어문화학과,Course,Cour0078,명언명구로배우는한문Ⅰ,offers,학과와 교육과정(교과목)의 관계
419,Department,Depa002,가톨릭대_중국언어문화학과,Course,Cour0079,명언명구로배우는한문Ⅱ,offers,학과와 교육과정(교과목)의 관계
420,Department,Depa002,가톨릭대_중국언어문화학과,Course,Cour0080,시사중국어,offers,학과와 교육과정(교과목)의 관계
421,Department,Depa002,가톨릭대_중국언어문화학과,Course,Cour0081,실용중국어,offers,학과와 교육과정(교과목)의 관계
422,Department,Depa002,가톨릭대_중국언어문화학과,Course,Cour0082,외국인을위한중한번역연습Ⅰ,offers,학과와 교육과정(교과목)의 관계
423,Department,Depa002,가톨릭대_중국언어문화학과,Course,Cour0083,중국사상의현대적이해,offers,학과와 교육과정(교과목)의 관계
424,Department,Depa002,가톨릭대_중국언어문화학과,Course,Cour0084,중국소설의세계,offers,학과와 교육과정(교과목)의 관계
425,Department,Depa002,가톨릭대_중국언어문화학과,Course,Cour0085,중국어교과교육론,offers,학과와 교육과정(교과목)의 관계
426,Department,Depa002,가톨릭대_중국언어문화학과,Course,Cour0086,중국어교과교재연구및지도법,offers,학과와 교육과정(교과목)의 관계
427,Department,Depa002,가톨릭대_중국언어문화학과,Course,Cour0087,중국어문법의이해,offers,학과와 교육과정(교과목)의 관계
428,Department,Depa002,가톨릭대_중국언어문화학과,Course,Cour0088,중국어와중국문화,offers,학과와 교육과정(교과목)의 관계
429,Department,Depa002,가톨릭대_중국언어문화학과,Course,Cour0089,중국어읽기와문화,offers,학과와 교육과정(교과목)의 관계
430,Department,Depa002,가톨릭대_중국언어문화학과,Course,Cour0090,중국어작문,offers,학과와 교육과정(교과목)의 관계
431,Department,Depa002,가톨릭대_중국언어문화학과,Course,Cour0091,중국언어문화학현장실습Ⅰ,offers,학과와 교육과정(교과목)의 관계
432,Department,Depa002,가톨릭대_중국언어문화학과,Course,Cour0092,중국언어문화학현장실습Ⅱ,offers,학과와 교육과정(교과목)의 관계
433,Department,Depa002,가톨릭대_중국언어문화학과,Course,Cour0093,중국언어문화학현장실습Ⅲ,offers,학과와 교육과정(교과목)의 관계
434,Department,Depa002,가톨릭대_중국언어문화학과,Course,Cour0094,중국언어문화학현장실습Ⅳ,offers,학과와 교육과정(교과목)의 관계
435,Department,Depa002,가톨릭대_중국언어문화학과,Course,Cour0095,중국언어문화학현장실습Ⅴ,offers,학과와 교육과정(교과목)의 관계
436,Department,Depa002,가톨릭대_중국언어문화학과,Course,Cour0096,중국전통문학의이해,offers,학과와 교육과정(교과목)의 관계
437,Department,Depa002,가톨릭대_중국언어문화학과,Course,Cour0097,중국지역문화특강,offers,학과와 교육과정(교과목)의 관계
438,Department,Depa002,가톨릭대_중국언어문화학과,Course,Cour0098,중국현대명문선독,offers,학과와 교육과정(교과목)의 관계
439,Department,Depa002,가톨릭대_중국언어문화학과,Course,Cour0099,중국현대문학감상,offers,학과와 교육과정(교과목)의 관계
440,Department,Depa002,가톨릭대_중국언어문화학과,Course,Cour0100,중국현대문학과대중문화,offers,학과와 교육과정(교과목)의 관계
441,Department,Depa002,가톨릭대_중국언어문화학과,Course,Cour0101,중국현대문학의이해,offers,학과와 교육과정(교과목)의 관계
442,Department,Depa002,가톨릭대_중국언어문화학과,Course,Cour0102,중국현대문학특강,offers,학과와 교육과정(교과목)의 관계
443,Department,Depa002,가톨릭대_중국언어문화학과,Course,Cour0103,중국현대희곡,offers,학과와 교육과정(교과목)의 관계
444,Department,Depa002,가톨릭대_중국언어문화학과,Course,Cour0104,중급중국어읽기,offers,학과와 교육과정(교과목)의 관계
445,Department,Depa002,가톨릭대_중국언어문화학과,Course,Cour0105,중급중국어회화,offers,학과와 교육과정(교과목)의 관계
446,Department,Depa002,가톨릭대_중국언어문화학과,Course,Cour0106,중한통번역연습,offers,학과와 교육과정(교과목)의 관계
447,Department,Depa002,가톨릭대_중국언어문화학과,Course,Cour0107,집중중국어Ⅰ,offers,학과와 교육과정(교과목)의 관계
448,Department,Depa002,가톨릭대_중국언어문화학과,Course,Cour0108,집중중국어Ⅱ,offers,학과와 교육과정(교과목)의 관계
449,Department,Depa002,가톨릭대_중국언어문화학과,Course,Cour0109,통상중국어,offers,학과와 교육과정(교과목)의 관계
450,Department,Depa002,가톨릭대_중국언어문화학과,Course,Cour0110,현대중국어개론,offers,학과와 교육과정(교과목)의 관계
451,Department,Depa003,강남대_중국콘텐츠비즈니스학과,Course,Cour0111,콘텐츠중국어입문Ⅰ,offers,학과와 교육과정(교과목)의 관계
452,Department,Depa003,강남대_중국콘텐츠비즈니스학과,Course,Cour0112,콘텐츠중국어입문Ⅱ,offers,학과와 교육과정(교과목)의 관계
453,Department,Depa003,강남대_중국콘텐츠비즈니스학과,Course,Cour0113,채플(공동체리더십)Ⅲ,offers,학과와 교육과정(교과목)의 관계
454,Department,Depa003,강남대_중국콘텐츠비즈니스학과,Course,Cour0114,전공세미나Ⅰ,offers,학과와 교육과정(교과목)의 관계
455,Department,Depa003,강남대_중국콘텐츠비즈니스학과,Course,Cour0115,중국경제콘텐츠의이해,offers,학과와 교육과정(교과목)의 관계
456,Department,Depa003,강남대_중국콘텐츠비즈니스학과,Course,Cour0116,중국문화의이해,offers,학과와 교육과정(교과목)의 관계
457,Department,Depa003,강남대_중국콘텐츠비즈니스학과,Course,Cour0117,중국문화콘텐츠의 이해,offers,학과와 교육과정(교과목)의 관계
458,Department,Depa003,강남대_중국콘텐츠비즈니스학과,Course,Cour0118,콘텐츠초급중국어듣기Ⅰ,offers,학과와 교육과정(교과목)의 관계
459,Department,Depa003,강남대_중국콘텐츠비즈니스학과,Course,Cour0119,채플(행복나눔)Ⅳ,offers,학과와 교육과정(교과목)의 관계
460,Department,Depa003,강남대_중국콘텐츠비즈니스학과,Course,Cour0120,전공세미나Ⅱ,offers,학과와 교육과정(교과목)의 관계
461,Department,Depa003,강남대_중국콘텐츠비즈니스학과,Course,Cour0121,기초중국어어법,offers,학과와 교육과정(교과목)의 관계
462,Department,Depa003,강남대_중국콘텐츠비즈니스학과,Course,Cour0122,중국관광콘텐츠의이해,offers,학과와 교육과정(교과목)의 관계
463,Department,Depa003,강남대_중국콘텐츠비즈니스학과,Course,Cour0123,중국시장콘텐츠의이해,offers,학과와 교육과정(교과목)의 관계
464,Department,Depa003,강남대_중국콘텐츠비즈니스학과,Course,Cour0124,중국콘텐츠전략과창업,offers,학과와 교육과정(교과목)의 관계
465,Department,Depa003,강남대_중국콘텐츠비즈니스학과,Course,Cour0125,콘텐츠초급중국어듣기Ⅱ,offers,학과와 교육과정(교과목)의 관계
466,Department,Depa003,강남대_중국콘텐츠비즈니스학과,Course,Cour0126,전공세미나Ⅲ,offers,학과와 교육과정(교과목)의 관계
467,Department,Depa003,강남대_중국콘텐츠비즈니스학과,Course,Cour0127,HSK기초중국어쓰기,offers,학과와 교육과정(교과목)의 관계
468,Department,Depa003,강남대_중국콘텐츠비즈니스학과,Course,Cour0128,HSK중급중국어말하기Ⅰ,offers,학과와 교육과정(교과목)의 관계
469,Department,Depa003,강남대_중국콘텐츠비즈니스학과,Course,Cour0129,중국비즈니스문화의이해,offers,학과와 교육과정(교과목)의 관계
470,Department,Depa003,강남대_중국콘텐츠비즈니스학과,Course,Cour0130,중국생활콘텐츠중국어Ⅰ,offers,학과와 교육과정(교과목)의 관계
471,Department,Depa003,강남대_중국콘텐츠비즈니스학과,Course,Cour0131,중국콘텐츠제작기초,offers,학과와 교육과정(교과목)의 관계
472,Department,Depa003,강남대_중국콘텐츠비즈니스학과,Course,Cour0132,전공세미나Ⅳ,offers,학과와 교육과정(교과목)의 관계
473,Department,Depa003,강남대_중국콘텐츠비즈니스학과,Course,Cour0133,HSK중급중국어말하기Ⅱ,offers,학과와 교육과정(교과목)의 관계
474,Department,Depa003,강남대_중국콘텐츠비즈니스학과,Course,Cour0134,중국생활콘텐츠중국어Ⅱ,offers,학과와 교육과정(교과목)의 관계
475,Department,Depa003,강남대_중국콘텐츠비즈니스학과,Course,Cour0135,중국콘텐츠제작실습,offers,학과와 교육과정(교과목)의 관계
476,Department,Depa003,강남대_중국콘텐츠비즈니스학과,Course,Cour0136,항공서비스중국어,offers,학과와 교육과정(교과목)의 관계
477,Department,Depa003,강남대_중국콘텐츠비즈니스학과,Course,Cour0137,전공세미나Ⅴ,offers,학과와 교육과정(교과목)의 관계
478,Department,Depa003,강남대_중국콘텐츠비즈니스학과,Course,Cour0138,졸업종합평가,offers,학과와 교육과정(교과목)의 관계
479,Department,Depa003,강남대_중국콘텐츠비즈니스학과,Course,Cour0139,비즈니스콘텐츠중국어,offers,학과와 교육과정(교과목)의 관계
480,Department,Depa003,강남대_중국콘텐츠비즈니스학과,Course,Cour0140,왕홍중국어,offers,학과와 교육과정(교과목)의 관계
481,Department,Depa003,강남대_중국콘텐츠비즈니스학과,Course,Cour0141,중국관광콘텐츠중국어,offers,학과와 교육과정(교과목)의 관계
482,Department,Depa003,강남대_중국콘텐츠비즈니스학과,Course,Cour0142,한중콘텐츠비즈니스,offers,학과와 교육과정(교과목)의 관계
483,Department,Depa003,강남대_중국콘텐츠비즈니스학과,Course,Cour0143,현장실습(단기),offers,학과와 교육과정(교과목)의 관계
484,Department,Depa003,강남대_중국콘텐츠비즈니스학과,Course,Cour0144,현장실습(장기)Ⅰ,offers,학과와 교육과정(교과목)의 관계
485,Department,Depa003,강남대_중국콘텐츠비즈니스학과,Course,Cour0145,현장실습(장기)Ⅱ,offers,학과와 교육과정(교과목)의 관계
486,Department,Depa003,강남대_중국콘텐츠비즈니스학과,Course,Cour0146,현장실습(장기)Ⅲ,offers,학과와 교육과정(교과목)의 관계
487,Department,Depa003,강남대_중국콘텐츠비즈니스학과,Course,Cour0147,현장실습(장기)Ⅳ,offers,학과와 교육과정(교과목)의 관계
488,Department,Depa003,강남대_중국콘텐츠비즈니스학과,Course,Cour0148,전공세미나Ⅵ,offers,학과와 교육과정(교과목)의 관계
489,Department,Depa003,강남대_중국콘텐츠비즈니스학과,Course,Cour0149,졸업종합평가,offers,학과와 교육과정(교과목)의 관계
490,Department,Depa003,강남대_중국콘텐츠비즈니스학과,Course,Cour0150,캡스톤디자인(중국콘텐츠),offers,학과와 교육과정(교과목)의 관계
491,Department,Depa003,강남대_중국콘텐츠비즈니스학과,Course,Cour0151,콘텐츠중한통번역연습,offers,학과와 교육과정(교과목)의 관계
492,Department,Depa003,강남대_중국콘텐츠비즈니스학과,Course,Cour0152,한국문화관광콘텐츠중국어,offers,학과와 교육과정(교과목)의 관계
493,Department,Depa003,강남대_중국콘텐츠비즈니스학과,Course,Cour0153,현장실습(단기),offers,학과와 교육과정(교과목)의 관계
494,Department,Depa003,강남대_중국콘텐츠비즈니스학과,Course,Cour0154,현장실습(장기)Ⅰ,offers,학과와 교육과정(교과목)의 관계
495,Department,Depa003,강남대_중국콘텐츠비즈니스학과,Course,Cour0155,현장실습(장기)Ⅱ,offers,학과와 교육과정(교과목)의 관계
496,Department,Depa003,강남대_중국콘텐츠비즈니스학과,Course,Cour0156,현장실습(장기)Ⅲ,offers,학과와 교육과정(교과목)의 관계
497,Department,Depa003,강남대_중국콘텐츠비즈니스학과,Course,Cour0157,현장실습(장기)Ⅳ,offers,학과와 교육과정(교과목)의 관계
498,Department,Depa011,국립강릉원주대_중어중문학과,Course,Cour0158,중국고전의이해,offers,학과와 교육과정(교과목)의 관계
499,Department,Depa011,국립강릉원주대_중어중문학과,Course,Cour0159,기초한자연습,offers,학과와 교육과정(교과목)의 관계
500,Department,Depa011,국립강릉원주대_중어중문학과,Course,Cour0160,중국문학의기초,offers,학과와 교육과정(교과목)의 관계
501,Department,Depa011,국립강릉원주대_중어중문학과,Course,Cour0161,현대중국의이해,offers,학과와 교육과정(교과목)의 관계
502,Department,Depa011,국립강릉원주대_중어중문학과,Course,Cour0162,기본한문연습,offers,학과와 교육과정(교과목)의 관계
503,Department,Depa011,국립강릉원주대_중어중문학과,Course,Cour0163,기초청취중국어,offers,학과와 교육과정(교과목)의 관계
504,Department,Depa011,국립강릉원주대_중어중문학과,Course,Cour0164,종합중국어Ⅰ,offers,학과와 교육과정(교과목)의 관계
505,Department,Depa011,국립강릉원주대_중어중문학과,Course,Cour0165,초급중국어회화,offers,학과와 교육과정(교과목)의 관계
506,Department,Depa011,국립강릉원주대_중어중문학과,Course,Cour0166,초급중국어독해,offers,학과와 교육과정(교과목)의 관계
507,Department,Depa011,국립강릉원주대_중어중문학과,Course,Cour0167,중국고문입문,offers,학과와 교육과정(교과목)의 관계
508,Department,Depa011,국립강릉원주대_중어중문학과,Course,Cour0168,실용한자,offers,학과와 교육과정(교과목)의 관계
509,Department,Depa011,국립강릉원주대_중어중문학과,Course,Cour0169,기초중국어어휘와발음연습,offers,학과와 교육과정(교과목)의 관계
510,Department,Depa011,국립강릉원주대_중어중문학과,Course,Cour0170,중국어문형이해,offers,학과와 교육과정(교과목)의 관계
511,Department,Depa011,국립강릉원주대_중어중문학과,Course,Cour0171,중국고문강독,offers,학과와 교육과정(교과목)의 관계
512,Department,Depa011,국립강릉원주대_중어중문학과,Course,Cour0172,종합중국어Ⅱ,offers,학과와 교육과정(교과목)의 관계
513,Department,Depa011,국립강릉원주대_중어중문학과,Course,Cour0173,현대중국어어법의이해,offers,학과와 교육과정(교과목)의 관계
514,Department,Depa011,국립강릉원주대_중어중문학과,Course,Cour0174,초급청취중국어,offers,학과와 교육과정(교과목)의 관계
515,Department,Depa011,국립강릉원주대_중어중문학과,Course,Cour0175,문화콘텐츠중국어리딩,offers,학과와 교육과정(교과목)의 관계
516,Department,Depa011,국립강릉원주대_중어중문학과,Course,Cour0176,중급중국어회화,offers,학과와 교육과정(교과목)의 관계
517,Department,Depa011,국립강릉원주대_중어중문학과,Course,Cour0177,중국의역사서사와인물,offers,학과와 교육과정(교과목)의 관계
518,Department,Depa011,국립강릉원주대_중어중문학과,Course,Cour0178,중국어번역연습,offers,학과와 교육과정(교과목)의 관계
519,Department,Depa011,국립강릉원주대_중어중문학과,Course,Cour0179,중국의한자와문화,offers,학과와 교육과정(교과목)의 관계
520,Department,Depa011,국립강릉원주대_중어중문학과,Course,Cour0180,중국고전시가,offers,학과와 교육과정(교과목)의 관계
521,Department,Depa011,국립강릉원주대_중어중문학과,Course,Cour0181,중급청취중국어,offers,학과와 교육과정(교과목)의 관계
522,Department,Depa011,국립강릉원주대_중어중문학과,Course,Cour0182,중국의지역문화지도아카이브,offers,학과와 교육과정(교과목)의 관계
523,Department,Depa011,국립강릉원주대_중어중문학과,Course,Cour0183,중급중국어독해,offers,학과와 교육과정(교과목)의 관계
524,Department,Depa011,국립강릉원주대_중어중문학과,Course,Cour0184,실황중국어회화,offers,학과와 교육과정(교과목)의 관계
525,Department,Depa011,국립강릉원주대_중어중문학과,Course,Cour0185,고급중국어회화,offers,학과와 교육과정(교과목)의 관계
526,Department,Depa011,국립강릉원주대_중어중문학과,Course,Cour0186,중국어학특강,offers,학과와 교육과정(교과목)의 관계
527,Department,Depa011,국립강릉원주대_중어중문학과,Course,Cour0187,관광중국어,offers,학과와 교육과정(교과목)의 관계
528,Department,Depa011,국립강릉원주대_중어중문학과,Course,Cour0188,중국어어휘와구문,offers,학과와 교육과정(교과목)의 관계
529,Department,Depa011,국립강릉원주대_중어중문학과,Course,Cour0189,중국어교육론,offers,학과와 교육과정(교과목)의 관계
530,Department,Depa011,국립강릉원주대_중어중문학과,Course,Cour0190,고급중국어독해,offers,학과와 교육과정(교과목)의 관계
531,Department,Depa011,국립강릉원주대_중어중문학과,Course,Cour0191,중국고전문화콘텐츠강설,offers,학과와 교육과정(교과목)의 관계
532,Department,Depa011,국립강릉원주대_중어중문학과,Course,Cour0192,초보자를위한중국서사,offers,학과와 교육과정(교과목)의 관계
533,Department,Depa011,국립강릉원주대_중어중문학과,Course,Cour0193,실전중국어쓰기Ⅰ,offers,학과와 교육과정(교과목)의 관계
534,Department,Depa011,국립강릉원주대_중어중문학과,Course,Cour0194,시사중국어,offers,학과와 교육과정(교과목)의 관계
535,Department,Depa011,국립강릉원주대_중어중문학과,Course,Cour0195,중국문학과언어특강,offers,학과와 교육과정(교과목)의 관계
536,Department,Depa011,국립강릉원주대_중어중문학과,Course,Cour0196,중국의공연예술,offers,학과와 교육과정(교과목)의 관계
537,Department,Depa011,국립강릉원주대_중어중문학과,Course,Cour0197,중국현대문학강의,offers,학과와 교육과정(교과목)의 관계
538,Department,Depa011,국립강릉원주대_중어중문학과,Course,Cour0198,중국어교재연구및지도법,offers,학과와 교육과정(교과목)의 관계
539,Department,Depa011,국립강릉원주대_중어중문학과,Course,Cour0199,한중문화콘텐츠마케팅,offers,학과와 교육과정(교과목)의 관계
540,Department,Depa011,국립강릉원주대_중어중문학과,Course,Cour0200,한문속의지혜,offers,학과와 교육과정(교과목)의 관계
541,Department,Depa011,국립강릉원주대_중어중문학과,Course,Cour0201,실전중국어쓰기Ⅱ,offers,학과와 교육과정(교과목)의 관계
542,Department,Depa011,국립강릉원주대_중어중문학과,Course,Cour0202,중국뉴스청취와읽기,offers,학과와 교육과정(교과목)의 관계
543,Department,Depa011,국립강릉원주대_중어중문학과,Course,Cour0203,한중문화코드와전통공연예술,offers,학과와 교육과정(교과목)의 관계
544,Department,Depa011,국립강릉원주대_중어중문학과,Course,Cour0204,현대중국문학의논리·논술,offers,학과와 교육과정(교과목)의 관계
545,Department,Depa011,국립강릉원주대_중어중문학과,Course,Cour0205,실용중국어,offers,학과와 교육과정(교과목)의 관계
546,Department,Depa004,건국대_중어중문학과,Course,Cour0246,중국서사의이해,offers,학과와 교육과정(교과목)의 관계
547,Department,Depa004,건국대_중어중문학과,Course,Cour0247,중국서사작품강독,offers,학과와 교육과정(교과목)의 관계
548,Department,Depa004,건국대_중어중문학과,Course,Cour0248,중국어회화Ⅰ,offers,학과와 교육과정(교과목)의 관계
549,Department,Depa004,건국대_중어중문학과,Course,Cour0249,한중문화답사Ⅰ,offers,학과와 교육과정(교과목)의 관계
550,Department,Depa004,건국대_중어중문학과,Course,Cour0250,중국어의이해Ⅰ,offers,학과와 교육과정(교과목)의 관계
551,Department,Depa004,건국대_중어중문학과,Course,Cour0251,중국어학개론,offers,학과와 교육과정(교과목)의 관계
552,Department,Depa004,건국대_중어중문학과,Course,Cour0252,중국인문지리와역사,offers,학과와 교육과정(교과목)의 관계
553,Department,Depa004,건국대_중어중문학과,Course,Cour0253,중국현대소설의이해,offers,학과와 교육과정(교과목)의 관계
554,Department,Depa004,건국대_중어중문학과,Course,Cour0254,영상중국어,offers,학과와 교육과정(교과목)의 관계
555,Department,Depa004,건국대_중어중문학과,Course,Cour0255,중국고전문학비평,offers,학과와 교육과정(교과목)의 관계
556,Department,Depa004,건국대_중어중문학과,Course,Cour0256,중국대중문화와예술,offers,학과와 교육과정(교과목)의 관계
557,Department,Depa004,건국대_중어중문학과,Course,Cour0257,중국어연극캡스톤디자인Ⅰ,offers,학과와 교육과정(교과목)의 관계
558,Department,Depa004,건국대_중어중문학과,Course,Cour0258,중국어의이해Ⅱ,offers,학과와 교육과정(교과목)의 관계
559,Department,Depa004,건국대_중어중문학과,Course,Cour0259,중국어회화Ⅱ,offers,학과와 교육과정(교과목)의 관계
560,Department,Depa004,건국대_중어중문학과,Course,Cour0260,중국장르소설,offers,학과와 교육과정(교과목)의 관계
561,Department,Depa004,건국대_중어중문학과,Course,Cour0261,중국문화산책,offers,학과와 교육과정(교과목)의 관계
562,Department,Depa004,건국대_중어중문학과,Course,Cour0262,현대중국의이해,offers,학과와 교육과정(교과목)의 관계
563,Department,Depa004,건국대_중어중문학과,Course,Cour0263,드라마중국어Ⅰ,offers,학과와 교육과정(교과목)의 관계
564,Department,Depa004,건국대_중어중문학과,Course,Cour0264,중국고전명시감상,offers,학과와 교육과정(교과목)의 관계
565,Department,Depa004,건국대_중어중문학과,Course,Cour0265,중국문화현상과콘텐츠,offers,학과와 교육과정(교과목)의 관계
566,Department,Depa004,건국대_중어중문학과,Course,Cour0266,중국언어학의이해,offers,학과와 교육과정(교과목)의 관계
567,Department,Depa004,건국대_중어중문학과,Course,Cour0267,중국학술개론,offers,학과와 교육과정(교과목)의 관계
568,Department,Depa004,건국대_중어중문학과,Course,Cour0268,한중문화답사Ⅱ,offers,학과와 교육과정(교과목)의 관계
569,Department,Depa004,건국대_중어중문학과,Course,Cour0269,중국어문법,offers,학과와 교육과정(교과목)의 관계
570,Department,Depa004,건국대_중어중문학과,Course,Cour0270,드라마중국어Ⅱ,offers,학과와 교육과정(교과목)의 관계
571,Department,Depa004,건국대_중어중문학과,Course,Cour0271,중국고전명문선독,offers,학과와 교육과정(교과목)의 관계
572,Department,Depa004,건국대_중어중문학과,Course,Cour0272,중국문자의이해,offers,학과와 교육과정(교과목)의 관계
573,Department,Depa004,건국대_중어중문학과,Course,Cour0273,중국사회문화현상의이해,offers,학과와 교육과정(교과목)의 관계
574,Department,Depa004,건국대_중어중문학과,Course,Cour0274,중국서사와스토리텔링,offers,학과와 교육과정(교과목)의 관계
575,Department,Depa004,건국대_중어중문학과,Course,Cour0275,중국어연극캡스톤디자인Ⅱ,offers,학과와 교육과정(교과목)의 관계
576,Department,Depa004,건국대_중어중문학과,Course,Cour0276,중국어작문,offers,학과와 교육과정(교과목)의 관계
577,Department,Depa004,건국대_중어중문학과,Course,Cour0277,멀티미디어중국어,offers,학과와 교육과정(교과목)의 관계
578,Department,Depa004,건국대_중어중문학과,Course,Cour0278,시사중국어,offers,학과와 교육과정(교과목)의 관계
579,Department,Depa004,건국대_중어중문학과,Course,Cour0279,중국유가경전과인문사상,offers,학과와 교육과정(교과목)의 관계
580,Department,Depa004,건국대_중어중문학과,Course,Cour0280,한중문화답사Ⅲ,offers,학과와 교육과정(교과목)의 관계
581,Department,Depa004,건국대_중어중문학과,Course,Cour0281,현대중국과영화,offers,학과와 교육과정(교과목)의 관계
582,Department,Depa004,건국대_중어중문학과,Course,Cour0282,AI를활용한중한번역,offers,학과와 교육과정(교과목)의 관계
583,Department,Depa004,건국대_중어중문학과,Course,Cour0283,중국산업과문화트렌드,offers,학과와 교육과정(교과목)의 관계
584,Department,Depa004,건국대_중어중문학과,Course,Cour0284,중국어담화분석,offers,학과와 교육과정(교과목)의 관계
585,Department,Depa004,건국대_중어중문학과,Course,Cour0285,중국전통공연예술의이해,offers,학과와 교육과정(교과목)의 관계
586,Department,Depa005,경북대_중어중문학과,Course,Cour0325,중국언어의활용,offers,학과와 교육과정(교과목)의 관계
587,Department,Depa005,경북대_중어중문학과,Course,Cour0326,중국고전문화콘텐츠,offers,학과와 교육과정(교과목)의 관계
588,Department,Depa005,경북대_중어중문학과,Course,Cour0327,중국현대문화콘텐츠,offers,학과와 교육과정(교과목)의 관계
589,Department,Depa005,경북대_중어중문학과,Course,Cour0328,중국고전문연습,offers,학과와 교육과정(교과목)의 관계
590,Department,Depa005,경북대_중어중문학과,Course,Cour0329,초급중국어회화,offers,학과와 교육과정(교과목)의 관계
591,Department,Depa005,경북대_중어중문학과,Course,Cour0330,중국고전문학의흐름Ⅰ,offers,학과와 교육과정(교과목)의 관계
592,Department,Depa005,경북대_중어중문학과,Course,Cour0331,중국고전문학의흐름Ⅱ,offers,학과와 교육과정(교과목)의 관계
593,Department,Depa005,경북대_중어중문학과,Course,Cour0332,중급중국어회화,offers,학과와 교육과정(교과목)의 관계
594,Department,Depa005,경북대_중어중문학과,Course,Cour0333,고급중국어회화,offers,학과와 교육과정(교과목)의 관계
595,Department,Depa005,경북대_중어중문학과,Course,Cour0334,중국소설의세계,offers,학과와 교육과정(교과목)의 관계
596,Department,Depa005,경북대_중어중문학과,Course,Cour0335,중급중국어독해,offers,학과와 교육과정(교과목)의 관계
597,Department,Depa005,경북대_중어중문학과,Course,Cour0336,고급중국어독해,offers,학과와 교육과정(교과목)의 관계
598,Department,Depa005,경북대_중어중문학과,Course,Cour0337,중국문학과문화,offers,학과와 교육과정(교과목)의 관계
599,Department,Depa005,경북대_중어중문학과,Course,Cour0338,중국어작문Ⅰ,offers,학과와 교육과정(교과목)의 관계
600,Department,Depa005,경북대_중어중문학과,Course,Cour0339,중국어작문Ⅱ,offers,학과와 교육과정(교과목)의 관계
601,Department,Depa005,경북대_중어중문학과,Course,Cour0340,중국어문법Ⅰ,offers,학과와 교육과정(교과목)의 관계
602,Department,Depa005,경북대_중어중문학과,Course,Cour0341,중국어문법Ⅱ,offers,학과와 교육과정(교과목)의 관계
603,Department,Depa005,경북대_중어중문학과,Course,Cour0342,현대중국의문학과사상,offers,학과와 교육과정(교과목)의 관계
604,Department,Depa005,경북대_중어중문학과,Course,Cour0343,중국고전명시읽기,offers,학과와 교육과정(교과목)의 관계
605,Department,Depa005,경북대_중어중문학과,Course,Cour0344,사와곡의세계,offers,학과와 교육과정(교과목)의 관계
606,Department,Depa005,경북대_중어중문학과,Course,Cour0345,현대중국의탐색,offers,학과와 교육과정(교과목)의 관계
607,Department,Depa005,경북대_중어중문학과,Course,Cour0346,중국고전명문읽기,offers,학과와 교육과정(교과목)의 관계
608,Department,Depa005,경북대_중어중문학과,Course,Cour0347,중국의언어와문자,offers,학과와 교육과정(교과목)의 관계
609,Department,Depa005,경북대_중어중문학과,Course,Cour0348,중국어번역연습,offers,학과와 교육과정(교과목)의 관계
610,Department,Depa005,경북대_중어중문학과,Course,Cour0349,중국어주제발표와토론,offers,학과와 교육과정(교과목)의 관계
611,Department,Depa005,경북대_중어중문학과,Course,Cour0350,중국문화와통상,offers,학과와 교육과정(교과목)의 관계
612,Department,Depa005,경북대_중어중문학과,Course,Cour0351,한중문화콘텐츠,offers,학과와 교육과정(교과목)의 관계
613,Department,Depa005,경북대_중어중문학과,Course,Cour0352,현대중국사회와경제,offers,학과와 교육과정(교과목)의 관계
614,Department,Depa005,경북대_중어중문학과,Course,Cour0353,중국어Ⅰ,offers,학과와 교육과정(교과목)의 관계
615,Department,Depa005,경북대_중어중문학과,Course,Cour0354,중국어Ⅱ,offers,학과와 교육과정(교과목)의 관계
616,Department,Depa005,경북대_중어중문학과,Course,Cour0355,교양한문,offers,학과와 교육과정(교과목)의 관계
617,Department,Depa005,경북대_중어중문학과,Course,Cour0356,과학사의이해,offers,학과와 교육과정(교과목)의 관계
618,Department,Depa005,경북대_중어중문학과,Course,Cour0357,중국문학의이해,offers,학과와 교육과정(교과목)의 관계
619,Department,Depa005,경북대_중어중문학과,Course,Cour0358,심화글쓰기,offers,학과와 교육과정(교과목)의 관계
620,Department,Depa005,경북대_중어중문학과,Course,Cour0359,명저읽기와토론,offers,학과와 교육과정(교과목)의 관계
621,Department,Depa005,경북대_중어중문학과,Course,Cour0360,인문사회기초통계,offers,학과와 교육과정(교과목)의 관계
622,Department,Depa005,경북대_중어중문학과,Course,Cour0361,교직실무Ⅰ,offers,학과와 교육과정(교과목)의 관계
623,Department,Depa005,경북대_중어중문학과,Course,Cour0362,학교현장실습,offers,학과와 교육과정(교과목)의 관계
624,Department,Depa005,경북대_중어중문학과,Course,Cour0363,중국어논리및논술지도,offers,학과와 교육과정(교과목)의 관계
625,Department,Depa005,경북대_중어중문학과,Course,Cour0364,생활지도및상담(교직소양),offers,학과와 교육과정(교과목)의 관계
626,Department,Depa005,경북대_중어중문학과,Course,Cour0365,특수교육학개론,offers,학과와 교육과정(교과목)의 관계
627,Department,Depa005,경북대_중어중문학과,Course,Cour0366,교직실무Ⅱ,offers,학과와 교육과정(교과목)의 관계
628,Department,Depa005,경북대_중어중문학과,Course,Cour0367,교육봉사활동Ⅱ,offers,학과와 교육과정(교과목)의 관계
629,Department,Depa005,경북대_중어중문학과,Course,Cour0368,디지털교육,offers,학과와 교육과정(교과목)의 관계
630,Department,Depa005,경북대_중어중문학과,Course,Cour0369,교육과정,offers,학과와 교육과정(교과목)의 관계
631,Department,Depa005,경북대_중어중문학과,Course,Cour0370,교육방법및교육공학,offers,학과와 교육과정(교과목)의 관계
632,Department,Depa005,경북대_중어중문학과,Course,Cour0371,교육사회,offers,학과와 교육과정(교과목)의 관계
633,Department,Depa005,경북대_중어중문학과,Course,Cour0372,교육심리,offers,학과와 교육과정(교과목)의 관계
634,Department,Depa005,경북대_중어중문학과,Course,Cour0373,교육철학및교육사,offers,학과와 교육과정(교과목)의 관계
635,Department,Depa005,경북대_중어중문학과,Course,Cour0374,교육평가,offers,학과와 교육과정(교과목)의 관계
636,Department,Depa005,경북대_중어중문학과,Course,Cour0375,교육학개론,offers,학과와 교육과정(교과목)의 관계
637,Department,Depa005,경북대_중어중문학과,Course,Cour0376,교육행정및교육경영,offers,학과와 교육과정(교과목)의 관계
638,Department,Depa005,경북대_중어중문학과,Course,Cour0377,중국어교육론,offers,학과와 교육과정(교과목)의 관계
639,Department,Depa005,경북대_중어중문학과,Course,Cour0378,중국어교재연구및지도법,offers,학과와 교육과정(교과목)의 관계
640,Department,Depa006,경상국립대_중어중문학과,Course,Cour0379,초급중국어Ⅰ,offers,학과와 교육과정(교과목)의 관계
641,Department,Depa006,경상국립대_중어중문학과,Course,Cour0380,중국어연습Ⅰ,offers,학과와 교육과정(교과목)의 관계
642,Department,Depa006,경상국립대_중어중문학과,Course,Cour0381,중국어문학입문,offers,학과와 교육과정(교과목)의 관계
643,Department,Depa006,경상국립대_중어중문학과,Course,Cour0382,중국어연습Ⅱ,offers,학과와 교육과정(교과목)의 관계
644,Department,Depa006,경상국립대_중어중문학과,Course,Cour0383,초급중국어Ⅱ,offers,학과와 교육과정(교과목)의 관계
645,Department,Depa006,경상국립대_중어중문학과,Course,Cour0384,중국어기초어법,offers,학과와 교육과정(교과목)의 관계
646,Department,Depa006,경상국립대_중어중문학과,Course,Cour0385,중국어회화연습Ⅰ,offers,학과와 교육과정(교과목)의 관계
647,Department,Depa006,경상국립대_중어중문학과,Course,Cour0386,중국문학개론,offers,학과와 교육과정(교과목)의 관계
648,Department,Depa006,경상국립대_중어중문학과,Course,Cour0387,중국어학개론,offers,학과와 교육과정(교과목)의 관계
649,Department,Depa006,경상국립대_중어중문학과,Course,Cour0388,중급중국어Ⅰ,offers,학과와 교육과정(교과목)의 관계
650,Department,Depa006,경상국립대_중어중문학과,Course,Cour0389,중국어어휘론,offers,학과와 교육과정(교과목)의 관계
651,Department,Depa006,경상국립대_중어중문학과,Course,Cour0390,중국역대산문선독Ⅰ,offers,학과와 교육과정(교과목)의 관계
652,Department,Depa006,경상국립대_중어중문학과,Course,Cour0391,중국어작문연습Ⅰ,offers,학과와 교육과정(교과목)의 관계
653,Department,Depa006,경상국립대_중어중문학과,Course,Cour0392,중국역대산문선독Ⅱ,offers,학과와 교육과정(교과목)의 관계
654,Department,Depa006,경상국립대_중어중문학과,Course,Cour0393,중국문화개론,offers,학과와 교육과정(교과목)의 관계
655,Department,Depa006,경상국립대_중어중문학과,Course,Cour0394,중국문언문법,offers,학과와 교육과정(교과목)의 관계
656,Department,Depa006,경상국립대_중어중문학과,Course,Cour0395,중국어논리및논술교육,offers,학과와 교육과정(교과목)의 관계
657,Department,Depa006,경상국립대_중어중문학과,Course,Cour0396,중급중국어Ⅱ,offers,학과와 교육과정(교과목)의 관계
658,Department,Depa006,경상국립대_중어중문학과,Course,Cour0397,중국문학사Ⅰ,offers,학과와 교육과정(교과목)의 관계
659,Department,Depa006,경상국립대_중어중문학과,Course,Cour0398,중국어회화연습Ⅱ,offers,학과와 교육과정(교과목)의 관계
660,Department,Depa006,경상국립대_중어중문학과,Course,Cour0399,중국고대문자,offers,학과와 교육과정(교과목)의 관계
661,Department,Depa006,경상국립대_중어중문학과,Course,Cour0400,고급중국어Ⅰ,offers,학과와 교육과정(교과목)의 관계
662,Department,Depa006,경상국립대_중어중문학과,Course,Cour0401,중국고전소설,offers,학과와 교육과정(교과목)의 관계
663,Department,Depa006,경상국립대_중어중문학과,Course,Cour0402,중국어교과교육론,offers,학과와 교육과정(교과목)의 관계
664,Department,Depa006,경상국립대_중어중문학과,Course,Cour0403,경서강독,offers,학과와 교육과정(교과목)의 관계
665,Department,Depa006,경상국립대_중어중문학과,Course,Cour0404,중국문학사Ⅱ,offers,학과와 교육과정(교과목)의 관계
666,Department,Depa006,경상국립대_중어중문학과,Course,Cour0405,중국어작문연습Ⅱ,offers,학과와 교육과정(교과목)의 관계
667,Department,Depa006,경상국립대_중어중문학과,Course,Cour0406,중국고대시가,offers,학과와 교육과정(교과목)의 관계
668,Department,Depa006,경상국립대_중어중문학과,Course,Cour0407,중국어음운론,offers,학과와 교육과정(교과목)의 관계
669,Department,Depa006,경상국립대_중어중문학과,Course,Cour0408,중국어문장론,offers,학과와 교육과정(교과목)의 관계
670,Department,Depa006,경상국립대_중어중문학과,Course,Cour0409,고급중국어Ⅱ,offers,학과와 교육과정(교과목)의 관계
671,Department,Depa006,경상국립대_중어중문학과,Course,Cour0410,중국현대소설,offers,학과와 교육과정(교과목)의 관계
672,Department,Depa006,경상국립대_중어중문학과,Course,Cour0411,중국어회화연습Ⅲ,offers,학과와 교육과정(교과목)의 관계
673,Department,Depa006,경상국립대_중어중문학과,Course,Cour0412,비지니스중국어,offers,학과와 교육과정(교과목)의 관계
674,Department,Depa006,경상국립대_중어중문학과,Course,Cour0413,중국공연영상예술의이해,offers,학과와 교육과정(교과목)의 관계
675,Department,Depa006,경상국립대_중어중문학과,Course,Cour0414,중국지역학창의융합PBLⅠ,offers,학과와 교육과정(교과목)의 관계
676,Department,Depa006,경상국립대_중어중문학과,Course,Cour0415,중국언어와지역문화,offers,학과와 교육과정(교과목)의 관계
677,Department,Depa006,경상국립대_중어중문학과,Course,Cour0416,중국어교재연구및지도법,offers,학과와 교육과정(교과목)의 관계
678,Department,Depa006,경상국립대_중어중문학과,Course,Cour0417,당송시가,offers,학과와 교육과정(교과목)의 관계
679,Department,Depa006,경상국립대_중어중문학과,Course,Cour0418,중국출토문헌의세계,offers,학과와 교육과정(교과목)의 관계
680,Department,Depa006,경상국립대_중어중문학과,Course,Cour0419,중국소설과근대의탄생,offers,학과와 교육과정(교과목)의 관계
681,Department,Depa006,경상국립대_중어중문학과,Course,Cour0420,중국사곡,offers,학과와 교육과정(교과목)의 관계
682,Department,Depa006,경상국립대_중어중문학과,Course,Cour0421,중국현대문학특강,offers,학과와 교육과정(교과목)의 관계
683,Department,Depa006,경상국립대_중어중문학과,Course,Cour0422,중국어작문연습Ⅲ,offers,학과와 교육과정(교과목)의 관계
684,Department,Depa006,경상국립대_중어중문학과,Course,Cour0423,중국지역학창의융합PBLⅡ,offers,학과와 교육과정(교과목)의 관계
685,Department,Depa007,경성대_중국학과,Course,Cour0424,대학생활설계,offers,학과와 교육과정(교과목)의 관계
686,Department,Depa007,경성대_중국학과,Course,Cour0425,인성과성찰,offers,학과와 교육과정(교과목)의 관계
687,Department,Depa007,경성대_중국학과,Course,Cour0426,사고와표현Ⅰ,offers,학과와 교육과정(교과목)의 관계
688,Department,Depa007,경성대_중국학과,Course,Cour0427,사고와표현Ⅱ,offers,학과와 교육과정(교과목)의 관계
689,Department,Depa007,경성대_중국학과,Course,Cour0428,EnglishCommunicationⅠ,offers,학과와 교육과정(교과목)의 관계
690,Department,Depa007,경성대_중국학과,Course,Cour0429,EnglishCommunicationⅡ,offers,학과와 교육과정(교과목)의 관계
691,Department,Depa007,경성대_중국학과,Course,Cour0430,융합Cell,offers,학과와 교육과정(교과목)의 관계
692,Department,Depa007,경성대_중국학과,Course,Cour0431,취창업진로설계,offers,학과와 교육과정(교과목)의 관계
693,Department,Depa007,경성대_중국학과,Course,Cour0432,자기관리,offers,학과와 교육과정(교과목)의 관계
694,Department,Depa007,경성대_중국학과,Course,Cour0433,디지털기술,offers,학과와 교육과정(교과목)의 관계
695,Department,Depa007,경성대_중국학과,Course,Cour0434,공감소통,offers,학과와 교육과정(교과목)의 관계
696,Department,Depa007,경성대_중국학과,Course,Cour0435,창의융합,offers,학과와 교육과정(교과목)의 관계
697,Department,Depa007,경성대_중국학과,Course,Cour0436,외국어,offers,학과와 교육과정(교과목)의 관계
698,Department,Depa007,경성대_중국학과,Course,Cour0437,건강과스포츠,offers,학과와 교육과정(교과목)의 관계
699,Department,Depa007,경성대_중국학과,Course,Cour0438,취업과실용,offers,학과와 교육과정(교과목)의 관계
700,Department,Depa007,경성대_중국학과,Course,Cour0439,기초중국어실습Ⅰ,offers,학과와 교육과정(교과목)의 관계
701,Department,Depa007,경성대_중국학과,Course,Cour0440,전공탐색,offers,학과와 교육과정(교과목)의 관계
702,Department,Depa007,경성대_중국학과,Course,Cour0441,중국어필수한자,offers,학과와 교육과정(교과목)의 관계
703,Department,Depa007,경성대_중국학과,Course,Cour0442,중국문화의이해,offers,학과와 교육과정(교과목)의 관계
704,Department,Depa007,경성대_중국학과,Course,Cour0443,기초중국어실습Ⅱ,offers,학과와 교육과정(교과목)의 관계
705,Department,Depa007,경성대_중국학과,Course,Cour0444,중국어회화실습Ⅰ,offers,학과와 교육과정(교과목)의 관계
706,Department,Depa007,경성대_중국학과,Course,Cour0445,중국어강독Ⅰ,offers,학과와 교육과정(교과목)의 관계
707,Department,Depa007,경성대_중국학과,Course,Cour0446,중국문학사,offers,학과와 교육과정(교과목)의 관계
708,Department,Depa007,경성대_중국학과,Course,Cour0447,중국역사와사상,offers,학과와 교육과정(교과목)의 관계
709,Department,Depa007,경성대_중국학과,Course,Cour0448,한자의세계,offers,학과와 교육과정(교과목)의 관계
710,Department,Depa007,경성대_중국학과,Course,Cour0449,세계와중국,offers,학과와 교육과정(교과목)의 관계
711,Department,Depa007,경성대_중국학과,Course,Cour0450,중국경제입문,offers,학과와 교육과정(교과목)의 관계
712,Department,Depa007,경성대_중국학과,Course,Cour0451,중국경제지리,offers,학과와 교육과정(교과목)의 관계
713,Department,Depa007,경성대_중국학과,Course,Cour0452,중국어회화실습Ⅱ,offers,학과와 교육과정(교과목)의 관계
714,Department,Depa007,경성대_중국학과,Course,Cour0453,중국어강독Ⅱ,offers,학과와 교육과정(교과목)의 관계
715,Department,Depa007,경성대_중국학과,Course,Cour0454,중국한문강독,offers,학과와 교육과정(교과목)의 관계
716,Department,Depa007,경성대_중국학과,Course,Cour0455,한중언어문화비교,offers,학과와 교육과정(교과목)의 관계
717,Department,Depa007,경성대_중국학과,Course,Cour0456,중국현대문학의이해,offers,학과와 교육과정(교과목)의 관계
718,Department,Depa007,경성대_중국학과,Course,Cour0457,중국비즈니스문화,offers,학과와 교육과정(교과목)의 관계
719,Department,Depa007,경성대_중국학과,Course,Cour0458,4차산업혁명과중국시장,offers,학과와 교육과정(교과목)의 관계
720,Department,Depa007,경성대_중국학과,Course,Cour0459,중국경제세미나,offers,학과와 교육과정(교과목)의 관계
721,Department,Depa007,경성대_중국학과,Course,Cour0460,고급중국어회화실습Ⅰ,offers,학과와 교육과정(교과목)의 관계
722,Department,Depa007,경성대_중국학과,Course,Cour0461,응용시사중국어,offers,학과와 교육과정(교과목)의 관계
723,Department,Depa007,경성대_중국학과,Course,Cour0462,중국어학개론,offers,학과와 교육과정(교과목)의 관계
724,Department,Depa007,경성대_중국학과,Course,Cour0463,중국어작문실습,offers,학과와 교육과정(교과목)의 관계
725,Department,Depa007,경성대_중국학과,Course,Cour0464,중국역대명문선독,offers,학과와 교육과정(교과목)의 관계
726,Department,Depa007,경성대_중국학과,Course,Cour0465,중국무역실무,offers,학과와 교육과정(교과목)의 관계
727,Department,Depa007,경성대_중국학과,Course,Cour0466,중국문화콘텐츠산업의이해,offers,학과와 교육과정(교과목)의 관계
728,Department,Depa007,경성대_중국학과,Course,Cour0467,중국어프레젠테이션,offers,학과와 교육과정(교과목)의 관계
729,Department,Depa007,경성대_중국학과,Course,Cour0468,고급중국어회화실습Ⅱ,offers,학과와 교육과정(교과목)의 관계
730,Department,Depa007,경성대_중국학과,Course,Cour0469,고급중국어강독,offers,학과와 교육과정(교과목)의 관계
731,Department,Depa007,경성대_중국학과,Course,Cour0470,중국어문법,offers,학과와 교육과정(교과목)의 관계
732,Department,Depa007,경성대_중국학과,Course,Cour0471,중한번역실습,offers,학과와 교육과정(교과목)의 관계
733,Department,Depa007,경성대_중국학과,Course,Cour0472,중국어문특강,offers,학과와 교육과정(교과목)의 관계
734,Department,Depa007,경성대_중국학과,Course,Cour0473,중국투자론,offers,학과와 교육과정(교과목)의 관계
735,Department,Depa007,경성대_중국학과,Course,Cour0474,중국경제법률과통상,offers,학과와 교육과정(교과목)의 관계
736,Department,Depa007,경성대_중국학과,Course,Cour0475,중국통상원문강독,offers,학과와 교육과정(교과목)의 관계
737,Department,Depa007,경성대_중국학과,Course,Cour0476,무역중국어,offers,학과와 교육과정(교과목)의 관계
738,Department,Depa007,경성대_중국학과,Course,Cour0477,중국어문학원전강독,offers,학과와 교육과정(교과목)의 관계
739,Department,Depa007,경성대_중국학과,Course,Cour0478,차이나마케팅,offers,학과와 교육과정(교과목)의 관계
740,Department,Depa007,경성대_중국학과,Course,Cour0479,중국전자상거래창업론,offers,학과와 교육과정(교과목)의 관계
741,Department,Depa007,경성대_중국학과,Course,Cour0480,중국뉴스청취,offers,학과와 교육과정(교과목)의 관계
742,Department,Depa007,경성대_중국학과,Course,Cour0481,중국문화콘텐츠제작실습(캡스톤디자인),offers,학과와 교육과정(교과목)의 관계
743,Department,Depa007,경성대_중국학과,Course,Cour0482,중국문화콘텐츠세미나(캡스톤디자인),offers,학과와 교육과정(교과목)의 관계
744,Department,Depa008,경희대_중국어학과,Course,Cour0483,한자와한자어,offers,학과와 교육과정(교과목)의 관계
745,Department,Depa008,경희대_중국어학과,Course,Cour0484,중국역사의이해,offers,학과와 교육과정(교과목)의 관계
746,Department,Depa008,경희대_중국어학과,Course,Cour0485,중국디지털인문정보,offers,학과와 교육과정(교과목)의 관계
747,Department,Depa008,경희대_중국어학과,Course,Cour0486,중국문자의이해,offers,학과와 교육과정(교과목)의 관계
748,Department,Depa008,경희대_중국어학과,Course,Cour0487,중국언어의이해,offers,학과와 교육과정(교과목)의 관계
749,Department,Depa008,경희대_중국어학과,Course,Cour0488,중국고대문학사,offers,학과와 교육과정(교과목)의 관계
750,Department,Depa008,경희대_중국어학과,Course,Cour0489,중국현대문학사,offers,학과와 교육과정(교과목)의 관계
751,Department,Depa008,경희대_중국어학과,Course,Cour0490,중국어의사소통의이해,offers,학과와 교육과정(교과목)의 관계
752,Department,Depa008,경희대_중국어학과,Course,Cour0491,졸업논문,offers,학과와 교육과정(교과목)의 관계
753,Department,Depa008,경희대_중국어학과,Course,Cour0492,초급중국어회화Ⅰ,offers,학과와 교육과정(교과목)의 관계
754,Department,Depa008,경희대_중국어학과,Course,Cour0493,초급중국어회화Ⅱ,offers,학과와 교육과정(교과목)의 관계
755,Department,Depa008,경희대_중국어학과,Course,Cour0494,한문강독,offers,학과와 교육과정(교과목)의 관계
756,Department,Depa008,경희대_중국어학과,Course,Cour0495,중급중국어회화Ⅰ,offers,학과와 교육과정(교과목)의 관계
757,Department,Depa008,경희대_중국어학과,Course,Cour0496,중급중국어회화Ⅱ,offers,학과와 교육과정(교과목)의 관계
758,Department,Depa008,경희대_중국어학과,Course,Cour0497,중국언어와사회,offers,학과와 교육과정(교과목)의 관계
759,Department,Depa008,경희대_중국어학과,Course,Cour0498,중국어문법Ⅰ,offers,학과와 교육과정(교과목)의 관계
760,Department,Depa008,경희대_중국어학과,Course,Cour0499,중국근현대사,offers,학과와 교육과정(교과목)의 관계
761,Department,Depa008,경희대_중국어학과,Course,Cour0500,중급중국어강독,offers,학과와 교육과정(교과목)의 관계
762,Department,Depa008,경희대_중국어학과,Course,Cour0501,중국어작문,offers,학과와 교육과정(교과목)의 관계
763,Department,Depa008,경희대_중국어학과,Course,Cour0502,중국어문법Ⅱ,offers,학과와 교육과정(교과목)의 관계
764,Department,Depa008,경희대_중국어학과,Course,Cour0503,고급중국어회화Ⅰ,offers,학과와 교육과정(교과목)의 관계
765,Department,Depa008,경희대_중국어학과,Course,Cour0504,고급중국어회화Ⅱ,offers,학과와 교육과정(교과목)의 관계
766,Department,Depa008,경희대_중국어학과,Course,Cour0505,중국고전소설강독,offers,학과와 교육과정(교과목)의 관계
767,Department,Depa008,경희대_중국어학과,Course,Cour0506,고급중국어강독,offers,학과와 교육과정(교과목)의 관계
768,Department,Depa008,경희대_중국어학과,Course,Cour0507,중국시사강론,offers,학과와 교육과정(교과목)의 관계
769,Department,Depa008,경희대_중국어학과,Course,Cour0508,중국고전시가강독,offers,학과와 교육과정(교과목)의 관계
770,Department,Depa008,경희대_중국어학과,Course,Cour0509,중국어디지털리터러시,offers,학과와 교육과정(교과목)의 관계
771,Department,Depa008,경희대_중국어학과,Course,Cour0510,제자백가강독,offers,학과와 교육과정(교과목)의 관계
772,Department,Depa008,경희대_중국어학과,Course,Cour0511,중국고전산문강독,offers,학과와 교육과정(교과목)의 관계
773,Department,Depa008,경희대_중국어학과,Course,Cour0512,중국외교론,offers,학과와 교육과정(교과목)의 관계
774,Department,Depa008,경희대_중국어학과,Course,Cour0513,중국현대문학감상,offers,학과와 교육과정(교과목)의 관계
775,Department,Depa008,경희대_중국어학과,Course,Cour0514,중국영화와비평,offers,학과와 교육과정(교과목)의 관계
776,Department,Depa008,경희대_중국어학과,Course,Cour0515,캡스톤디자인(중국어),offers,학과와 교육과정(교과목)의 관계
777,Department,Depa008,경희대_중국어학과,Course,Cour0516,중국어자연어처리,offers,학과와 교육과정(교과목)의 관계
778,Department,Depa008,경희대_중국어학과,Course,Cour0517,교과교육론(중국어),offers,학과와 교육과정(교과목)의 관계
779,Department,Depa008,경희대_중국어학과,Course,Cour0518,교과교재연구및지도법(중국어),offers,학과와 교육과정(교과목)의 관계
780,Department,Depa008,경희대_중국어학과,Course,Cour0519,교과교수법(중국어),offers,학과와 교육과정(교과목)의 관계
781,Department,Depa008,경희대_중국어학과,Course,Cour0520,현장연수활동(중국어),offers,학과와 교육과정(교과목)의 관계
782,Department,Depa009,계명대_중국어중국학과,Course,Cour0521,현대중국의이해,offers,학과와 교육과정(교과목)의 관계
783,Department,Depa009,계명대_중국어중국학과,Course,Cour0522,대학생활과진로설계,offers,학과와 교육과정(교과목)의 관계
784,Department,Depa009,계명대_중국어중국학과,Course,Cour0523,현대중국어기초한자,offers,학과와 교육과정(교과목)의 관계
785,Department,Depa009,계명대_중국어중국학과,Course,Cour0524,기초중국어Ⅰ,offers,학과와 교육과정(교과목)의 관계
786,Department,Depa009,계명대_중국어중국학과,Course,Cour0525,중국학입문,offers,학과와 교육과정(교과목)의 관계
787,Department,Depa009,계명대_중국어중국학과,Course,Cour0526,기초중국어Ⅱ,offers,학과와 교육과정(교과목)의 관계
788,Department,Depa009,계명대_중국어중국학과,Course,Cour0527,기초중국어작문,offers,학과와 교육과정(교과목)의 관계
789,Department,Depa009,계명대_중국어중국학과,Course,Cour0528,중국문학의이해,offers,학과와 교육과정(교과목)의 관계
790,Department,Depa009,계명대_중국어중국학과,Course,Cour0529,중국현대경제론,offers,학과와 교육과정(교과목)의 관계
791,Department,Depa009,계명대_중국어중국학과,Course,Cour0530,중급중국어회화Ⅰ,offers,학과와 교육과정(교과목)의 관계
792,Department,Depa009,계명대_중국어중국학과,Course,Cour0531,한자와중국어,offers,학과와 교육과정(교과목)의 관계
793,Department,Depa009,계명대_중국어중국학과,Course,Cour0532,중국사회지리,offers,학과와 교육과정(교과목)의 관계
794,Department,Depa009,계명대_중국어중국학과,Course,Cour0533,중급중국어독해,offers,학과와 교육과정(교과목)의 관계
795,Department,Depa009,계명대_중국어중국학과,Course,Cour0534,현대중국어문법,offers,학과와 교육과정(교과목)의 관계
796,Department,Depa009,계명대_중국어중국학과,Course,Cour0535,중급중국어,offers,학과와 교육과정(교과목)의 관계
797,Department,Depa009,계명대_중국어중국학과,Course,Cour0536,중급중국어회화Ⅱ,offers,학과와 교육과정(교과목)의 관계
798,Department,Depa009,계명대_중국어중국학과,Course,Cour0537,현대중국사회의이해,offers,학과와 교육과정(교과목)의 관계
799,Department,Depa009,계명대_중국어중국학과,Course,Cour0538,중국경영전략,offers,학과와 교육과정(교과목)의 관계
800,Department,Depa009,계명대_중국어중국학과,Course,Cour0539,중국신흥시장의이해,offers,학과와 교육과정(교과목)의 관계
801,Department,Depa009,계명대_중국어중국학과,Course,Cour0540,시청각중국어,offers,학과와 교육과정(교과목)의 관계
802,Department,Depa009,계명대_중국어중국학과,Course,Cour0541,고급중국어실습(중국현지연수),offers,학과와 교육과정(교과목)의 관계
803,Department,Depa009,계명대_중국어중국학과,Course,Cour0542,고급중국어강독(중국현지연수),offers,학과와 교육과정(교과목)의 관계
804,Department,Depa009,계명대_중국어중국학과,Course,Cour0543,중국문화의이해(중국현지연수),offers,학과와 교육과정(교과목)의 관계
805,Department,Depa009,계명대_중국어중국학과,Course,Cour0544,HSK연습(중국현지연수),offers,학과와 교육과정(교과목)의 관계
806,Department,Depa009,계명대_중국어중국학과,Course,Cour0545,중국현장연구(중국현지연수),offers,학과와 교육과정(교과목)의 관계
807,Department,Depa009,계명대_중국어중국학과,Course,Cour0546,고급중국어회화Ⅰ(중국현지이수),offers,학과와 교육과정(교과목)의 관계
808,Department,Depa009,계명대_중국어중국학과,Course,Cour0547,중국무역론,offers,학과와 교육과정(교과목)의 관계
809,Department,Depa009,계명대_중국어중국학과,Course,Cour0548,고급중국어(중국현지이수),offers,학과와 교육과정(교과목)의 관계
810,Department,Depa009,계명대_중국어중국학과,Course,Cour0549,고급중국어독해Ⅰ,offers,학과와 교육과정(교과목)의 관계
811,Department,Depa009,계명대_중국어중국학과,Course,Cour0550,중급중국어작문(중국현지이수),offers,학과와 교육과정(교과목)의 관계
812,Department,Depa009,계명대_중국어중국학과,Course,Cour0551,고급중국어연습(중국현지이수),offers,학과와 교육과정(교과목)의 관계
813,Department,Depa009,계명대_중국어중국학과,Course,Cour0552,중국정치지도자와정치,offers,학과와 교육과정(교과목)의 관계
814,Department,Depa009,계명대_중국어중국학과,Course,Cour0553,중국사회정책,offers,학과와 교육과정(교과목)의 관계
815,Department,Depa009,계명대_중국어중국학과,Course,Cour0554,관광실무중국어,offers,학과와 교육과정(교과목)의 관계
816,Department,Depa009,계명대_중국어중국학과,Course,Cour0555,중국언어와사회문화,offers,학과와 교육과정(교과목)의 관계
817,Department,Depa009,계명대_중국어중국학과,Course,Cour0556,고급중국어회화Ⅰ,offers,학과와 교육과정(교과목)의 관계
818,Department,Depa009,계명대_중국어중국학과,Course,Cour0557,중국어교육론,offers,학과와 교육과정(교과목)의 관계
819,Department,Depa009,계명대_중국어중국학과,Course,Cour0558,고급중국어회화Ⅱ,offers,학과와 교육과정(교과목)의 관계
820,Department,Depa009,계명대_중국어중국학과,Course,Cour0559,중국투자론,offers,학과와 교육과정(교과목)의 관계
821,Department,Depa009,계명대_중국어중국학과,Course,Cour0560,고급중국어독해Ⅱ,offers,학과와 교육과정(교과목)의 관계
822,Department,Depa009,계명대_중국어중국학과,Course,Cour0561,고급중국어작문,offers,학과와 교육과정(교과목)의 관계
823,Department,Depa009,계명대_중국어중국학과,Course,Cour0562,중국현대정치,offers,학과와 교육과정(교과목)의 관계
824,Department,Depa009,계명대_중국어중국학과,Course,Cour0563,현대중국문화의이해,offers,학과와 교육과정(교과목)의 관계
825,Department,Depa009,계명대_중국어중국학과,Course,Cour0564,해외지역학세미나,offers,학과와 교육과정(교과목)의 관계
826,Department,Depa009,계명대_중국어중국학과,Course,Cour0565,중국고사성어와삶의지혜,offers,학과와 교육과정(교과목)의 관계
827,Department,Depa009,계명대_중국어중국학과,Course,Cour0566,데이터로보는중국사회,offers,학과와 교육과정(교과목)의 관계
828,Department,Depa009,계명대_중국어중국학과,Course,Cour0567,중국의역사와정신문화,offers,학과와 교육과정(교과목)의 관계
829,Department,Depa009,계명대_중국어중국학과,Course,Cour0568,중국어교재연구및지도법,offers,학과와 교육과정(교과목)의 관계
830,Department,Depa009,계명대_중국어중국학과,Course,Cour0569,중국현대문학강독,offers,학과와 교육과정(교과목)의 관계
831,Department,Depa009,계명대_중국어중국학과,Course,Cour0570,중국특색사회주의,offers,학과와 교육과정(교과목)의 관계
832,Department,Depa009,계명대_중국어중국학과,Course,Cour0571,당대중국사회세미나(원어강의),offers,학과와 교육과정(교과목)의 관계
833,Department,Depa009,계명대_중국어중국학과,Course,Cour0572,국제학세미나,offers,학과와 교육과정(교과목)의 관계
834,Department,Depa009,계명대_중국어중국학과,Course,Cour0573,중국학캡스톤디자인,offers,학과와 교육과정(교과목)의 관계
835,Department,Depa009,계명대_중국어중국학과,Course,Cour0574,중국문화와대중매체,offers,학과와 교육과정(교과목)의 관계
836,Department,Depa009,계명대_중국어중국학과,Course,Cour0575,외국어논리및논술,offers,학과와 교육과정(교과목)의 관계
837,Department,Depa009,계명대_중국어중국학과,Course,Cour0576,영화로보는중국,offers,학과와 교육과정(교과목)의 관계
838,Department,Depa009,계명대_중국어중국학과,Course,Cour0577,중국무역회사창업과경영,offers,학과와 교육과정(교과목)의 관계
839,Department,Depa009,계명대_중국어중국학과,Course,Cour0578,중국의국제관계,offers,학과와 교육과정(교과목)의 관계
840,Department,Depa009,계명대_중국어중국학과,Course,Cour0579,중국경제세미나,offers,학과와 교육과정(교과목)의 관계
841,Department,Depa009,계명대_중국어중국학과,Course,Cour0580,현대중국의문학과역사쟁점,offers,학과와 교육과정(교과목)의 관계
842,Department,Depa009,계명대_중국어중국학과,Course,Cour0581,비즈니스중국어,offers,학과와 교육과정(교과목)의 관계
843,Department,Depa009,계명대_중국어중국학과,Course,Cour0582,중국소비시장의이해,offers,학과와 교육과정(교과목)의 관계
844,Department,Depa009,계명대_중국어중국학과,Course,Cour0583,중국과국제정치경제,offers,학과와 교육과정(교과목)의 관계
845,Department,Depa009,계명대_중국어중국학과,Course,Cour0584,동양사상사,offers,학과와 교육과정(교과목)의 관계
846,Department,Depa009,계명대_중국어중국학과,Course,Cour0585,동양외교사,offers,학과와 교육과정(교과목)의 관계
847,Department,Depa009,계명대_중국어중국학과,Course,Cour0586,중국역사서강독,offers,학과와 교육과정(교과목)의 관계
848,Department,Depa009,계명대_중국어중국학과,Course,Cour0587,중국정치와외교,offers,학과와 교육과정(교과목)의 관계
849,Department,Depa009,계명대_중국어중국학과,Course,Cour0588,취창업과자기계발,offers,학과와 교육과정(교과목)의 관계
850,Department,Depa009,계명대_중국어중국학과,Course,Cour0589,중국어중국학창업현장실습Ⅰ,offers,학과와 교육과정(교과목)의 관계
851,Department,Depa009,계명대_중국어중국학과,Course,Cour0590,중국어중국학창업현장실습Ⅱ,offers,학과와 교육과정(교과목)의 관계
852,Department,Depa009,계명대_중국어중국학과,Course,Cour0591,중국어중국학학기창업현장실습,offers,학과와 교육과정(교과목)의 관계
853,Department,Depa009,계명대_중국어중국학과,Course,Cour0592,중국어중국학프로젝트,offers,학과와 교육과정(교과목)의 관계
854,Department,Depa009,계명대_중국어중국학과,Course,Cour0593,중국어중국학현장실습Ⅰ,offers,학과와 교육과정(교과목)의 관계
855,Department,Depa009,계명대_중국어중국학과,Course,Cour0594,중국어중국학현장실습Ⅱ,offers,학과와 교육과정(교과목)의 관계
856,Department,Depa009,계명대_중국어중국학과,Course,Cour0595,중국어중국학현장실습Ⅲ,offers,학과와 교육과정(교과목)의 관계
857,Department,Depa009,계명대_중국어중국학과,Course,Cour0596,중국어중국학현장실습Ⅳ,offers,학과와 교육과정(교과목)의 관계
858,Department,Depa009,계명대_중국어중국학과,Course,Cour0597,중국어중국학학기현장실습,offers,학과와 교육과정(교과목)의 관계
859,Department,Depa009,계명대_중국어중국학과,Course,Cour0598,국외외국어연수(중국어),offers,학과와 교육과정(교과목)의 관계
860,Department,Depa010,고려대_중어중문학과,Course,Cour0599,중국어회화Ⅰ,offers,학과와 교육과정(교과목)의 관계
861,Department,Depa010,고려대_중어중문학과,Course,Cour0600,중국어회화Ⅱ,offers,학과와 교육과정(교과목)의 관계
862,Department,Depa010,고려대_중어중문학과,Course,Cour0601,중급중국어강독Ⅰ,offers,학과와 교육과정(교과목)의 관계
863,Department,Depa010,고려대_중어중문학과,Course,Cour0602,중급중국어강독Ⅱ,offers,학과와 교육과정(교과목)의 관계
864,Department,Depa010,고려대_중어중문학과,Course,Cour0603,현대중국어문법Ⅰ,offers,학과와 교육과정(교과목)의 관계
865,Department,Depa010,고려대_중어중문학과,Course,Cour0604,현대중국어문법Ⅱ,offers,학과와 교육과정(교과목)의 관계
866,Department,Depa010,고려대_중어중문학과,Course,Cour0605,중국고전문학사Ⅰ,offers,학과와 교육과정(교과목)의 관계
867,Department,Depa010,고려대_중어중문학과,Course,Cour0606,중국고전문학사Ⅱ,offers,학과와 교육과정(교과목)의 관계
868,Department,Depa010,고려대_중어중문학과,Course,Cour0607,중국현대문학사,offers,학과와 교육과정(교과목)의 관계
869,Department,Depa010,고려대_중어중문학과,Course,Cour0608,중국뉴미디어문화Ⅰ,offers,학과와 교육과정(교과목)의 관계
870,Department,Depa010,고려대_중어중문학과,Course,Cour0609,중국뉴미디어문화Ⅱ,offers,학과와 교육과정(교과목)의 관계
871,Department,Depa010,고려대_중어중문학과,Course,Cour0610,현대중국사회의이해,offers,학과와 교육과정(교과목)의 관계
872,Department,Depa010,고려대_중어중문학과,Course,Cour0611,고급중국어연습Ⅰ,offers,학과와 교육과정(교과목)의 관계
873,Department,Depa010,고려대_중어중문학과,Course,Cour0612,고급중국어연습Ⅱ,offers,학과와 교육과정(교과목)의 관계
874,Department,Depa010,고려대_중어중문학과,Course,Cour0613,중국어작문Ⅰ,offers,학과와 교육과정(교과목)의 관계
875,Department,Depa010,고려대_중어중문학과,Course,Cour0614,중국어작문Ⅱ,offers,학과와 교육과정(교과목)의 관계
876,Department,Depa010,고려대_중어중문학과,Course,Cour0615,중국어의이해Ⅰ,offers,학과와 교육과정(교과목)의 관계
877,Department,Depa010,고려대_중어중문학과,Course,Cour0616,중국어의이해Ⅱ,offers,학과와 교육과정(교과목)의 관계
878,Department,Depa010,고려대_중어중문학과,Course,Cour0617,중국언어학주제탐구Ⅰ,offers,학과와 교육과정(교과목)의 관계
879,Department,Depa010,고려대_중어중문학과,Course,Cour0618,중국언어학주제탐구Ⅱ,offers,학과와 교육과정(교과목)의 관계
880,Department,Depa010,고려대_중어중문학과,Course,Cour0619,중국고전강독Ⅰ,offers,학과와 교육과정(교과목)의 관계
881,Department,Depa010,고려대_중어중문학과,Course,Cour0620,중국고전강독Ⅱ,offers,학과와 교육과정(교과목)의 관계
882,Department,Depa010,고려대_중어중문학과,Course,Cour0621,중국고전시가Ⅰ,offers,학과와 교육과정(교과목)의 관계
883,Department,Depa010,고려대_중어중문학과,Course,Cour0622,중국고전시가Ⅱ,offers,학과와 교육과정(교과목)의 관계
884,Department,Depa010,고려대_중어중문학과,Course,Cour0623,중국현대소설,offers,학과와 교육과정(교과목)의 관계
885,Department,Depa010,고려대_중어중문학과,Course,Cour0624,중국현대시,offers,학과와 교육과정(교과목)의 관계
886,Department,Depa010,고려대_중어중문학과,Course,Cour0625,중국고전소설Ⅰ,offers,학과와 교육과정(교과목)의 관계
887,Department,Depa010,고려대_중어중문학과,Course,Cour0626,중국고전소설Ⅱ,offers,학과와 교육과정(교과목)의 관계
888,Department,Depa010,고려대_중어중문학과,Course,Cour0627,중국의공연예술,offers,학과와 교육과정(교과목)의 관계
889,Department,Depa010,고려대_중어중문학과,Course,Cour0628,인물로보는중국문화,offers,학과와 교육과정(교과목)의 관계
890,Department,Depa010,고려대_중어중문학과,Course,Cour0629,중국인문지리,offers,학과와 교육과정(교과목)의 관계
891,Department,Depa010,고려대_중어중문학과,Course,Cour0630,중국어사Ⅰ,offers,학과와 교육과정(교과목)의 관계
892,Department,Depa010,고려대_중어중문학과,Course,Cour0631,중국어사Ⅱ,offers,학과와 교육과정(교과목)의 관계
893,Department,Depa010,고려대_중어중문학과,Course,Cour0632,중국어세미나Ⅰ,offers,학과와 교육과정(교과목)의 관계
894,Department,Depa010,고려대_중어중문학과,Course,Cour0633,중국어세미나Ⅱ,offers,학과와 교육과정(교과목)의 관계
895,Department,Depa010,고려대_중어중문학과,Course,Cour0634,중국어통역연습,offers,학과와 교육과정(교과목)의 관계
896,Department,Depa010,고려대_중어중문학과,Course,Cour0635,삼국지의영웅과전쟁,offers,학과와 교육과정(교과목)의 관계
897,Department,Depa010,고려대_중어중문학과,Course,Cour0636,중국현대문학비평,offers,학과와 교육과정(교과목)의 관계
898,Department,Depa010,고려대_중어중문학과,Course,Cour0637,중국현대산문,offers,학과와 교육과정(교과목)의 관계
899,Department,Depa010,고려대_중어중문학과,Course,Cour0638,중국문학과영상문화,offers,학과와 교육과정(교과목)의 관계
900,Department,Depa010,고려대_중어중문학과,Course,Cour0639,중국어교과교육론,offers,학과와 교육과정(교과목)의 관계
901,Department,Depa010,고려대_중어중문학과,Course,Cour0640,중국어교과교재연구및지도법,offers,학과와 교육과정(교과목)의 관계
902,Department,Depa010,고려대_중어중문학과,Course,Cour0641,중국어교과논리및논술,offers,학과와 교육과정(교과목)의 관계
903,Department,Depa010,고려대_중어중문학과,Course,Cour0642,중국어Ⅰ,offers,학과와 교육과정(교과목)의 관계
904,Department,Depa010,고려대_중어중문학과,Course,Cour0643,중국어Ⅱ,offers,학과와 교육과정(교과목)의 관계
905,Department,Depa010,고려대_중어중문학과,Course,Cour0644,고급영어,offers,학과와 교육과정(교과목)의 관계
906,Department,Depa010,고려대_중어중문학과,Course,Cour0645,디지털인문학응용,offers,학과와 교육과정(교과목)의 관계
907,Department,Depa010,고려대_중어중문학과,Course,Cour0646,[진로·창업]1학년세미나Ⅰ,offers,학과와 교육과정(교과목)의 관계
908,Department,Depa010,고려대_중어중문학과,Course,Cour0647,[진로·창업]1학년세미나Ⅱ,offers,학과와 교육과정(교과목)의 관계
909,Department,Depa010,고려대_중어중문학과,Course,Cour0648,AcademicEnglishⅠ,offers,학과와 교육과정(교과목)의 관계
910,Department,Depa010,고려대_중어중문학과,Course,Cour0649,[진로·창업]생명과학의세계,offers,학과와 교육과정(교과목)의 관계
911,Department,Depa010,고려대_중어중문학과,Course,Cour0650,[진로·창업]SW프로그래밍의기초,offers,학과와 교육과정(교과목)의 관계
912,Department,Depa010,고려대_중어중문학과,Course,Cour0651,[진로·창업]데이터과학과인공지능,offers,학과와 교육과정(교과목)의 관계
913,Department,Depa010,고려대_중어중문학과,Course,Cour0652,글쓰기,offers,학과와 교육과정(교과목)의 관계
914,Department,Depa010,고려대_중어중문학과,Course,Cour0653,학문세계의탐구Ⅰ,offers,학과와 교육과정(교과목)의 관계
915,Department,Depa012,국립공주대_중어중문학과,Course,Cour0712,중국어학개론,offers,학과와 교육과정(교과목)의 관계
916,Department,Depa012,국립공주대_중어중문학과,Course,Cour0713,중국문학사Ⅰ,offers,학과와 교육과정(교과목)의 관계
917,Department,Depa012,국립공주대_중어중문학과,Course,Cour0714,중국시가강독,offers,학과와 교육과정(교과목)의 관계
918,Department,Depa012,국립공주대_중어중문학과,Course,Cour0715,4차산업혁명과중국,offers,학과와 교육과정(교과목)의 관계
919,Department,Depa012,국립공주대_중어중문학과,Course,Cour0716,중국의트렌드변화,offers,학과와 교육과정(교과목)의 관계
920,Department,Depa012,국립공주대_중어중문학과,Course,Cour0717,기초중국어강독Ⅰ,offers,학과와 교육과정(교과목)의 관계
921,Department,Depa012,국립공주대_중어중문학과,Course,Cour0718,중국어언어실습Ⅰ,offers,학과와 교육과정(교과목)의 관계
922,Department,Depa012,국립공주대_중어중문학과,Course,Cour0719,기초한자의이해,offers,학과와 교육과정(교과목)의 관계
923,Department,Depa012,국립공주대_중어중문학과,Course,Cour0720,기초중국어강독Ⅱ,offers,학과와 교육과정(교과목)의 관계
924,Department,Depa012,국립공주대_중어중문학과,Course,Cour0721,중국어언어실습Ⅱ,offers,학과와 교육과정(교과목)의 관계
925,Department,Depa012,국립공주대_중어중문학과,Course,Cour0722,기초한문강독,offers,학과와 교육과정(교과목)의 관계
926,Department,Depa012,국립공주대_중어중문학과,Course,Cour0723,중국문화의이해,offers,학과와 교육과정(교과목)의 관계
927,Department,Depa012,국립공주대_중어중문학과,Course,Cour0724,초급중국어강독,offers,학과와 교육과정(교과목)의 관계
928,Department,Depa012,국립공주대_중어중문학과,Course,Cour0725,초급중국어회화및작문Ⅰ,offers,학과와 교육과정(교과목)의 관계
929,Department,Depa012,국립공주대_중어중문학과,Course,Cour0726,중국민속특강,offers,학과와 교육과정(교과목)의 관계
930,Department,Depa012,국립공주대_중어중문학과,Course,Cour0727,중국언어학사,offers,학과와 교육과정(교과목)의 관계
931,Department,Depa012,국립공주대_중어중문학과,Course,Cour0728,초급중국어회화및작문Ⅱ,offers,학과와 교육과정(교과목)의 관계
932,Department,Depa012,국립공주대_중어중문학과,Course,Cour0729,중급중국어회화및작문,offers,학과와 교육과정(교과목)의 관계
933,Department,Depa012,국립공주대_중어중문학과,Course,Cour0730,중국문학사Ⅱ,offers,학과와 교육과정(교과목)의 관계
934,Department,Depa012,국립공주대_중어중문학과,Course,Cour0731,맹자이야기,offers,학과와 교육과정(교과목)의 관계
935,Department,Depa012,국립공주대_중어중문학과,Course,Cour0732,현대어법의이해Ⅰ,offers,학과와 교육과정(교과목)의 관계
936,Department,Depa012,국립공주대_중어중문학과,Course,Cour0733,중국현대문학작품감상,offers,학과와 교육과정(교과목)의 관계
937,Department,Depa012,국립공주대_중어중문학과,Course,Cour0734,당송사감상,offers,학과와 교육과정(교과목)의 관계
938,Department,Depa012,국립공주대_중어중문학과,Course,Cour0735,고급중국어회화및작문,offers,학과와 교육과정(교과목)의 관계
939,Department,Depa012,국립공주대_중어중문학과,Course,Cour0736,비지니스중국어,offers,학과와 교육과정(교과목)의 관계
940,Department,Depa012,국립공주대_중어중문학과,Course,Cour0737,뉴스중국어,offers,학과와 교육과정(교과목)의 관계
941,Department,Depa012,국립공주대_중어중문학과,Course,Cour0738,현대어법의이해Ⅱ,offers,학과와 교육과정(교과목)의 관계
942,Department,Depa012,국립공주대_중어중문학과,Course,Cour0739,중국어작문,offers,학과와 교육과정(교과목)의 관계
943,Department,Depa012,국립공주대_중어중문학과,Course,Cour0740,중국현당대문학사,offers,학과와 교육과정(교과목)의 관계
944,Department,Depa012,국립공주대_중어중문학과,Course,Cour0741,중한번역연습,offers,학과와 교육과정(교과목)의 관계
945,Department,Depa012,국립공주대_중어중문학과,Course,Cour0742,리스닝중국어,offers,학과와 교육과정(교과목)의 관계
946,Department,Depa012,국립공주대_중어중문학과,Course,Cour0743,중국영화와비평,offers,학과와 교육과정(교과목)의 관계
947,Department,Depa012,국립공주대_중어중문학과,Course,Cour0744,중한어휘비교,offers,학과와 교육과정(교과목)의 관계
948,Department,Depa012,국립공주대_중어중문학과,Course,Cour0745,중국어교육론,offers,학과와 교육과정(교과목)의 관계
949,Department,Depa012,국립공주대_중어중문학과,Course,Cour0746,중국어교재연구및지도법,offers,학과와 교육과정(교과목)의 관계
950,Department,Depa012,국립공주대_중어중문학과,Course,Cour0747,중국어논리와논술,offers,학과와 교육과정(교과목)의 관계
951,Department,Depa013,국립군산대_중어중문학과,Course,Cour0837,비전있는대학생활,offers,학과와 교육과정(교과목)의 관계
952,Department,Depa013,국립군산대_중어중문학과,Course,Cour0838,영어Ⅰ,offers,학과와 교육과정(교과목)의 관계
953,Department,Depa013,국립군산대_중어중문학과,Course,Cour0839,기초글쓰기,offers,학과와 교육과정(교과목)의 관계
954,Department,Depa013,국립군산대_중어중문학과,Course,Cour0840,영어Ⅱ,offers,학과와 교육과정(교과목)의 관계
955,Department,Depa013,국립군산대_중어중문학과,Course,Cour0841,정보문해력과목택1,offers,학과와 교육과정(교과목)의 관계
956,Department,Depa013,국립군산대_중어중문학과,Course,Cour0842,중국의이해,offers,학과와 교육과정(교과목)의 관계
957,Department,Depa013,국립군산대_중어중문학과,Course,Cour0843,중국어입문,offers,학과와 교육과정(교과목)의 관계
958,Department,Depa013,국립군산대_중어중문학과,Course,Cour0844,중급중국어Ⅰ,offers,학과와 교육과정(교과목)의 관계
959,Department,Depa013,국립군산대_중어중문학과,Course,Cour0845,초급중국어회화,offers,학과와 교육과정(교과목)의 관계
960,Department,Depa013,국립군산대_중어중문학과,Course,Cour0846,중국문학개론,offers,학과와 교육과정(교과목)의 관계
961,Department,Depa013,국립군산대_중어중문학과,Course,Cour0847,기초한자와중국어,offers,학과와 교육과정(교과목)의 관계
962,Department,Depa013,국립군산대_중어중문학과,Course,Cour0848,중국어교과교육론,offers,학과와 교육과정(교과목)의 관계
963,Department,Depa013,국립군산대_중어중문학과,Course,Cour0849,중국어권문화,offers,학과와 교육과정(교과목)의 관계
964,Department,Depa013,국립군산대_중어중문학과,Course,Cour0850,고급중국어,offers,학과와 교육과정(교과목)의 관계
965,Department,Depa013,국립군산대_중어중문학과,Course,Cour0851,중국어작문,offers,학과와 교육과정(교과목)의 관계
966,Department,Depa013,국립군산대_중어중문학과,Course,Cour0852,현대중국의이해,offers,학과와 교육과정(교과목)의 관계
967,Department,Depa013,국립군산대_중어중문학과,Course,Cour0853,현장실습Ⅰ,offers,학과와 교육과정(교과목)의 관계
968,Department,Depa013,국립군산대_중어중문학과,Course,Cour0854,중국어번역연습,offers,학과와 교육과정(교과목)의 관계
969,Department,Depa013,국립군산대_중어중문학과,Course,Cour0855,중국어교과논리및논술,offers,학과와 교육과정(교과목)의 관계
970,Department,Depa013,국립군산대_중어중문학과,Course,Cour0856,통섭으로읽는다문화코드중국,offers,학과와 교육과정(교과목)의 관계
971,Department,Depa013,국립군산대_중어중문학과,Course,Cour0857,무역중국어회화,offers,학과와 교육과정(교과목)의 관계
972,Department,Depa013,국립군산대_중어중문학과,Course,Cour0858,한시와위진시가,offers,학과와 교육과정(교과목)의 관계
973,Department,Depa013,국립군산대_중어중문학과,Course,Cour0859,21세기새만금지역학,offers,학과와 교육과정(교과목)의 관계
974,Department,Depa013,국립군산대_중어중문학과,Course,Cour0860,이백두보론,offers,학과와 교육과정(교과목)의 관계
975,Department,Depa013,국립군산대_중어중문학과,Course,Cour0861,현장실습Ⅲ,offers,학과와 교육과정(교과목)의 관계
976,Department,Depa013,국립군산대_중어중문학과,Course,Cour0862,캡스톤디자인Ⅰ,offers,학과와 교육과정(교과목)의 관계
977,Department,Depa013,국립군산대_중어중문학과,Course,Cour0863,현장종합실습Ⅰ,offers,학과와 교육과정(교과목)의 관계
978,Department,Depa013,국립군산대_중어중문학과,Course,Cour0864,마케팅과무역중국어,offers,학과와 교육과정(교과목)의 관계
979,Department,Depa013,국립군산대_중어중문학과,Course,Cour0865,현대중국대중문화,offers,학과와 교육과정(교과목)의 관계
980,Department,Depa013,국립군산대_중어중문학과,Course,Cour0866,비즈니스중국어회화,offers,학과와 교육과정(교과목)의 관계
981,Department,Depa013,국립군산대_중어중문학과,Course,Cour0867,초급중국어,offers,학과와 교육과정(교과목)의 관계
982,Department,Depa013,국립군산대_중어중문학과,Course,Cour0868,기초중국어회화,offers,학과와 교육과정(교과목)의 관계
983,Department,Depa013,국립군산대_중어중문학과,Course,Cour0869,중급중국어Ⅱ,offers,학과와 교육과정(교과목)의 관계
984,Department,Depa013,국립군산대_중어중문학과,Course,Cour0870,실무중국어회화,offers,학과와 교육과정(교과목)의 관계
985,Department,Depa013,국립군산대_중어중문학과,Course,Cour0871,중국문학사,offers,학과와 교육과정(교과목)의 관계
986,Department,Depa013,국립군산대_중어중문학과,Course,Cour0872,중국어문법,offers,학과와 교육과정(교과목)의 관계
987,Department,Depa013,국립군산대_중어중문학과,Course,Cour0873,한문강독,offers,학과와 교육과정(교과목)의 관계
988,Department,Depa013,국립군산대_중어중문학과,Course,Cour0874,중국어교과교재및연구법,offers,학과와 교육과정(교과목)의 관계
989,Department,Depa013,국립군산대_중어중문학과,Course,Cour0875,중국언어와사회,offers,학과와 교육과정(교과목)의 관계
990,Department,Depa013,국립군산대_중어중문학과,Course,Cour0876,한·중·일정치경제,offers,학과와 교육과정(교과목)의 관계
991,Department,Depa013,국립군산대_중어중문학과,Course,Cour0877,시사중국어,offers,학과와 교육과정(교과목)의 관계
992,Department,Depa013,국립군산대_중어중문학과,Course,Cour0878,현장실습Ⅱ,offers,학과와 교육과정(교과목)의 관계
993,Department,Depa013,국립군산대_중어중문학과,Course,Cour0879,중국어회화,offers,학과와 교육과정(교과목)의 관계
994,Department,Depa013,국립군산대_중어중문학과,Course,Cour0880,중국현대소설과영화,offers,학과와 교육과정(교과목)의 관계
995,Department,Depa013,국립군산대_중어중문학과,Course,Cour0881,중국어강독,offers,학과와 교육과정(교과목)의 관계
996,Department,Depa013,국립군산대_중어중문학과,Course,Cour0882,중국어실용문,offers,학과와 교육과정(교과목)의 관계
997,Department,Depa013,국립군산대_중어중문학과,Course,Cour0883,당송시가,offers,학과와 교육과정(교과목)의 관계
998,Department,Depa013,국립군산대_중어중문학과,Course,Cour0884,중국고전산문감상,offers,학과와 교육과정(교과목)의 관계
999,Department,Depa013,국립군산대_중어중문학과,Course,Cour0885,현장실습Ⅳ,offers,학과와 교육과정(교과목)의 관계
1000,Department,Depa013,국립군산대_중어중문학과,Course,Cour0886,중국문학평론,offers,학과와 교육과정(교과목)의 관계
1001,Department,Depa013,국립군산대_중어중문학과,Course,Cour0887,캡스톤디자인Ⅱ,offers,학과와 교육과정(교과목)의 관계
1002,Department,Depa013,국립군산대_중어중문학과,Course,Cour0888,현장종합실습Ⅱ,offers,학과와 교육과정(교과목)의 관계
1003,Department,Depa013,국립군산대_중어중문학과,Course,Cour0889,중국어통번역특강,offers,학과와 교육과정(교과목)의 관계
1004,Department,Depa013,국립군산대_중어중문학과,Course,Cour0890,중국문화산업과한류,offers,학과와 교육과정(교과목)의 관계
1005,Department,Depa013,국립군산대_중어중문학과,Course,Cour0891,미디어중국어,offers,학과와 교육과정(교과목)의 관계
1006,Department,Depa017,동국대_중어중문학과,Course,Cour0998,중국고전문학사,offers,학과와 교육과정(교과목)의 관계
1007,Department,Depa017,동국대_중어중문학과,Course,Cour0999,집중중국어,offers,학과와 교육과정(교과목)의 관계
1008,Department,Depa017,동국대_중어중문학과,Course,Cour1000,중국현대문학사,offers,학과와 교육과정(교과목)의 관계
1009,Department,Depa017,동국대_중어중문학과,Course,Cour1001,중국근세문학사,offers,학과와 교육과정(교과목)의 관계
1010,Department,Depa017,동국대_중어중문학과,Course,Cour1002,중국어회화,offers,학과와 교육과정(교과목)의 관계
1011,Department,Depa017,동국대_중어중문학과,Course,Cour1003,전공중국어Ⅰ,offers,학과와 교육과정(교과목)의 관계
1012,Department,Depa017,동국대_중어중문학과,Course,Cour1004,전공중국어Ⅱ,offers,학과와 교육과정(교과목)의 관계
1013,Department,Depa017,동국대_중어중문학과,Course,Cour1005,중국어어휘와문화,offers,학과와 교육과정(교과목)의 관계
1014,Department,Depa017,동국대_중어중문학과,Course,Cour1006,현대중국어의이해,offers,학과와 교육과정(교과목)의 관계
1015,Department,Depa017,동국대_중어중문학과,Course,Cour1007,대중문화로읽는현대중국,offers,학과와 교육과정(교과목)의 관계
1016,Department,Depa017,동국대_중어중문학과,Course,Cour1008,중국인문지리,offers,학과와 교육과정(교과목)의 관계
1017,Department,Depa017,동국대_중어중문학과,Course,Cour1009,클립중국어,offers,학과와 교육과정(교과목)의 관계
1018,Department,Depa017,동국대_중어중문학과,Course,Cour1010,인문융합의중국학,offers,학과와 교육과정(교과목)의 관계
1019,Department,Depa017,동국대_중어중문학과,Course,Cour1011,중국인의사상과지혜,offers,학과와 교육과정(교과목)의 관계
1020,Department,Depa017,동국대_중어중문학과,Course,Cour1012,시사중국어,offers,학과와 교육과정(교과목)의 관계
1021,Department,Depa017,동국대_중어중문학과,Course,Cour1013,중국영화,offers,학과와 교육과정(교과목)의 관계
1022,Department,Depa017,동국대_중어중문학과,Course,Cour1014,중국어작문연습,offers,학과와 교육과정(교과목)의 관계
1023,Department,Depa017,동국대_중어중문학과,Course,Cour1015,중국어문장구조의이해,offers,학과와 교육과정(교과목)의 관계
1024,Department,Depa017,동국대_중어중문학과,Course,Cour1016,중국시의이해,offers,학과와 교육과정(교과목)의 관계
1025,Department,Depa017,동국대_중어중문학과,Course,Cour1017,현대중국어실용문법,offers,학과와 교육과정(교과목)의 관계
1026,Department,Depa017,동국대_중어중문학과,Course,Cour1018,고대중국어구문독해,offers,학과와 교육과정(교과목)의 관계
1027,Department,Depa017,동국대_중어중문학과,Course,Cour1019,타이완의역사와문화,offers,학과와 교육과정(교과목)의 관계
1028,Department,Depa017,동국대_중어중문학과,Course,Cour1020,현대중국어와AI,offers,학과와 교육과정(교과목)의 관계
1029,Department,Depa017,동국대_중어중문학과,Course,Cour1021,한자와커뮤니케이션,offers,학과와 교육과정(교과목)의 관계
1030,Department,Depa017,동국대_중어중문학과,Course,Cour1022,중국공연예술의이해(캡스톤디자인),offers,학과와 교육과정(교과목)의 관계
1031,Department,Depa017,동국대_중어중문학과,Course,Cour1023,한중통상문화,offers,학과와 교육과정(교과목)의 관계
1032,Department,Depa017,동국대_중어중문학과,Course,Cour1024,중국시사콘텐츠,offers,학과와 교육과정(교과목)의 관계
1033,Department,Depa018,동국대_중어중문학과(W),Course,Cour1025,글로벌어문학의이해,offers,학과와 교육과정(교과목)의 관계
1034,Department,Depa018,동국대_중어중문학과(W),Course,Cour1026,기초중국어연습Ⅰ,offers,학과와 교육과정(교과목)의 관계
1035,Department,Depa018,동국대_중어중문학과(W),Course,Cour1027,동서양문화의이해,offers,학과와 교육과정(교과목)의 관계
1036,Department,Depa018,동국대_중어중문학과(W),Course,Cour1028,기초중국어연습Ⅱ,offers,학과와 교육과정(교과목)의 관계
1037,Department,Depa018,동국대_중어중문학과(W),Course,Cour1029,국제지역학입문,offers,학과와 교육과정(교과목)의 관계
1038,Department,Depa018,동국대_중어중문학과(W),Course,Cour1030,중급중국어Ⅰ,offers,학과와 교육과정(교과목)의 관계
1039,Department,Depa018,동국대_중어중문학과(W),Course,Cour1031,중국문학개론,offers,학과와 교육과정(교과목)의 관계
1040,Department,Depa018,동국대_중어중문학과(W),Course,Cour1032,중국어회화Ⅰ,offers,학과와 교육과정(교과목)의 관계
1041,Department,Depa018,동국대_중어중문학과(W),Course,Cour1033,중국어문법,offers,학과와 교육과정(교과목)의 관계
1042,Department,Depa018,동국대_중어중문학과(W),Course,Cour1034,중어중문학전공진로탐색,offers,학과와 교육과정(교과목)의 관계
1043,Department,Depa018,동국대_중어중문학과(W),Course,Cour1035,한중상용한자,offers,학과와 교육과정(교과목)의 관계
1044,Department,Depa018,동국대_중어중문학과(W),Course,Cour1036,중급중국어Ⅱ,offers,학과와 교육과정(교과목)의 관계
1045,Department,Depa018,동국대_중어중문학과(W),Course,Cour1037,중국어학개론,offers,학과와 교육과정(교과목)의 관계
1046,Department,Depa018,동국대_중어중문학과(W),Course,Cour1038,중국어회화Ⅱ,offers,학과와 교육과정(교과목)의 관계
1047,Department,Depa018,동국대_중어중문학과(W),Course,Cour1039,중국어어휘,offers,학과와 교육과정(교과목)의 관계
1048,Department,Depa018,동국대_중어중문학과(W),Course,Cour1040,중국통역실습,offers,학과와 교육과정(교과목)의 관계
1049,Department,Depa018,동국대_중어중문학과(W),Course,Cour1041,중국어회화Ⅲ,offers,학과와 교육과정(교과목)의 관계
1050,Department,Depa018,동국대_중어중문학과(W),Course,Cour1042,중국지역과인물,offers,학과와 교육과정(교과목)의 관계
1051,Department,Depa018,동국대_중어중문학과(W),Course,Cour1043,한문강독,offers,학과와 교육과정(교과목)의 관계
1052,Department,Depa018,동국대_중어중문학과(W),Course,Cour1044,중국불교문화유산의디지털체험과이해,offers,학과와 교육과정(교과목)의 관계
1053,Department,Depa018,동국대_중어중문학과(W),Course,Cour1045,중국번역실습,offers,학과와 교육과정(교과목)의 관계
1054,Department,Depa018,동국대_중어중문학과(W),Course,Cour1046,중국명저와현대적리더십,offers,학과와 교육과정(교과목)의 관계
1055,Department,Depa018,동국대_중어중문학과(W),Course,Cour1047,중국문학과디지털콘텐츠,offers,학과와 교육과정(교과목)의 관계
1056,Department,Depa018,동국대_중어중문학과(W),Course,Cour1048,중국문화콘텐츠,offers,학과와 교육과정(교과목)의 관계
1057,Department,Depa018,동국대_중어중문학과(W),Course,Cour1049,AI기반중국어회화실습과디지털언어학습,offers,학과와 교육과정(교과목)의 관계
1058,Department,Depa018,동국대_중어중문학과(W),Course,Cour1050,중어중문학취업세미나,offers,학과와 교육과정(교과목)의 관계
1059,Department,Depa018,동국대_중어중문학과(W),Course,Cour1051,고급중국어인증실습,offers,학과와 교육과정(교과목)의 관계
1060,Department,Depa018,동국대_중어중문학과(W),Course,Cour1052,삼국지와경영전략,offers,학과와 교육과정(교과목)의 관계
1061,Department,Depa018,동국대_중어중문학과(W),Course,Cour1053,중어중문학캡스톤디자인,offers,학과와 교육과정(교과목)의 관계
1062,Department,Depa018,동국대_중어중문학과(W),Course,Cour1054,중국어권문화,offers,학과와 교육과정(교과목)의 관계
1063,Department,Depa018,동국대_중어중문학과(W),Course,Cour1055,비즈니스실용중국어,offers,학과와 교육과정(교과목)의 관계
1064,Department,Depa018,동국대_중어중문학과(W),Course,Cour1056,중국문화UCC종합설계및활용,offers,학과와 교육과정(교과목)의 관계
1065,Department,Depa018,동국대_중어중문학과(W),Course,Cour1057,중국어인증종합설계및활용,offers,학과와 교육과정(교과목)의 관계
1066,Department,Depa018,동국대_중어중문학과(W),Course,Cour1058,중어중문학현장실습Ⅰ,offers,학과와 교육과정(교과목)의 관계
1067,Department,Depa018,동국대_중어중문학과(W),Course,Cour1059,중어중문학현장실습Ⅱ,offers,학과와 교육과정(교과목)의 관계
1068,Department,Depa018,동국대_중어중문학과(W),Course,Cour1060,중어중문학현장실습Ⅲ,offers,학과와 교육과정(교과목)의 관계
1069,Department,Depa018,동국대_중어중문학과(W),Course,Cour1061,중어중문학현장실습Ⅳ,offers,학과와 교육과정(교과목)의 관계
1070,Department,Depa018,동국대_중어중문학과(W),Course,Cour1062,중국어교육론,offers,학과와 교육과정(교과목)의 관계
1071,Department,Depa018,동국대_중어중문학과(W),Course,Cour1063,중국어교재연구및지도법,offers,학과와 교육과정(교과목)의 관계
1072,Department,Depa018,동국대_중어중문학과(W),Course,Cour1064,중국어논리및논술,offers,학과와 교육과정(교과목)의 관계
1073,Department,Depa019,동서대_중국어학과,Course,Cour1103,영어Ⅰ,offers,학과와 교육과정(교과목)의 관계
1074,Department,Depa019,동서대_중국어학과,Course,Cour1104,창의적생활코딩Ⅰ,offers,학과와 교육과정(교과목)의 관계
1075,Department,Depa019,동서대_중국어학과,Course,Cour1105,열린사고와표현,offers,학과와 교육과정(교과목)의 관계
1076,Department,Depa019,동서대_중국어학과,Course,Cour1106,채플(달란트발견),offers,학과와 교육과정(교과목)의 관계
1077,Department,Depa019,동서대_중국어학과,Course,Cour1107,기초일본어강독Ⅰ,offers,학과와 교육과정(교과목)의 관계
1078,Department,Depa019,동서대_중국어학과,Course,Cour1108,초급중국어리딩Ⅰ,offers,학과와 교육과정(교과목)의 관계
1079,Department,Depa019,동서대_중국어학과,Course,Cour1109,초급영어회화,offers,학과와 교육과정(교과목)의 관계
1080,Department,Depa019,동서대_중국어학과,Course,Cour1110,문화와관광,offers,학과와 교육과정(교과목)의 관계
1081,Department,Depa019,동서대_중국어학과,Course,Cour1111,호텔과호텔리어,offers,학과와 교육과정(교과목)의 관계
1082,Department,Depa019,동서대_중국어학과,Course,Cour1112,스포츠레저산업의이해,offers,학과와 교육과정(교과목)의 관계
1083,Department,Depa019,동서대_중국어학과,Course,Cour1113,영어Ⅱ,offers,학과와 교육과정(교과목)의 관계
1084,Department,Depa019,동서대_중국어학과,Course,Cour1114,중국어Ⅰ,offers,학과와 교육과정(교과목)의 관계
1085,Department,Depa019,동서대_중국어학과,Course,Cour1115,고전으로세상읽기,offers,학과와 교육과정(교과목)의 관계
1086,Department,Depa019,동서대_중국어학과,Course,Cour1116,채플(달란트발견),offers,학과와 교육과정(교과목)의 관계
1087,Department,Depa019,동서대_중국어학과,Course,Cour1117,문학개론,offers,학과와 교육과정(교과목)의 관계
1088,Department,Depa019,동서대_중국어학과,Course,Cour1118,초급중국어리딩Ⅱ,offers,학과와 교육과정(교과목)의 관계
1089,Department,Depa019,동서대_중국어학과,Course,Cour1119,중국학가이드,offers,학과와 교육과정(교과목)의 관계
1090,Department,Depa019,동서대_중국어학과,Course,Cour1120,초급중국어커뮤니케이션,offers,학과와 교육과정(교과목)의 관계
1091,Department,Depa019,동서대_중국어학과,Course,Cour1121,전공과진로설계,offers,학과와 교육과정(교과목)의 관계
1092,Department,Depa019,동서대_중국어학과,Course,Cour1122,중국어Ⅱ,offers,학과와 교육과정(교과목)의 관계
1093,Department,Depa019,동서대_중국어학과,Course,Cour1123,창의적생활코딩Ⅱ,offers,학과와 교육과정(교과목)의 관계
1094,Department,Depa019,동서대_중국어학과,Course,Cour1124,채플(사랑과결혼),offers,학과와 교육과정(교과목)의 관계
1095,Department,Depa019,동서대_중국어학과,Course,Cour1125,채플(찬양과경배),offers,학과와 교육과정(교과목)의 관계
1096,Department,Depa019,동서대_중국어학과,Course,Cour1126,채플(그리스도의생애),offers,학과와 교육과정(교과목)의 관계
1097,Department,Depa019,동서대_중국어학과,Course,Cour1127,채플(성지순례),offers,학과와 교육과정(교과목)의 관계
1098,Department,Depa019,동서대_중국어학과,Course,Cour1128,해외교양연수Ⅰ,offers,학과와 교육과정(교과목)의 관계
1099,Department,Depa019,동서대_중국어학과,Course,Cour1129,중급중국어리딩Ⅰ,offers,학과와 교육과정(교과목)의 관계
1100,Department,Depa019,동서대_중국어학과,Course,Cour1130,중급중국어커뮤니케이션Ⅰ,offers,학과와 교육과정(교과목)의 관계
1101,Department,Depa019,동서대_중국어학과,Course,Cour1131,중국어구문원리Ⅰ,offers,학과와 교육과정(교과목)의 관계
1102,Department,Depa019,동서대_중국어학과,Course,Cour1132,중국영화와역사,offers,학과와 교육과정(교과목)의 관계
1103,Department,Depa019,동서대_중국어학과,Course,Cour1133,해외전공연수(CHINA)Ⅰ,offers,학과와 교육과정(교과목)의 관계
1104,Department,Depa019,동서대_중국어학과,Course,Cour1134,해외전공연수(CHINA)Ⅱ,offers,학과와 교육과정(교과목)의 관계
1105,Department,Depa019,동서대_중국어학과,Course,Cour1135,해외전공연수(CHINA)Ⅲ,offers,학과와 교육과정(교과목)의 관계
1106,Department,Depa019,동서대_중국어학과,Course,Cour1136,해외전공연수(CHINA)Ⅳ,offers,학과와 교육과정(교과목)의 관계
1107,Department,Depa019,동서대_중국어학과,Course,Cour1137,해외전공연수(CHINA)Ⅴ,offers,학과와 교육과정(교과목)의 관계
1108,Department,Depa019,동서대_중국어학과,Course,Cour1138,해외전공연수(CHINA)Ⅵ,offers,학과와 교육과정(교과목)의 관계
1109,Department,Depa019,동서대_중국어학과,Course,Cour1139,해외전공연수(CHINA)Ⅶ,offers,학과와 교육과정(교과목)의 관계
1110,Department,Depa019,동서대_중국어학과,Course,Cour1140,해외전공연수(CHINA)Ⅷ,offers,학과와 교육과정(교과목)의 관계
1111,Department,Depa019,동서대_중국어학과,Course,Cour1141,해외전공연수(CHINA)Ⅸ,offers,학과와 교육과정(교과목)의 관계
1112,Department,Depa019,동서대_중국어학과,Course,Cour1142,채플(이웃사랑),offers,학과와 교육과정(교과목)의 관계
1113,Department,Depa019,동서대_중국어학과,Course,Cour1143,채플(죽음의이해),offers,학과와 교육과정(교과목)의 관계
1114,Department,Depa019,동서대_중국어학과,Course,Cour1144,채플(기도와대화),offers,학과와 교육과정(교과목)의 관계
1115,Department,Depa019,동서대_중국어학과,Course,Cour1145,채플(말씀과묵상),offers,학과와 교육과정(교과목)의 관계
1116,Department,Depa019,동서대_중국어학과,Course,Cour1146,해외교양연수Ⅰ,offers,학과와 교육과정(교과목)의 관계
1117,Department,Depa019,동서대_중국어학과,Course,Cour1147,중급중국어리딩Ⅱ,offers,학과와 교육과정(교과목)의 관계
1118,Department,Depa019,동서대_중국어학과,Course,Cour1148,중급중국어커뮤니케이션Ⅱ,offers,학과와 교육과정(교과목)의 관계
1119,Department,Depa019,동서대_중국어학과,Course,Cour1149,중국어구문원리Ⅱ,offers,학과와 교육과정(교과목)의 관계
1120,Department,Depa019,동서대_중국어학과,Course,Cour1150,중국문화의이해와공감,offers,학과와 교육과정(교과목)의 관계
1121,Department,Depa019,동서대_중국어학과,Course,Cour1151,해외전공연수(CHINA)Ⅰ,offers,학과와 교육과정(교과목)의 관계
1122,Department,Depa019,동서대_중국어학과,Course,Cour1152,해외전공연수(CHINA)Ⅱ,offers,학과와 교육과정(교과목)의 관계
1123,Department,Depa019,동서대_중국어학과,Course,Cour1153,해외전공연수(CHINA)Ⅲ,offers,학과와 교육과정(교과목)의 관계
1124,Department,Depa019,동서대_중국어학과,Course,Cour1154,해외전공연수(CHINA)Ⅳ,offers,학과와 교육과정(교과목)의 관계
1125,Department,Depa019,동서대_중국어학과,Course,Cour1155,해외전공연수(CHINA)Ⅴ,offers,학과와 교육과정(교과목)의 관계
1126,Department,Depa019,동서대_중국어학과,Course,Cour1156,해외전공연수(CHINA)Ⅵ,offers,학과와 교육과정(교과목)의 관계
1127,Department,Depa019,동서대_중국어학과,Course,Cour1157,해외전공연수(CHINA)Ⅶ,offers,학과와 교육과정(교과목)의 관계
1128,Department,Depa019,동서대_중국어학과,Course,Cour1158,해외전공연수(CHINA)Ⅷ,offers,학과와 교육과정(교과목)의 관계
1129,Department,Depa019,동서대_중국어학과,Course,Cour1159,해외전공연수(CHINA)Ⅸ,offers,학과와 교육과정(교과목)의 관계
1130,Department,Depa019,동서대_중국어학과,Course,Cour1160,채플(사랑과결혼),offers,학과와 교육과정(교과목)의 관계
1131,Department,Depa019,동서대_중국어학과,Course,Cour1161,채플(찬양과경배),offers,학과와 교육과정(교과목)의 관계
1132,Department,Depa019,동서대_중국어학과,Course,Cour1162,채플(그리스도의생애),offers,학과와 교육과정(교과목)의 관계
1133,Department,Depa019,동서대_중국어학과,Course,Cour1163,채플(성지순례),offers,학과와 교육과정(교과목)의 관계
1134,Department,Depa019,동서대_중국어학과,Course,Cour1164,중국산문감상(캡스톤디자인),offers,학과와 교육과정(교과목)의 관계
1135,Department,Depa019,동서대_중국어학과,Course,Cour1165,중국어에세이Ⅰ,offers,학과와 교육과정(교과목)의 관계
1136,Department,Depa019,동서대_중국어학과,Course,Cour1166,테마중국어커뮤니케이션Ⅰ,offers,학과와 교육과정(교과목)의 관계
1137,Department,Depa019,동서대_중국어학과,Course,Cour1167,중국사회의이해,offers,학과와 교육과정(교과목)의 관계
1138,Department,Depa019,동서대_중국어학과,Course,Cour1168,채플(이웃사랑),offers,학과와 교육과정(교과목)의 관계
1139,Department,Depa019,동서대_중국어학과,Course,Cour1169,채플(죽음의이해),offers,학과와 교육과정(교과목)의 관계
1140,Department,Depa019,동서대_중국어학과,Course,Cour1170,채플(기도와대화),offers,학과와 교육과정(교과목)의 관계
1141,Department,Depa019,동서대_중국어학과,Course,Cour1171,채플(말씀과묵상),offers,학과와 교육과정(교과목)의 관계
1142,Department,Depa019,동서대_중국어학과,Course,Cour1172,중국시사프리젠테이션,offers,학과와 교육과정(교과목)의 관계
1143,Department,Depa019,동서대_중국어학과,Course,Cour1173,중국어에세이Ⅱ,offers,학과와 교육과정(교과목)의 관계
1144,Department,Depa019,동서대_중국어학과,Course,Cour1174,중국고전읽기,offers,학과와 교육과정(교과목)의 관계
1145,Department,Depa019,동서대_중국어학과,Course,Cour1175,중국영상과문학,offers,학과와 교육과정(교과목)의 관계
1146,Department,Depa019,동서대_중국어학과,Course,Cour1176,테마중국어커뮤니케이션Ⅱ,offers,학과와 교육과정(교과목)의 관계
1147,Department,Depa019,동서대_중국어학과,Course,Cour1177,중국주제세미나,offers,학과와 교육과정(교과목)의 관계
1148,Department,Depa019,동서대_중국어학과,Course,Cour1178,중국어통번역연습,offers,학과와 교육과정(교과목)의 관계
1149,Department,Depa020,동아대_중국학과,Course,Cour1179,기초중국어Ⅰ,offers,학과와 교육과정(교과목)의 관계
1150,Department,Depa020,동아대_중국학과,Course,Cour1180,중국의시간과역사,offers,학과와 교육과정(교과목)의 관계
1151,Department,Depa020,동아대_중국학과,Course,Cour1181,기초중국어Ⅱ,offers,학과와 교육과정(교과목)의 관계
1152,Department,Depa020,동아대_중국학과,Course,Cour1182,중국의공간과지리,offers,학과와 교육과정(교과목)의 관계
1153,Department,Depa020,동아대_중국학과,Course,Cour1183,중국문자와문화,offers,학과와 교육과정(교과목)의 관계
1154,Department,Depa020,동아대_중국학과,Course,Cour1184,중국과경제학,offers,학과와 교육과정(교과목)의 관계
1155,Department,Depa020,동아대_중국학과,Course,Cour1185,중급중국어Ⅰ,offers,학과와 교육과정(교과목)의 관계
1156,Department,Depa020,동아대_중국학과,Course,Cour1186,중국예술기행,offers,학과와 교육과정(교과목)의 관계
1157,Department,Depa020,동아대_중국학과,Course,Cour1187,현대중국의이해,offers,학과와 교육과정(교과목)의 관계
1158,Department,Depa020,동아대_중국학과,Course,Cour1188,세계와중국,offers,학과와 교육과정(교과목)의 관계
1159,Department,Depa020,동아대_중국학과,Course,Cour1189,중급중국어Ⅱ,offers,학과와 교육과정(교과목)의 관계
1160,Department,Depa020,동아대_중국학과,Course,Cour1190,중국어권문화,offers,학과와 교육과정(교과목)의 관계
1161,Department,Depa020,동아대_중국학과,Course,Cour1191,중국인문학특강,offers,학과와 교육과정(교과목)의 관계
1162,Department,Depa020,동아대_중국학과,Course,Cour1192,중국어문법과작문,offers,학과와 교육과정(교과목)의 관계
1163,Department,Depa020,동아대_중국학과,Course,Cour1193,현대중국경제,offers,학과와 교육과정(교과목)의 관계
1164,Department,Depa020,동아대_중국학과,Course,Cour1194,현대중국정치,offers,학과와 교육과정(교과목)의 관계
1165,Department,Depa020,동아대_중국학과,Course,Cour1195,중국도시기행,offers,학과와 교육과정(교과목)의 관계
1166,Department,Depa020,동아대_중국학과,Course,Cour1196,중국정치세미나,offers,학과와 교육과정(교과목)의 관계
1167,Department,Depa020,동아대_중국학과,Course,Cour1197,고급중국어Ⅰ,offers,학과와 교육과정(교과목)의 관계
1168,Department,Depa020,동아대_중국학과,Course,Cour1198,세계경제와중국통상,offers,학과와 교육과정(교과목)의 관계
1169,Department,Depa020,동아대_중국학과,Course,Cour1199,중국과동아시아,offers,학과와 교육과정(교과목)의 관계
1170,Department,Depa020,동아대_중국학과,Course,Cour1200,한중관계의이해,offers,학과와 교육과정(교과목)의 관계
1171,Department,Depa020,동아대_중국학과,Course,Cour1201,시사중국어,offers,학과와 교육과정(교과목)의 관계
1172,Department,Depa020,동아대_중국학과,Course,Cour1202,중국경제세미나,offers,학과와 교육과정(교과목)의 관계
1173,Department,Depa020,동아대_중국학과,Course,Cour1203,중국어강독,offers,학과와 교육과정(교과목)의 관계
1174,Department,Depa020,동아대_중국학과,Course,Cour1204,중국리더십연구,offers,학과와 교육과정(교과목)의 관계
1175,Department,Depa020,동아대_중국학과,Course,Cour1205,중미관계와한반도,offers,학과와 교육과정(교과목)의 관계
1176,Department,Depa020,동아대_중국학과,Course,Cour1206,중국정치경제강독,offers,학과와 교육과정(교과목)의 관계
1177,Department,Depa020,동아대_중국학과,Course,Cour1207,한중비즈니스특강,offers,학과와 교육과정(교과목)의 관계
1178,Department,Depa020,동아대_중국학과,Course,Cour1208,중국어인터뷰실습,offers,학과와 교육과정(교과목)의 관계
1179,Department,Depa020,동아대_중국학과,Course,Cour1209,중국시장마케팅(캡스톤디자인),offers,학과와 교육과정(교과목)의 관계
1180,Department,Depa020,동아대_중국학과,Course,Cour1210,중국어프리젠테이션실습,offers,학과와 교육과정(교과목)의 관계
1181,Department,Depa020,동아대_중국학과,Course,Cour1211,중국문화컨텐츠,offers,학과와 교육과정(교과목)의 관계
1182,Department,Depa020,동아대_중국학과,Course,Cour1212,중국영화예술,offers,학과와 교육과정(교과목)의 관계
1183,Department,Depa021,동의대_중어중국학과,Course,Cour1213,지도교수멘토링Ⅰ,offers,학과와 교육과정(교과목)의 관계
1184,Department,Depa021,동의대_중어중국학과,Course,Cour1214,프로젝트길잡이Ⅰ,offers,학과와 교육과정(교과목)의 관계
1185,Department,Depa021,동의대_중어중국학과,Course,Cour1215,디지털시대와인문학,offers,학과와 교육과정(교과목)의 관계
1186,Department,Depa021,동의대_중어중국학과,Course,Cour1216,소프트웨어(이해),offers,학과와 교육과정(교과목)의 관계
1187,Department,Depa021,동의대_중어중국학과,Course,Cour1217,영어회화,offers,학과와 교육과정(교과목)의 관계
1188,Department,Depa021,동의대_중어중국학과,Course,Cour1218,지도교수멘토링Ⅰ,offers,학과와 교육과정(교과목)의 관계
1189,Department,Depa021,동의대_중어중국학과,Course,Cour1219,프로젝트길잡이Ⅱ,offers,학과와 교육과정(교과목)의 관계
1190,Department,Depa021,동의대_중어중국학과,Course,Cour1220,기본영어,offers,학과와 교육과정(교과목)의 관계
1191,Department,Depa021,동의대_중어중국학과,Course,Cour1221,논리적사유와글쓰기,offers,학과와 교육과정(교과목)의 관계
1192,Department,Depa021,동의대_중어중국학과,Course,Cour1222,생애및진로설계,offers,학과와 교육과정(교과목)의 관계
1193,Department,Depa021,동의대_중어중국학과,Course,Cour1223,콜라보인성과지속가능발전(ESG),offers,학과와 교육과정(교과목)의 관계
1194,Department,Depa021,동의대_중어중국학과,Course,Cour1224,기초중국어연습,offers,학과와 교육과정(교과목)의 관계
1195,Department,Depa021,동의대_중어중국학과,Course,Cour1225,초급중국어회화Ⅰ,offers,학과와 교육과정(교과목)의 관계
1196,Department,Depa021,동의대_중어중국학과,Course,Cour1226,초급중국어회화Ⅱ,offers,학과와 교육과정(교과목)의 관계
1197,Department,Depa021,동의대_중어중국학과,Course,Cour1227,현대중국의이해,offers,학과와 교육과정(교과목)의 관계
1198,Department,Depa021,동의대_중어중국학과,Course,Cour1228,지도교수멘토링Ⅲ,offers,학과와 교육과정(교과목)의 관계
1199,Department,Depa021,동의대_중어중국학과,Course,Cour1229,슬로리딩,offers,학과와 교육과정(교과목)의 관계
1200,Department,Depa021,동의대_중어중국학과,Course,Cour1230,중급중국어강독Ⅰ,offers,학과와 교육과정(교과목)의 관계
1201,Department,Depa021,동의대_중어중국학과,Course,Cour1231,실용중국어문법,offers,학과와 교육과정(교과목)의 관계
1202,Department,Depa021,동의대_중어중국학과,Course,Cour1232,오늘의중국정치와경제(키스톤디자인),offers,학과와 교육과정(교과목)의 관계
1203,Department,Depa021,동의대_중어중국학과,Course,Cour1233,중국문학읽기,offers,학과와 교육과정(교과목)의 관계
1204,Department,Depa021,동의대_중어중국학과,Course,Cour1234,중국문화산책,offers,학과와 교육과정(교과목)의 관계
1205,Department,Depa021,동의대_중어중국학과,Course,Cour1235,중급중국어회화Ⅰ,offers,학과와 교육과정(교과목)의 관계
1206,Department,Depa021,동의대_중어중국학과,Course,Cour1236,호스피탈리티중국어Ⅰ,offers,학과와 교육과정(교과목)의 관계
1207,Department,Depa021,동의대_중어중국학과,Course,Cour1237,지도교수멘토링Ⅳ,offers,학과와 교육과정(교과목)의 관계
1208,Department,Depa021,동의대_중어중국학과,Course,Cour1238,중국사람이야기(키스톤디자인),offers,학과와 교육과정(교과목)의 관계
1209,Department,Depa021,동의대_중어중국학과,Course,Cour1239,중국역대산문선(키스톤디자인),offers,학과와 교육과정(교과목)의 관계
1210,Department,Depa021,동의대_중어중국학과,Course,Cour1240,중급중국어강독Ⅱ,offers,학과와 교육과정(교과목)의 관계
1211,Department,Depa021,동의대_중어중국학과,Course,Cour1241,중급중국어회화Ⅱ,offers,학과와 교육과정(교과목)의 관계
1212,Department,Depa021,동의대_중어중국학과,Course,Cour1242,호스피탈리티중국어Ⅱ,offers,학과와 교육과정(교과목)의 관계
1213,Department,Depa021,동의대_중어중국학과,Course,Cour1243,지도교수멘토링Ⅴ,offers,학과와 교육과정(교과목)의 관계
1214,Department,Depa021,동의대_중어중국학과,Course,Cour1244,고급중국어강독Ⅰ,offers,학과와 교육과정(교과목)의 관계
1215,Department,Depa021,동의대_중어중국학과,Course,Cour1245,고급중국어회화Ⅰ,offers,학과와 교육과정(교과목)의 관계
1216,Department,Depa021,동의대_중어중국학과,Course,Cour1246,영화로읽는중국,offers,학과와 교육과정(교과목)의 관계
1217,Department,Depa021,동의대_중어중국학과,Course,Cour1247,중국어상용표현연습,offers,학과와 교육과정(교과목)의 관계
1218,Department,Depa021,동의대_중어중국학과,Course,Cour1248,중국언어의이해,offers,학과와 교육과정(교과목)의 관계
1219,Department,Depa021,동의대_중어중국학과,Course,Cour1249,캡스톤디자인(시사중국어),offers,학과와 교육과정(교과목)의 관계
1220,Department,Depa021,동의대_중어중국학과,Course,Cour1250,지도교수멘토링Ⅵ,offers,학과와 교육과정(교과목)의 관계
1221,Department,Depa021,동의대_중어중국학과,Course,Cour1251,HSK중국어Ⅰ,offers,학과와 교육과정(교과목)의 관계
1222,Department,Depa021,동의대_중어중국학과,Course,Cour1252,고급중국어강독Ⅱ,offers,학과와 교육과정(교과목)의 관계
1223,Department,Depa021,동의대_중어중국학과,Course,Cour1253,고급중국어회화Ⅱ,offers,학과와 교육과정(교과목)의 관계
1224,Department,Depa021,동의대_중어중국학과,Course,Cour1254,이슈로읽는중국어,offers,학과와 교육과정(교과목)의 관계
1225,Department,Depa021,동의대_중어중국학과,Course,Cour1255,중국어글쓰기,offers,학과와 교육과정(교과목)의 관계
1226,Department,Depa021,동의대_중어중국학과,Course,Cour1256,캡스톤디자인(중국관광을위한도시기행),offers,학과와 교육과정(교과목)의 관계
1227,Department,Depa021,동의대_중어중국학과,Course,Cour1257,교과교육론(외국어),offers,학과와 교육과정(교과목)의 관계
1228,Department,Depa021,동의대_중어중국학과,Course,Cour1258,교과교재연구및지도법(외국어),offers,학과와 교육과정(교과목)의 관계
1229,Department,Depa021,동의대_중어중국학과,Course,Cour1259,지도교수멘토링Ⅶ,offers,학과와 교육과정(교과목)의 관계
1230,Department,Depa021,동의대_중어중국학과,Course,Cour1260,중국실무와중국어(산학연계학),offers,학과와 교육과정(교과목)의 관계
1231,Department,Depa021,동의대_중어중국학과,Course,Cour1261,중국어통번역연습Ⅰ,offers,학과와 교육과정(교과목)의 관계
1232,Department,Depa021,동의대_중어중국학과,Course,Cour1262,현대중국학특강(산학연계학),offers,학과와 교육과정(교과목)의 관계
1233,Department,Depa021,동의대_중어중국학과,Course,Cour1263,지도교수멘토링Ⅷ,offers,학과와 교육과정(교과목)의 관계
1234,Department,Depa021,동의대_중어중국학과,Course,Cour1264,중국비즈니스와중국어(산학연계학),offers,학과와 교육과정(교과목)의 관계
1235,Department,Depa021,동의대_중어중국학과,Course,Cour1265,중국어통번역연습Ⅱ,offers,학과와 교육과정(교과목)의 관계
1236,Department,Depa021,동의대_중어중국학과,Course,Cour1266,캡스톤디자인(중국을움직이는생각들),offers,학과와 교육과정(교과목)의 관계
1237,Department,Depa021,동의대_중어중국학과,Course,Cour1267,논리및논술(외국어),offers,학과와 교육과정(교과목)의 관계
1238,Department,Depa014,국립부경대_중국학과,Course,Cour1333,중국학입문,offers,학과와 교육과정(교과목)의 관계
1239,Department,Depa014,국립부경대_중국학과,Course,Cour1334,기초중국어회화실습,offers,학과와 교육과정(교과목)의 관계
1240,Department,Depa014,국립부경대_중국학과,Course,Cour1335,생활중국어회화실습,offers,학과와 교육과정(교과목)의 관계
1241,Department,Depa014,국립부경대_중국학과,Course,Cour1336,중국사회조사방법,offers,학과와 교육과정(교과목)의 관계
1242,Department,Depa014,국립부경대_중국학과,Course,Cour1337,중국어문법,offers,학과와 교육과정(교과목)의 관계
1243,Department,Depa014,국립부경대_중국학과,Course,Cour1338,중국경제론,offers,학과와 교육과정(교과목)의 관계
1244,Department,Depa014,국립부경대_중국학과,Course,Cour1339,중급중국어회화실습,offers,학과와 교육과정(교과목)의 관계
1245,Department,Depa014,국립부경대_중국학과,Course,Cour1340,중국의지역연구,offers,학과와 교육과정(교과목)의 관계
1246,Department,Depa014,국립부경대_중국학과,Course,Cour1341,중국인터넷연구,offers,학과와 교육과정(교과목)의 관계
1247,Department,Depa014,국립부경대_중국학과,Course,Cour1342,중국음악과영화,offers,학과와 교육과정(교과목)의 관계
1248,Department,Depa014,국립부경대_중국학과,Course,Cour1343,현대중국어학의이해,offers,학과와 교육과정(교과목)의 관계
1249,Department,Depa014,국립부경대_중국학과,Course,Cour1344,중국소비와사회,offers,학과와 교육과정(교과목)의 관계
1250,Department,Depa014,국립부경대_중국학과,Course,Cour1345,중급HSK중국어,offers,학과와 교육과정(교과목)의 관계
1251,Department,Depa014,국립부경대_중국학과,Course,Cour1346,영상미디어중국어실습,offers,학과와 교육과정(교과목)의 관계
1252,Department,Depa014,국립부경대_중국학과,Course,Cour1347,중국문화의이해,offers,학과와 교육과정(교과목)의 관계
1253,Department,Depa014,국립부경대_중국학과,Course,Cour1348,중국도시연구,offers,학과와 교육과정(교과목)의 관계
1254,Department,Depa014,국립부경대_중국학과,Course,Cour1349,중국경제지리,offers,학과와 교육과정(교과목)의 관계
1255,Department,Depa014,국립부경대_중국학과,Course,Cour1350,한자로읽는문화코드,offers,학과와 교육과정(교과목)의 관계
1256,Department,Depa014,국립부경대_중국학과,Course,Cour1351,중국문학세미나,offers,학과와 교육과정(교과목)의 관계
1257,Department,Depa014,국립부경대_중국학과,Course,Cour1352,중국학세미나,offers,학과와 교육과정(교과목)의 관계
1258,Department,Depa014,국립부경대_중국학과,Course,Cour1353,중국사회론,offers,학과와 교육과정(교과목)의 관계
1259,Department,Depa014,국립부경대_중국학과,Course,Cour1354,캡스톤디자인,offers,학과와 교육과정(교과목)의 관계
1260,Department,Depa014,국립부경대_중국학과,Course,Cour1355,비즈니스중국어회화실습,offers,학과와 교육과정(교과목)의 관계
1261,Department,Depa014,국립부경대_중국학과,Course,Cour1356,중국어통번역실습,offers,학과와 교육과정(교과목)의 관계
1262,Department,Depa014,국립부경대_중국학과,Course,Cour1357,중국정치의이해,offers,학과와 교육과정(교과목)의 관계
1263,Department,Depa014,국립부경대_중국학과,Course,Cour1358,중국과세계경제,offers,학과와 교육과정(교과목)의 관계
1264,Department,Depa014,국립부경대_중국학과,Course,Cour1359,중국시장마케팅,offers,학과와 교육과정(교과목)의 관계
1265,Department,Depa014,국립부경대_중국학과,Course,Cour1360,중국투자론,offers,학과와 교육과정(교과목)의 관계
1266,Department,Depa014,국립부경대_중국학과,Course,Cour1361,중국디지털경영론,offers,학과와 교육과정(교과목)의 관계
1267,Department,Depa014,국립부경대_중국학과,Course,Cour1362,한중문화산업,offers,학과와 교육과정(교과목)의 관계
1268,Department,Depa014,국립부경대_중국학과,Course,Cour1363,한중현안문제강독,offers,학과와 교육과정(교과목)의 관계
1269,Department,Depa014,국립부경대_중국학과,Course,Cour1364,중국부동산시장연구,offers,학과와 교육과정(교과목)의 관계
1270,Department,Depa014,국립부경대_중국학과,Course,Cour1365,고급HSK중국어,offers,학과와 교육과정(교과목)의 관계
1271,Department,Depa014,국립부경대_중국학과,Course,Cour1366,고급실무중국어회화실습,offers,학과와 교육과정(교과목)의 관계
1272,Department,Depa014,국립부경대_중국학과,Course,Cour1367,중국대외관계론,offers,학과와 교육과정(교과목)의 관계
1273,Department,Depa014,국립부경대_중국학과,Course,Cour1368,중국농촌연구,offers,학과와 교육과정(교과목)의 관계
1274,Department,Depa014,국립부경대_중국학과,Course,Cour1369,중국의기업과시장,offers,학과와 교육과정(교과목)의 관계
1275,Department,Depa014,국립부경대_중국학과,Course,Cour1370,한중비즈니스특강,offers,학과와 교육과정(교과목)의 관계
1276,Department,Depa014,국립부경대_중국학과,Course,Cour1371,중국통상론,offers,학과와 교육과정(교과목)의 관계
1277,Department,Depa014,국립부경대_중국학과,Course,Cour1372,MICE중국어회화,offers,학과와 교육과정(교과목)의 관계
1278,Department,Depa014,국립부경대_중국학과,Course,Cour1373,영어중국어실용회화,offers,학과와 교육과정(교과목)의 관계
1279,Department,Depa014,국립부경대_중국학과,Course,Cour1374,중국인터넷비즈니스론,offers,학과와 교육과정(교과목)의 관계
1280,Department,Depa014,국립부경대_중국학과,Course,Cour1375,경제안보와중국,offers,학과와 교육과정(교과목)의 관계
1281,Department,Depa022,부산대_중어중문학과,Course,Cour1376,초급중국어듣기,offers,학과와 교육과정(교과목)의 관계
1282,Department,Depa022,부산대_중어중문학과,Course,Cour1377,초급중국어말하기,offers,학과와 교육과정(교과목)의 관계
1283,Department,Depa022,부산대_중어중문학과,Course,Cour1378,중국문화의이해,offers,학과와 교육과정(교과목)의 관계
1284,Department,Depa022,부산대_중어중문학과,Course,Cour1379,초급중국어읽기,offers,학과와 교육과정(교과목)의 관계
1285,Department,Depa022,부산대_중어중문학과,Course,Cour1380,중국문학개론,offers,학과와 교육과정(교과목)의 관계
1286,Department,Depa022,부산대_중어중문학과,Course,Cour1381,중국어문법과활용,offers,학과와 교육과정(교과목)의 관계
1287,Department,Depa022,부산대_중어중문학과,Course,Cour1382,중국영화와문화산업,offers,학과와 교육과정(교과목)의 관계
1288,Department,Depa022,부산대_중어중문학과,Course,Cour1383,중국현대문학작품감상,offers,학과와 교육과정(교과목)의 관계
1289,Department,Depa022,부산대_중어중문학과,Course,Cour1384,중급중국어말하기및듣기,offers,학과와 교육과정(교과목)의 관계
1290,Department,Depa022,부산대_중어중문학과,Course,Cour1385,초급중국어쓰기,offers,학과와 교육과정(교과목)의 관계
1291,Department,Depa022,부산대_중어중문학과,Course,Cour1386,명언명구로배우는중국어,offers,학과와 교육과정(교과목)의 관계
1292,Department,Depa022,부산대_중어중문학과,Course,Cour1387,비즈니스중국어와커뮤니케이션,offers,학과와 교육과정(교과목)의 관계
1293,Department,Depa022,부산대_중어중문학과,Course,Cour1388,중국언어학개론,offers,학과와 교육과정(교과목)의 관계
1294,Department,Depa022,부산대_중어중문학과,Course,Cour1389,중국현대산문,offers,학과와 교육과정(교과목)의 관계
1295,Department,Depa022,부산대_중어중문학과,Course,Cour1390,중급중국어쓰기및읽기,offers,학과와 교육과정(교과목)의 관계
1296,Department,Depa022,부산대_중어중문학과,Course,Cour1391,현대중국사회탐구,offers,학과와 교육과정(교과목)의 관계
1297,Department,Depa022,부산대_중어중문학과,Course,Cour1392,고급중국어말하기및듣기,offers,학과와 교육과정(교과목)의 관계
1298,Department,Depa022,부산대_중어중문학과,Course,Cour1393,기초중국어방언(회화),offers,학과와 교육과정(교과목)의 관계
1299,Department,Depa022,부산대_중어중문학과,Course,Cour1394,중국고대문학사,offers,학과와 교육과정(교과목)의 관계
1300,Department,Depa022,부산대_중어중문학과,Course,Cour1395,중국어교과교육론,offers,학과와 교육과정(교과목)의 관계
1301,Department,Depa022,부산대_중어중문학과,Course,Cour1396,중국현대소설,offers,학과와 교육과정(교과목)의 관계
1302,Department,Depa022,부산대_중어중문학과,Course,Cour1397,고급중국어쓰기및읽기,offers,학과와 교육과정(교과목)의 관계
1303,Department,Depa022,부산대_중어중문학과,Course,Cour1398,중국고전산문,offers,학과와 교육과정(교과목)의 관계
1304,Department,Depa022,부산대_중어중문학과,Course,Cour1399,중국근현대문학사,offers,학과와 교육과정(교과목)의 관계
1305,Department,Depa022,부산대_중어중문학과,Course,Cour1400,중국어교과교재및연구법,offers,학과와 교육과정(교과목)의 관계
1306,Department,Depa022,부산대_중어중문학과,Course,Cour1401,중국어통번역연습,offers,학과와 교육과정(교과목)의 관계
1307,Department,Depa022,부산대_중어중문학과,Course,Cour1402,한자학입문,offers,학과와 교육과정(교과목)의 관계
1308,Department,Depa022,부산대_중어중문학과,Course,Cour1403,고대중국어의이해,offers,학과와 교육과정(교과목)의 관계
1309,Department,Depa022,부산대_중어중문학과,Course,Cour1404,중국뉴스읽기와듣기,offers,학과와 교육과정(교과목)의 관계
1310,Department,Depa022,부산대_중어중문학과,Course,Cour1405,중국어교과논리및논술,offers,학과와 교육과정(교과목)의 관계
1311,Department,Depa022,부산대_중어중문학과,Course,Cour1406,중국고전시,offers,학과와 교육과정(교과목)의 관계
1312,Department,Depa022,부산대_중어중문학과,Course,Cour1407,중국공연문화,offers,학과와 교육과정(교과목)의 관계
1313,Department,Depa022,부산대_중어중문학과,Course,Cour1408,중국어문캡스톤디자인,offers,학과와 교육과정(교과목)의 관계
1314,Department,Depa024,서울대_중어중문학과,Course,Cour1660,중국의대중문학,offers,학과와 교육과정(교과목)의 관계
1315,Department,Depa024,서울대_중어중문학과,Course,Cour1661,중국어학의이해,offers,학과와 교육과정(교과목)의 관계
1316,Department,Depa024,서울대_중어중문학과,Course,Cour1662,중국현대명작의세계,offers,학과와 교육과정(교과목)의 관계
1317,Department,Depa024,서울대_중어중문학과,Course,Cour1663,중국고전문학탐색,offers,학과와 교육과정(교과목)의 관계
1318,Department,Depa024,서울대_중어중문학과,Course,Cour1664,한문강독Ⅰ,offers,학과와 교육과정(교과목)의 관계
1319,Department,Depa024,서울대_중어중문학과,Course,Cour1665,중국역대시가강독Ⅰ,offers,학과와 교육과정(교과목)의 관계
1320,Department,Depa024,서울대_중어중문학과,Course,Cour1666,한문문법,offers,학과와 교육과정(교과목)의 관계
1321,Department,Depa024,서울대_중어중문학과,Course,Cour1667,현대중국소설,offers,학과와 교육과정(교과목)의 관계
1322,Department,Depa024,서울대_중어중문학과,Course,Cour1668,중국어음성학,offers,학과와 교육과정(교과목)의 관계
1323,Department,Depa024,서울대_중어중문학과,Course,Cour1669,한자의세계,offers,학과와 교육과정(교과목)의 관계
1324,Department,Depa024,서울대_중어중문학과,Course,Cour1670,한문강독Ⅱ,offers,학과와 교육과정(교과목)의 관계
1325,Department,Depa024,서울대_중어중문학과,Course,Cour1671,중국역대시가강독Ⅱ,offers,학과와 교육과정(교과목)의 관계
1326,Department,Depa024,서울대_중어중문학과,Course,Cour1672,중국소설과문화,offers,학과와 교육과정(교과목)의 관계
1327,Department,Depa024,서울대_중어중문학과,Course,Cour1673,중국어어휘론,offers,학과와 교육과정(교과목)의 관계
1328,Department,Depa024,서울대_중어중문학과,Course,Cour1674,현대중국의영화와사회,offers,학과와 교육과정(교과목)의 관계
1329,Department,Depa024,서울대_중어중문학과,Course,Cour1675,고급중국어,offers,학과와 교육과정(교과목)의 관계
1330,Department,Depa024,서울대_중어중문학과,Course,Cour1676,고대중국의텍스트와현대사회,offers,학과와 교육과정(교과목)의 관계
1331,Department,Depa024,서울대_중어중문학과,Course,Cour1677,중국역대산문강독Ⅰ,offers,학과와 교육과정(교과목)의 관계
1332,Department,Depa024,서울대_중어중문학과,Course,Cour1678,중국전통문화의의미와현대중국,offers,학과와 교육과정(교과목)의 관계
1333,Department,Depa024,서울대_중어중문학과,Course,Cour1679,중국어문법,offers,학과와 교육과정(교과목)의 관계
1334,Department,Depa024,서울대_중어중문학과,Course,Cour1680,중국어교육론,offers,학과와 교육과정(교과목)의 관계
1335,Department,Depa024,서울대_중어중문학과,Course,Cour1681,중국어교과논리및논술,offers,학과와 교육과정(교과목)의 관계
1336,Department,Depa024,서울대_중어중문학과,Course,Cour1682,중국현대문학강독,offers,학과와 교육과정(교과목)의 관계
1337,Department,Depa024,서울대_중어중문학과,Course,Cour1683,고급중국어,offers,학과와 교육과정(교과목)의 관계
1338,Department,Depa024,서울대_중어중문학과,Course,Cour1684,중국문학사,offers,학과와 교육과정(교과목)의 관계
1339,Department,Depa024,서울대_중어중문학과,Course,Cour1685,중국역대산문강독Ⅱ,offers,학과와 교육과정(교과목)의 관계
1340,Department,Depa024,서울대_중어중문학과,Course,Cour1686,중국전통문화의의미와현대중국,offers,학과와 교육과정(교과목)의 관계
1341,Department,Depa024,서울대_중어중문학과,Course,Cour1687,중국어학특강,offers,학과와 교육과정(교과목)의 관계
1342,Department,Depa024,서울대_중어중문학과,Course,Cour1688,중국어교재연구및지도법,offers,학과와 교육과정(교과목)의 관계
1343,Department,Depa024,서울대_중어중문학과,Course,Cour1689,중국현대문학론,offers,학과와 교육과정(교과목)의 관계
1344,Department,Depa024,서울대_중어중문학과,Course,Cour1690,중국사곡강독,offers,학과와 교육과정(교과목)의 관계
1345,Department,Depa024,서울대_중어중문학과,Course,Cour1691,시경·초사,offers,학과와 교육과정(교과목)의 관계
1346,Department,Depa024,서울대_중어중문학과,Course,Cour1692,중국어글쓰기,offers,학과와 교육과정(교과목)의 관계
1347,Department,Depa024,서울대_중어중문학과,Course,Cour1693,중국공연예술,offers,학과와 교육과정(교과목)의 관계
1348,Department,Depa024,서울대_중어중문학과,Course,Cour1694,중국사회문화론특강,offers,학과와 교육과정(교과목)의 관계
1349,Department,Depa024,서울대_중어중문학과,Course,Cour1695,중국어발표와토론,offers,학과와 교육과정(교과목)의 관계
1350,Department,Depa024,서울대_중어중문학과,Course,Cour1696,중국어문학논문쓰기,offers,학과와 교육과정(교과목)의 관계
1351,Department,Depa025,서울시립대_중국어문화학과,Course,Cour1697,학업설계상담Ⅰ,offers,학과와 교육과정(교과목)의 관계
1352,Department,Depa025,서울시립대_중국어문화학과,Course,Cour1698,학업설계상담Ⅱ,offers,학과와 교육과정(교과목)의 관계
1353,Department,Depa025,서울시립대_중국어문화학과,Course,Cour1699,중국입문,offers,학과와 교육과정(교과목)의 관계
1354,Department,Depa025,서울시립대_중국어문화학과,Course,Cour1700,중국의언어와문화,offers,학과와 교육과정(교과목)의 관계
1355,Department,Depa025,서울시립대_중국어문화학과,Course,Cour1701,중국문화사Ⅰ,offers,학과와 교육과정(교과목)의 관계
1356,Department,Depa025,서울시립대_중국어문화학과,Course,Cour1702,현대중국의형성과변화,offers,학과와 교육과정(교과목)의 관계
1357,Department,Depa025,서울시립대_중국어문화학과,Course,Cour1703,고대중국어의이해,offers,학과와 교육과정(교과목)의 관계
1358,Department,Depa025,서울시립대_중국어문화학과,Course,Cour1704,초급중국어회화,offers,학과와 교육과정(교과목)의 관계
1359,Department,Depa025,서울시립대_중국어문화학과,Course,Cour1705,초급중국어독해,offers,학과와 교육과정(교과목)의 관계
1360,Department,Depa025,서울시립대_중국어문화학과,Course,Cour1706,중국문화사Ⅱ,offers,학과와 교육과정(교과목)의 관계
1361,Department,Depa025,서울시립대_중국어문화학과,Course,Cour1707,중급중국어독해,offers,학과와 교육과정(교과목)의 관계
1362,Department,Depa025,서울시립대_중국어문화학과,Course,Cour1708,디지털중국학,offers,학과와 교육과정(교과목)의 관계
1363,Department,Depa025,서울시립대_중국어문화학과,Course,Cour1709,중국고전강독,offers,학과와 교육과정(교과목)의 관계
1364,Department,Depa025,서울시립대_중국어문화학과,Course,Cour1710,중급중국어회화,offers,학과와 교육과정(교과목)의 관계
1365,Department,Depa025,서울시립대_중국어문화학과,Course,Cour1711,중국연구방법,offers,학과와 교육과정(교과목)의 관계
1366,Department,Depa025,서울시립대_중국어문화학과,Course,Cour1712,고급중국어회화,offers,학과와 교육과정(교과목)의 관계
1367,Department,Depa025,서울시립대_중국어문화학과,Course,Cour1713,현대중국어문법,offers,학과와 교육과정(교과목)의 관계
1368,Department,Depa025,서울시립대_중국어문화학과,Course,Cour1714,중국의미술과건축,offers,학과와 교육과정(교과목)의 관계
1369,Department,Depa025,서울시립대_중국어문화학과,Course,Cour1715,근현대중국의인물과쟁점,offers,학과와 교육과정(교과목)의 관계
1370,Department,Depa025,서울시립대_중국어문화학과,Course,Cour1716,중국경제의이해,offers,학과와 교육과정(교과목)의 관계
1371,Department,Depa025,서울시립대_중국어문화학과,Course,Cour1717,중국고전의현대적가치,offers,학과와 교육과정(교과목)의 관계
1372,Department,Depa025,서울시립대_중국어문화학과,Course,Cour1718,미디어로중국어듣기,offers,학과와 교육과정(교과목)의 관계
1373,Department,Depa025,서울시립대_중국어문화학과,Course,Cour1719,이슈로보는중국시사,offers,학과와 교육과정(교과목)의 관계
1374,Department,Depa025,서울시립대_중국어문화학과,Course,Cour1720,중국문자의이해,offers,학과와 교육과정(교과목)의 관계
1375,Department,Depa025,서울시립대_중국어문화학과,Course,Cour1721,중국명문감상,offers,학과와 교육과정(교과목)의 관계
1376,Department,Depa025,서울시립대_중국어문화학과,Course,Cour1722,중국의정치와제도,offers,학과와 교육과정(교과목)의 관계
1377,Department,Depa025,서울시립대_중국어문화학과,Course,Cour1723,현대중국주제연구,offers,학과와 교육과정(교과목)의 관계
1378,Department,Depa025,서울시립대_중국어문화학과,Course,Cour1724,중국어로글쓰기,offers,학과와 교육과정(교과목)의 관계
1379,Department,Depa025,서울시립대_중국어문화학과,Course,Cour1725,중국명시감상,offers,학과와 교육과정(교과목)의 관계
1380,Department,Depa025,서울시립대_중국어문화학과,Course,Cour1726,중국지역학원어독해,offers,학과와 교육과정(교과목)의 관계
1381,Department,Depa025,서울시립대_중국어문화학과,Course,Cour1727,중국의지리와문화,offers,학과와 교육과정(교과목)의 관계
1382,Department,Depa025,서울시립대_중국어문화학과,Course,Cour1728,중국사회의구조와변동,offers,학과와 교육과정(교과목)의 관계
1383,Department,Depa025,서울시립대_중국어문화학과,Course,Cour1729,중화권영상문화콘텐츠,offers,학과와 교육과정(교과목)의 관계
1384,Department,Depa025,서울시립대_중국어문화학과,Course,Cour1730,중국의스토리텔링과콘텐츠,offers,학과와 교육과정(교과목)의 관계
1385,Department,Depa025,서울시립대_중국어문화학과,Course,Cour1731,중국과세계,offers,학과와 교육과정(교과목)의 관계
1386,Department,Depa025,서울시립대_중국어문화학과,Course,Cour1732,중국어통역기초,offers,학과와 교육과정(교과목)의 관계
1387,Department,Depa025,서울시립대_중국어문화학과,Course,Cour1733,중국대중문화와미디어,offers,학과와 교육과정(교과목)의 관계
1388,Department,Depa025,서울시립대_중국어문화학과,Course,Cour1734,중국산업의현황과미래,offers,학과와 교육과정(교과목)의 관계
1389,Department,Depa025,서울시립대_중국어문화학과,Course,Cour1735,중국어문화학종합설계,offers,학과와 교육과정(교과목)의 관계
1390,Department,Depa025,서울시립대_중국어문화학과,Course,Cour1736,인문대학현장실습Ⅰ,offers,학과와 교육과정(교과목)의 관계
1391,Department,Depa025,서울시립대_중국어문화학과,Course,Cour1737,인문대학대체실습Ⅰ,offers,학과와 교육과정(교과목)의 관계
1392,Department,Depa025,서울시립대_중국어문화학과,Course,Cour1738,연구인턴십Ⅰ,offers,학과와 교육과정(교과목)의 관계
1393,Department,Depa025,서울시립대_중국어문화학과,Course,Cour1739,연구인턴십Ⅱ,offers,학과와 교육과정(교과목)의 관계
1394,Department,Depa025,서울시립대_중국어문화학과,Course,Cour1740,연구인턴십Ⅲ,offers,학과와 교육과정(교과목)의 관계
1395,Department,Depa025,서울시립대_중국어문화학과,Course,Cour1741,연구인턴십Ⅳ,offers,학과와 교육과정(교과목)의 관계
1396,Department,Depa025,서울시립대_중국어문화학과,Course,Cour1742,연구인턴십Ⅴ,offers,학과와 교육과정(교과목)의 관계
1397,Department,Depa025,서울시립대_중국어문화학과,Course,Cour1743,자기주도연구Ⅰ,offers,학과와 교육과정(교과목)의 관계
1398,Department,Depa025,서울시립대_중국어문화학과,Course,Cour1744,자기주도연구Ⅱ,offers,학과와 교육과정(교과목)의 관계
1399,Department,Depa025,서울시립대_중국어문화학과,Course,Cour1745,자기주도연구Ⅲ,offers,학과와 교육과정(교과목)의 관계
1400,Department,Depa025,서울시립대_중국어문화학과,Course,Cour1746,글로벌자기주도연구Ⅰ,offers,학과와 교육과정(교과목)의 관계
1401,Department,Depa025,서울시립대_중국어문화학과,Course,Cour1747,글로벌자기주도연구Ⅱ,offers,학과와 교육과정(교과목)의 관계
1402,Department,Depa025,서울시립대_중국어문화학과,Course,Cour1748,글로벌자기주도연구Ⅲ,offers,학과와 교육과정(교과목)의 관계
1403,Department,Depa026,서울신학대_중국언어문화콘텐츠학과,Course,Cour1749,전공탐색과진로설계,offers,학과와 교육과정(교과목)의 관계
1404,Department,Depa026,서울신학대_중국언어문화콘텐츠학과,Course,Cour1750,스타트중국어Ⅰ,offers,학과와 교육과정(교과목)의 관계
1405,Department,Depa026,서울신학대_중국언어문화콘텐츠학과,Course,Cour1751,중국역사문화콘텐츠,offers,학과와 교육과정(교과목)의 관계
1406,Department,Depa026,서울신학대_중국언어문화콘텐츠학과,Course,Cour1752,문화콘텐츠입문,offers,학과와 교육과정(교과목)의 관계
1407,Department,Depa026,서울신학대_중국언어문화콘텐츠학과,Course,Cour1753,전공탐색과진로설계,offers,학과와 교육과정(교과목)의 관계
1408,Department,Depa026,서울신학대_중국언어문화콘텐츠학과,Course,Cour1754,스타트중국어Ⅱ,offers,학과와 교육과정(교과목)의 관계
1409,Department,Depa026,서울신학대_중국언어문화콘텐츠학과,Course,Cour1755,중국문화의이해,offers,학과와 교육과정(교과목)의 관계
1410,Department,Depa026,서울신학대_중국언어문화콘텐츠학과,Course,Cour1756,MOS,offers,학과와 교육과정(교과목)의 관계
1411,Department,Depa026,서울신학대_중국언어문화콘텐츠학과,Course,Cour1757,전공탐색과진로설계,offers,학과와 교육과정(교과목)의 관계
1412,Department,Depa026,서울신학대_중국언어문화콘텐츠학과,Course,Cour1758,중국언어와문화,offers,학과와 교육과정(교과목)의 관계
1413,Department,Depa026,서울신학대_중국언어문화콘텐츠학과,Course,Cour1759,커뮤니케이션중국어Ⅰ,offers,학과와 교육과정(교과목)의 관계
1414,Department,Depa026,서울신학대_중국언어문화콘텐츠학과,Course,Cour1760,차이니즈콘텐츠리딩,offers,학과와 교육과정(교과목)의 관계
1415,Department,Depa026,서울신학대_중국언어문화콘텐츠학과,Course,Cour1761,UCC제작및실습,offers,학과와 교육과정(교과목)의 관계
1416,Department,Depa026,서울신학대_중국언어문화콘텐츠학과,Course,Cour1762,전공한자연습,offers,학과와 교육과정(교과목)의 관계
1417,Department,Depa026,서울신학대_중국언어문화콘텐츠학과,Course,Cour1763,초급중어청취,offers,학과와 교육과정(교과목)의 관계
1418,Department,Depa026,서울신학대_중국언어문화콘텐츠학과,Course,Cour1764,전공탐색과진로설계,offers,학과와 교육과정(교과목)의 관계
1419,Department,Depa026,서울신학대_중국언어문화콘텐츠학과,Course,Cour1765,마인드맵중국어문법,offers,학과와 교육과정(교과목)의 관계
1420,Department,Depa026,서울신학대_중국언어문화콘텐츠학과,Course,Cour1766,콘텐츠중국어,offers,학과와 교육과정(교과목)의 관계
1421,Department,Depa026,서울신학대_중국언어문화콘텐츠학과,Course,Cour1767,실용중국어작문,offers,학과와 교육과정(교과목)의 관계
1422,Department,Depa026,서울신학대_중국언어문화콘텐츠학과,Course,Cour1768,커뮤니케이션중국어Ⅱ,offers,학과와 교육과정(교과목)의 관계
1423,Department,Depa026,서울신학대_중국언어문화콘텐츠학과,Course,Cour1769,메타버스&NFT크리에이터,offers,학과와 교육과정(교과목)의 관계
1424,Department,Depa026,서울신학대_중국언어문화콘텐츠학과,Course,Cour1770,전공탐색과진로설계,offers,학과와 교육과정(교과목)의 관계
1425,Department,Depa026,서울신학대_중국언어문화콘텐츠학과,Course,Cour1771,중국고전문화콘텐츠,offers,학과와 교육과정(교과목)의 관계
1426,Department,Depa026,서울신학대_중국언어문화콘텐츠학과,Course,Cour1772,크리에이티브스토리텔링,offers,학과와 교육과정(교과목)의 관계
1427,Department,Depa026,서울신학대_중국언어문화콘텐츠학과,Course,Cour1773,중국어영상콘텐츠,offers,학과와 교육과정(교과목)의 관계
1428,Department,Depa026,서울신학대_중국언어문화콘텐츠학과,Course,Cour1774,중국문학콘텐츠의이해,offers,학과와 교육과정(교과목)의 관계
1429,Department,Depa026,서울신학대_중국언어문화콘텐츠학과,Course,Cour1775,미디어중국어청취,offers,학과와 교육과정(교과목)의 관계
1430,Department,Depa026,서울신학대_중국언어문화콘텐츠학과,Course,Cour1776,HSK4급,offers,학과와 교육과정(교과목)의 관계
1431,Department,Depa026,서울신학대_중국언어문화콘텐츠학과,Course,Cour1777,전공탐색과진로설계,offers,학과와 교육과정(교과목)의 관계
1432,Department,Depa026,서울신학대_중국언어문화콘텐츠학과,Course,Cour1778,현대중국문학콘텐츠,offers,학과와 교육과정(교과목)의 관계
1433,Department,Depa026,서울신학대_중국언어문화콘텐츠학과,Course,Cour1779,HSKK,offers,학과와 교육과정(교과목)의 관계
1434,Department,Depa026,서울신학대_중국언어문화콘텐츠학과,Course,Cour1780,HSK5급,offers,학과와 교육과정(교과목)의 관계
1435,Department,Depa026,서울신학대_중국언어문화콘텐츠학과,Course,Cour1781,중국어성경스토리텔링,offers,학과와 교육과정(교과목)의 관계
1436,Department,Depa026,서울신학대_중국언어문화콘텐츠학과,Course,Cour1782,중국문화콘텐츠산업론,offers,학과와 교육과정(교과목)의 관계
1437,Department,Depa026,서울신학대_중국언어문화콘텐츠학과,Course,Cour1783,이중언어교수법,offers,학과와 교육과정(교과목)의 관계
1438,Department,Depa026,서울신학대_중국언어문화콘텐츠학과,Course,Cour1784,중국어프리젠테이션과토론,offers,학과와 교육과정(교과목)의 관계
1439,Department,Depa026,서울신학대_중국언어문화콘텐츠학과,Course,Cour1785,한중비즈니스커뮤니케이션,offers,학과와 교육과정(교과목)의 관계
1440,Department,Depa026,서울신학대_중국언어문화콘텐츠학과,Course,Cour1786,중국문화관광캡스톤디자인,offers,학과와 교육과정(교과목)의 관계
1441,Department,Depa026,서울신학대_중국언어문화콘텐츠학과,Course,Cour1787,중국콘텐츠통번역,offers,학과와 교육과정(교과목)의 관계
1442,Department,Depa026,서울신학대_중국언어문화콘텐츠학과,Course,Cour1788,매스미디어콘텐츠중국어,offers,학과와 교육과정(교과목)의 관계
1443,Department,Depa027,서울여자대_중어중문학과,Course,Cour1789,중국문학입문,offers,학과와 교육과정(교과목)의 관계
1444,Department,Depa027,서울여자대_중어중문학과,Course,Cour1790,초급중국어회화Ⅰ,offers,학과와 교육과정(교과목)의 관계
1445,Department,Depa027,서울여자대_중어중문학과,Course,Cour1791,중국언어와문화,offers,학과와 교육과정(교과목)의 관계
1446,Department,Depa027,서울여자대_중어중문학과,Course,Cour1792,중어중문학진로탐색,offers,학과와 교육과정(교과목)의 관계
1447,Department,Depa027,서울여자대_중어중문학과,Course,Cour1793,초급중국어회화Ⅱ,offers,학과와 교육과정(교과목)의 관계
1448,Department,Depa027,서울여자대_중어중문학과,Course,Cour1794,기초한문의이해,offers,학과와 교육과정(교과목)의 관계
1449,Department,Depa027,서울여자대_중어중문학과,Course,Cour1795,초급중국어연습,offers,학과와 교육과정(교과목)의 관계
1450,Department,Depa027,서울여자대_중어중문학과,Course,Cour1796,중국탐색,offers,학과와 교육과정(교과목)의 관계
1451,Department,Depa027,서울여자대_중어중문학과,Course,Cour1797,중국문학의역사Ⅰ,offers,학과와 교육과정(교과목)의 관계
1452,Department,Depa027,서울여자대_중어중문학과,Course,Cour1798,중국어문법,offers,학과와 교육과정(교과목)의 관계
1453,Department,Depa027,서울여자대_중어중문학과,Course,Cour1799,중한번역연습Ⅰ,offers,학과와 교육과정(교과목)의 관계
1454,Department,Depa027,서울여자대_중어중문학과,Course,Cour1800,중급중국어회화Ⅰ,offers,학과와 교육과정(교과목)의 관계
1455,Department,Depa027,서울여자대_중어중문학과,Course,Cour1801,중국문학의역사Ⅱ,offers,학과와 교육과정(교과목)의 관계
1456,Department,Depa027,서울여자대_중어중문학과,Course,Cour1802,중급중국어회화Ⅱ,offers,학과와 교육과정(교과목)의 관계
1457,Department,Depa027,서울여자대_중어중문학과,Course,Cour1803,중국어학개론,offers,학과와 교육과정(교과목)의 관계
1458,Department,Depa027,서울여자대_중어중문학과,Course,Cour1804,중한번역연습Ⅱ,offers,학과와 교육과정(교과목)의 관계
1459,Department,Depa027,서울여자대_중어중문학과,Course,Cour1805,고급중국어,offers,학과와 교육과정(교과목)의 관계
1460,Department,Depa027,서울여자대_중어중문학과,Course,Cour1806,중국현대문학의이해,offers,학과와 교육과정(교과목)의 관계
1461,Department,Depa027,서울여자대_중어중문학과,Course,Cour1807,중국고전시가감상Ⅰ,offers,학과와 교육과정(교과목)의 관계
1462,Department,Depa027,서울여자대_중어중문학과,Course,Cour1808,고급중국어회화Ⅰ,offers,학과와 교육과정(교과목)의 관계
1463,Department,Depa027,서울여자대_중어중문학과,Course,Cour1809,중국경전의이해,offers,학과와 교육과정(교과목)의 관계
1464,Department,Depa027,서울여자대_중어중문학과,Course,Cour1810,전공지도,offers,학과와 교육과정(교과목)의 관계
1465,Department,Depa027,서울여자대_중어중문학과,Course,Cour1811,고급중국어회화Ⅱ,offers,학과와 교육과정(교과목)의 관계
1466,Department,Depa027,서울여자대_중어중문학과,Course,Cour1812,중국고전소설감상,offers,학과와 교육과정(교과목)의 관계
1467,Department,Depa027,서울여자대_중어중문학과,Course,Cour1813,시사중국어,offers,학과와 교육과정(교과목)의 관계
1468,Department,Depa027,서울여자대_중어중문학과,Course,Cour1814,중국고전시가감상,offers,학과와 교육과정(교과목)의 관계
1469,Department,Depa027,서울여자대_중어중문학과,Course,Cour1815,교과교육론(중국어),offers,학과와 교육과정(교과목)의 관계
1470,Department,Depa027,서울여자대_중어중문학과,Course,Cour1816,교과교재연구및지도법(중국어),offers,학과와 교육과정(교과목)의 관계
1471,Department,Depa027,서울여자대_중어중문학과,Course,Cour1817,손자병법새로읽기,offers,학과와 교육과정(교과목)의 관계
1472,Department,Depa027,서울여자대_중어중문학과,Course,Cour1818,중국의영화와문화,offers,학과와 교육과정(교과목)의 관계
1473,Department,Depa027,서울여자대_중어중문학과,Course,Cour1819,논리및논술(중국어),offers,학과와 교육과정(교과목)의 관계
1474,Department,Depa027,서울여자대_중어중문학과,Course,Cour1820,중국고전산책,offers,학과와 교육과정(교과목)의 관계
1475,Department,Depa027,서울여자대_중어중문학과,Course,Cour1821,비즈니스중국어,offers,학과와 교육과정(교과목)의 관계
1476,Department,Depa027,서울여자대_중어중문학과,Course,Cour1822,중국현대문학특강,offers,학과와 교육과정(교과목)의 관계
1477,Department,Depa027,서울여자대_중어중문학과,Course,Cour1823,실용중국어작문,offers,학과와 교육과정(교과목)의 관계
1478,Department,Depa028,성결대_중어중문학과,Course,Cour1883,한문강독,offers,학과와 교육과정(교과목)의 관계
1479,Department,Depa028,성결대_중어중문학과,Course,Cour1884,기초중국어회화(기본),offers,학과와 교육과정(교과목)의 관계
1480,Department,Depa028,성결대_중어중문학과,Course,Cour1885,중국전통과사회문화,offers,학과와 교육과정(교과목)의 관계
1481,Department,Depa028,성결대_중어중문학과,Course,Cour1886,중국문화와도시공간,offers,학과와 교육과정(교과목)의 관계
1482,Department,Depa028,성결대_중어중문학과,Course,Cour1887,현대중국의이해,offers,학과와 교육과정(교과목)의 관계
1483,Department,Depa028,성결대_중어중문학과,Course,Cour1888,기초중국어회화(심화),offers,학과와 교육과정(교과목)의 관계
1484,Department,Depa028,성결대_중어중문학과,Course,Cour1889,중국문학개관,offers,학과와 교육과정(교과목)의 관계
1485,Department,Depa028,성결대_중어중문학과,Course,Cour1890,중국현대문학의이해,offers,학과와 교육과정(교과목)의 관계
1486,Department,Depa028,성결대_중어중문학과,Course,Cour1891,초급중국어강독,offers,학과와 교육과정(교과목)의 관계
1487,Department,Depa028,성결대_중어중문학과,Course,Cour1892,실용중국어회화(기본),offers,학과와 교육과정(교과목)의 관계
1488,Department,Depa028,성결대_중어중문학과,Course,Cour1893,중국어학입문,offers,학과와 교육과정(교과목)의 관계
1489,Department,Depa028,성결대_중어중문학과,Course,Cour1894,영상중국어,offers,학과와 교육과정(교과목)의 관계
1490,Department,Depa028,성결대_중어중문학과,Course,Cour1895,중급중국어강독,offers,학과와 교육과정(교과목)의 관계
1491,Department,Depa028,성결대_중어중문학과,Course,Cour1896,중국고전사상의이해,offers,학과와 교육과정(교과목)의 관계
1492,Department,Depa028,성결대_중어중문학과,Course,Cour1897,실용중국어회화(심화),offers,학과와 교육과정(교과목)의 관계
1493,Department,Depa028,성결대_중어중문학과,Course,Cour1898,고급중국어강독,offers,학과와 교육과정(교과목)의 관계
1494,Department,Depa028,성결대_중어중문학과,Course,Cour1899,중국어교과교육론,offers,학과와 교육과정(교과목)의 관계
1495,Department,Depa028,성결대_중어중문학과,Course,Cour1900,중국어문법의이해,offers,학과와 교육과정(교과목)의 관계
1496,Department,Depa028,성결대_중어중문학과,Course,Cour1901,비즈니스중국어Ⅰ,offers,학과와 교육과정(교과목)의 관계
1497,Department,Depa028,성결대_중어중문학과,Course,Cour1902,선교중국어,offers,학과와 교육과정(교과목)의 관계
1498,Department,Depa028,성결대_중어중문학과,Course,Cour1903,중국어작문,offers,학과와 교육과정(교과목)의 관계
1499,Department,Depa028,성결대_중어중문학과,Course,Cour1904,중국현당대작품감상,offers,학과와 교육과정(교과목)의 관계
1500,Department,Depa028,성결대_중어중문학과,Course,Cour1905,비즈니스중국어Ⅱ,offers,학과와 교육과정(교과목)의 관계
1501,Department,Depa028,성결대_중어중문학과,Course,Cour1906,중국어번역연습,offers,학과와 교육과정(교과목)의 관계
1502,Department,Depa028,성결대_중어중문학과,Course,Cour1907,중국어논리및논술,offers,학과와 교육과정(교과목)의 관계
1503,Department,Depa028,성결대_중어중문학과,Course,Cour1908,시사중국어,offers,학과와 교육과정(교과목)의 관계
1504,Department,Depa028,성결대_중어중문학과,Course,Cour1909,중국현대문학세미나,offers,학과와 교육과정(교과목)의 관계
1505,Department,Depa029,성균관대_중어중문학과,Course,Cour1932,중급중어강독Ⅰ,offers,학과와 교육과정(교과목)의 관계
1506,Department,Depa029,성균관대_중어중문학과,Course,Cour1933,중급중어강독Ⅱ,offers,학과와 교육과정(교과목)의 관계
1507,Department,Depa029,성균관대_중어중문학과,Course,Cour1934,중한번역연습,offers,학과와 교육과정(교과목)의 관계
1508,Department,Depa029,성균관대_중어중문학과,Course,Cour1935,기초중국고문,offers,학과와 교육과정(교과목)의 관계
1509,Department,Depa029,성균관대_중어중문학과,Course,Cour1936,중국고대문학사,offers,학과와 교육과정(교과목)의 관계
1510,Department,Depa029,성균관대_중어중문학과,Course,Cour1937,중국고전의이해,offers,학과와 교육과정(교과목)의 관계
1511,Department,Depa029,성균관대_중어중문학과,Course,Cour1938,중국근대문학사,offers,학과와 교육과정(교과목)의 관계
1512,Department,Depa029,성균관대_중어중문학과,Course,Cour1939,중국문학개론,offers,학과와 교육과정(교과목)의 관계
1513,Department,Depa029,성균관대_중어중문학과,Course,Cour1940,중국어학특강,offers,학과와 교육과정(교과목)의 관계
1514,Department,Depa029,성균관대_중어중문학과,Course,Cour1941,중국전통문화의이해,offers,학과와 교육과정(교과목)의 관계
1515,Department,Depa029,성균관대_중어중문학과,Course,Cour1942,중문법,offers,학과와 교육과정(교과목)의 관계
1516,Department,Depa029,성균관대_중어중문학과,Course,Cour1943,초급중어강독,offers,학과와 교육과정(교과목)의 관계
1517,Department,Depa029,성균관대_중어중문학과,Course,Cour1944,중국어문형연습,offers,학과와 교육과정(교과목)의 관계
1518,Department,Depa029,성균관대_중어중문학과,Course,Cour1945,초급중회화,offers,학과와 교육과정(교과목)의 관계
1519,Department,Depa029,성균관대_중어중문학과,Course,Cour1946,중급중회화,offers,학과와 교육과정(교과목)의 관계
1520,Department,Depa029,성균관대_중어중문학과,Course,Cour1947,중국현당대문화의이해,offers,학과와 교육과정(교과목)의 관계
1521,Department,Depa029,성균관대_중어중문학과,Course,Cour1948,중국어어휘연습,offers,학과와 교육과정(교과목)의 관계
1522,Department,Depa029,성균관대_중어중문학과,Course,Cour1949,중국문자의이해,offers,학과와 교육과정(교과목)의 관계
1523,Department,Depa029,성균관대_중어중문학과,Course,Cour1950,고급중회화Ⅰ,offers,학과와 교육과정(교과목)의 관계
1524,Department,Depa029,성균관대_중어중문학과,Course,Cour1951,고급중회화Ⅱ,offers,학과와 교육과정(교과목)의 관계
1525,Department,Depa029,성균관대_중어중문학과,Course,Cour1952,중작문실습,offers,학과와 교육과정(교과목)의 관계
1526,Department,Depa029,성균관대_중어중문학과,Course,Cour1953,고급중어강독,offers,학과와 교육과정(교과목)의 관계
1527,Department,Depa029,성균관대_중어중문학과,Course,Cour1954,중국어학의이해,offers,학과와 교육과정(교과목)의 관계
1528,Department,Depa029,성균관대_중어중문학과,Course,Cour1955,무역서신강독,offers,학과와 교육과정(교과목)의 관계
1529,Department,Depa029,성균관대_중어중문학과,Course,Cour1956,시사문강독,offers,학과와 교육과정(교과목)의 관계
1530,Department,Depa029,성균관대_중어중문학과,Course,Cour1957,중국고전과인문학,offers,학과와 교육과정(교과목)의 관계
1531,Department,Depa029,성균관대_중어중문학과,Course,Cour1958,중국고전소설선독,offers,학과와 교육과정(교과목)의 관계
1532,Department,Depa029,성균관대_중어중문학과,Course,Cour1959,중국명시감상,offers,학과와 교육과정(교과목)의 관계
1533,Department,Depa029,성균관대_중어중문학과,Course,Cour1960,중국문학특강,offers,학과와 교육과정(교과목)의 관계
1534,Department,Depa029,성균관대_중어중문학과,Course,Cour1961,중국사곡감상,offers,학과와 교육과정(교과목)의 관계
1535,Department,Depa029,성균관대_중어중문학과,Course,Cour1962,중국역대산문감상,offers,학과와 교육과정(교과목)의 관계
1536,Department,Depa029,성균관대_중어중문학과,Course,Cour1963,중국현대문학명저감상,offers,학과와 교육과정(교과목)의 관계
1537,Department,Depa029,성균관대_중어중문학과,Course,Cour1964,중국현대문학사,offers,학과와 교육과정(교과목)의 관계
1538,Department,Depa029,성균관대_중어중문학과,Course,Cour1965,중국현대산문강독,offers,학과와 교육과정(교과목)의 관계
1539,Department,Depa029,성균관대_중어중문학과,Course,Cour1966,현대응용문강독,offers,학과와 교육과정(교과목)의 관계
1540,Department,Depa029,성균관대_중어중문학과,Course,Cour1967,고급중어선독,offers,학과와 교육과정(교과목)의 관계
1541,Department,Depa029,성균관대_중어중문학과,Course,Cour1968,중작문연습,offers,학과와 교육과정(교과목)의 관계
1542,Department,Depa029,성균관대_중어중문학과,Course,Cour1969,중국어발표와주제토론,offers,학과와 교육과정(교과목)의 관계
1543,Department,Depa029,성균관대_중어중문학과,Course,Cour1970,중국어문학자료수집과주제발표,offers,학과와 교육과정(교과목)의 관계
1544,Department,Depa029,성균관대_중어중문학과,Course,Cour1971,사기열전을통해본중국역사와문화,offers,학과와 교육과정(교과목)의 관계
1545,Department,Depa029,성균관대_중어중문학과,Course,Cour1972,중국당대문학특강,offers,학과와 교육과정(교과목)의 관계
1546,Department,Depa029,성균관대_중어중문학과,Course,Cour1973,중국역대인물탐구,offers,학과와 교육과정(교과목)의 관계
1547,Department,Depa029,성균관대_중어중문학과,Course,Cour1974,중국어학입문,offers,학과와 교육과정(교과목)의 관계
1548,Department,Depa029,성균관대_중어중문학과,Course,Cour1975,중국문학사특강,offers,학과와 교육과정(교과목)의 관계
1549,Department,Depa029,성균관대_중어중문학과,Course,Cour1976,중국어어법연구입문,offers,학과와 교육과정(교과목)의 관계
1550,Department,Depa029,성균관대_중어중문학과,Course,Cour1977,고전원전자료독해실습,offers,학과와 교육과정(교과목)의 관계
1551,Department,Depa029,성균관대_중어중문학과,Course,Cour1978,현대원전자료독해실습,offers,학과와 교육과정(교과목)의 관계
1552,Department,Depa029,성균관대_중어중문학과,Course,Cour1979,고대중국어의이해,offers,학과와 교육과정(교과목)의 관계
1553,Department,Depa029,성균관대_중어중문학과,Course,Cour1980,인문학명저산책,offers,학과와 교육과정(교과목)의 관계
1554,Department,Depa029,성균관대_중어중문학과,Course,Cour1981,인문학과기업가정신,offers,학과와 교육과정(교과목)의 관계
1555,Department,Depa029,성균관대_중어중문학과,Course,Cour1982,문과대학전공탐색,offers,학과와 교육과정(교과목)의 관계
1556,Department,Depa029,성균관대_중어중문학과,Course,Cour1983,인문학글로벌리더십,offers,학과와 교육과정(교과목)의 관계
1557,Department,Depa029,성균관대_중어중문학과,Course,Cour1984,문과대학연구학점Ⅰ,offers,학과와 교육과정(교과목)의 관계
1558,Department,Depa029,성균관대_중어중문학과,Course,Cour1985,문과대학연구학점Ⅱ,offers,학과와 교육과정(교과목)의 관계
1559,Department,Depa029,성균관대_중어중문학과,Course,Cour1986,문과대학연구학점Ⅲ,offers,학과와 교육과정(교과목)의 관계
1560,Department,Depa029,성균관대_중어중문학과,Course,Cour1987,문과대학연구학점Ⅳ,offers,학과와 교육과정(교과목)의 관계
1561,Department,Depa029,성균관대_중어중문학과,Course,Cour1988,문과대학연구학점Ⅴ,offers,학과와 교육과정(교과목)의 관계
1562,Department,Depa029,성균관대_중어중문학과,Course,Cour1989,한국어인공지능데이터과학,offers,학과와 교육과정(교과목)의 관계
1563,Department,Depa029,성균관대_중어중문학과,Course,Cour1990,중국의역사Ⅰ,offers,학과와 교육과정(교과목)의 관계
1564,Department,Depa030,성신여자대_중국어문·문화학과,Course,Cour1991,인문콘텐츠의이해,offers,학과와 교육과정(교과목)의 관계
1565,Department,Depa030,성신여자대_중국어문·문화학과,Course,Cour1992,초급중국어회화Ⅱ,offers,학과와 교육과정(교과목)의 관계
1566,Department,Depa030,성신여자대_중국어문·문화학과,Course,Cour1993,기초중국어리딩Ⅱ,offers,학과와 교육과정(교과목)의 관계
1567,Department,Depa030,성신여자대_중국어문·문화학과,Course,Cour1994,토픽중국문학,offers,학과와 교육과정(교과목)의 관계
1568,Department,Depa030,성신여자대_중국어문·문화학과,Course,Cour1995,중국문화의이해,offers,학과와 교육과정(교과목)의 관계
1569,Department,Depa030,성신여자대_중국어문·문화학과,Course,Cour1996,초급중국어회화Ⅰ,offers,학과와 교육과정(교과목)의 관계
1570,Department,Depa030,성신여자대_중국어문·문화학과,Course,Cour1997,기초중국어리딩Ⅰ,offers,학과와 교육과정(교과목)의 관계
1571,Department,Depa030,성신여자대_중국어문·문화학과,Course,Cour1998,중국시와음식문화콘텐츠,offers,학과와 교육과정(교과목)의 관계
1572,Department,Depa030,성신여자대_중국어문·문화학과,Course,Cour1999,실용중국어문법,offers,학과와 교육과정(교과목)의 관계
1573,Department,Depa030,성신여자대_중국어문·문화학과,Course,Cour2000,중국문학사Ⅱ,offers,학과와 교육과정(교과목)의 관계
1574,Department,Depa030,성신여자대_중국어문·문화학과,Course,Cour2001,중급중국어Ⅱ,offers,학과와 교육과정(교과목)의 관계
1575,Department,Depa030,성신여자대_중국어문·문화학과,Course,Cour2002,중급중국어회화Ⅱ,offers,학과와 교육과정(교과목)의 관계
1576,Department,Depa030,성신여자대_중국어문·문화학과,Course,Cour2003,중국역사이해와현대,offers,학과와 교육과정(교과목)의 관계
1577,Department,Depa030,성신여자대_중국어문·문화학과,Course,Cour2004,중국대중소설의이해,offers,학과와 교육과정(교과목)의 관계
1578,Department,Depa030,성신여자대_중국어문·문화학과,Course,Cour2005,인문고전의이해,offers,학과와 교육과정(교과목)의 관계
1579,Department,Depa030,성신여자대_중국어문·문화학과,Course,Cour2006,중국문학사Ⅰ,offers,학과와 교육과정(교과목)의 관계
1580,Department,Depa030,성신여자대_중국어문·문화학과,Course,Cour2007,당시와여성,offers,학과와 교육과정(교과목)의 관계
1581,Department,Depa030,성신여자대_중국어문·문화학과,Course,Cour2008,중급중국어Ⅰ,offers,학과와 교육과정(교과목)의 관계
1582,Department,Depa030,성신여자대_중국어문·문화학과,Course,Cour2009,중급중국어회화Ⅰ,offers,학과와 교육과정(교과목)의 관계
1583,Department,Depa030,성신여자대_중국어문·문화학과,Course,Cour2010,디지털중국어문학의이해,offers,학과와 교육과정(교과목)의 관계
1584,Department,Depa030,성신여자대_중국어문·문화학과,Course,Cour2011,중국어학의이해,offers,학과와 교육과정(교과목)의 관계
1585,Department,Depa030,성신여자대_중국어문·문화학과,Course,Cour2012,중국어교과교재연구및지도법,offers,학과와 교육과정(교과목)의 관계
1586,Department,Depa030,성신여자대_중국어문·문화학과,Course,Cour2013,사곡산책,offers,학과와 교육과정(교과목)의 관계
1587,Department,Depa030,성신여자대_중국어문·문화학과,Course,Cour2014,중국고전문학과문화콘텐츠,offers,학과와 교육과정(교과목)의 관계
1588,Department,Depa030,성신여자대_중국어문·문화학과,Course,Cour2015,실용중국어프레젠테이션,offers,학과와 교육과정(교과목)의 관계
1589,Department,Depa030,성신여자대_중국어문·문화학과,Course,Cour2016,중국현대문학과문화,offers,학과와 교육과정(교과목)의 관계
1590,Department,Depa030,성신여자대_중국어문·문화학과,Course,Cour2017,중국고전산문과문화코드,offers,학과와 교육과정(교과목)의 관계
1591,Department,Depa030,성신여자대_중국어문·문화학과,Course,Cour2018,중국희곡의이해,offers,학과와 교육과정(교과목)의 관계
1592,Department,Depa030,성신여자대_중국어문·문화학과,Course,Cour2019,고급중국어연습과토론,offers,학과와 교육과정(교과목)의 관계
1593,Department,Depa030,성신여자대_중국어문·문화학과,Course,Cour2020,중국어교과교육론,offers,학과와 교육과정(교과목)의 관계
1594,Department,Depa030,성신여자대_중국어문·문화학과,Course,Cour2021,외국어논리및논술(동양권),offers,학과와 교육과정(교과목)의 관계
1595,Department,Depa030,성신여자대_중국어문·문화학과,Course,Cour2022,중국어작문,offers,학과와 교육과정(교과목)의 관계
1596,Department,Depa030,성신여자대_중국어문·문화학과,Course,Cour2023,비즈니스중국어,offers,학과와 교육과정(교과목)의 관계
1597,Department,Depa030,성신여자대_중국어문·문화학과,Course,Cour2024,중국어통역연습,offers,학과와 교육과정(교과목)의 관계
1598,Department,Depa030,성신여자대_중국어문·문화학과,Course,Cour2025,중국역대시가산책,offers,학과와 교육과정(교과목)의 관계
1599,Department,Depa030,성신여자대_중국어문·문화학과,Course,Cour2026,중국어번역연습,offers,학과와 교육과정(교과목)의 관계
1600,Department,Depa030,성신여자대_중국어문·문화학과,Course,Cour2027,시사중국어,offers,학과와 교육과정(교과목)의 관계
1601,Department,Depa030,성신여자대_중국어문·문화학과,Course,Cour2028,중국현대문학강독,offers,학과와 교육과정(교과목)의 관계
1602,Department,Depa031,숙명여자대_중어중문학부,Course,Cour2130,중국고전문학의전통Ⅰ,offers,학과와 교육과정(교과목)의 관계
1603,Department,Depa031,숙명여자대_중어중문학부,Course,Cour2131,중국고전문학의전통Ⅱ,offers,학과와 교육과정(교과목)의 관계
1604,Department,Depa031,숙명여자대_중어중문학부,Course,Cour2132,중국문화의이해,offers,학과와 교육과정(교과목)의 관계
1605,Department,Depa031,숙명여자대_중어중문학부,Course,Cour2133,중국현대문학의이해,offers,학과와 교육과정(교과목)의 관계
1606,Department,Depa031,숙명여자대_중어중문학부,Course,Cour2134,기초입문고전시10선,offers,학과와 교육과정(교과목)의 관계
1607,Department,Depa031,숙명여자대_중어중문학부,Course,Cour2135,중국영화의이해,offers,학과와 교육과정(교과목)의 관계
1608,Department,Depa031,숙명여자대_중어중문학부,Course,Cour2136,중급중국어회화Ⅱ,offers,학과와 교육과정(교과목)의 관계
1609,Department,Depa031,숙명여자대_중어중문학부,Course,Cour2137,중국어학의이해,offers,학과와 교육과정(교과목)의 관계
1610,Department,Depa031,숙명여자대_중어중문학부,Course,Cour2138,중국현대산문읽기,offers,학과와 교육과정(교과목)의 관계
1611,Department,Depa031,숙명여자대_중어중문학부,Course,Cour2139,중국소설문학의세계,offers,학과와 교육과정(교과목)의 관계
1612,Department,Depa031,숙명여자대_중어중문학부,Course,Cour2140,기초고문산책,offers,학과와 교육과정(교과목)의 관계
1613,Department,Depa031,숙명여자대_중어중문학부,Course,Cour2141,중국역대명시감상,offers,학과와 교육과정(교과목)의 관계
1614,Department,Depa031,숙명여자대_중어중문학부,Course,Cour2142,경극과공연예술,offers,학과와 교육과정(교과목)의 관계
1615,Department,Depa031,숙명여자대_중어중문학부,Course,Cour2143,초급중국어Ⅰ,offers,학과와 교육과정(교과목)의 관계
1616,Department,Depa031,숙명여자대_중어중문학부,Course,Cour2144,중급중국어회화Ⅰ,offers,학과와 교육과정(교과목)의 관계
1617,Department,Depa031,숙명여자대_중어중문학부,Course,Cour2145,초급중국어Ⅱ,offers,학과와 교육과정(교과목)의 관계
1618,Department,Depa031,숙명여자대_중어중문학부,Course,Cour2146,중국어문법과작문Ⅰ,offers,학과와 교육과정(교과목)의 관계
1619,Department,Depa031,숙명여자대_중어중문학부,Course,Cour2147,중국의언어와생활,offers,학과와 교육과정(교과목)의 관계
1620,Department,Depa031,숙명여자대_중어중문학부,Course,Cour2148,비즈니스중국어,offers,학과와 교육과정(교과목)의 관계
1621,Department,Depa031,숙명여자대_중어중문학부,Course,Cour2149,중국현대시산책,offers,학과와 교육과정(교과목)의 관계
1622,Department,Depa031,숙명여자대_중어중문학부,Course,Cour2150,중국고전베스트드라마산책,offers,학과와 교육과정(교과목)의 관계
1623,Department,Depa031,숙명여자대_중어중문학부,Course,Cour2151,중국문학과문화콘텐츠,offers,학과와 교육과정(교과목)의 관계
1624,Department,Depa031,숙명여자대_중어중문학부,Course,Cour2152,초급중국어회화Ⅰ,offers,학과와 교육과정(교과목)의 관계
1625,Department,Depa031,숙명여자대_중어중문학부,Course,Cour2153,중국어교육론,offers,학과와 교육과정(교과목)의 관계
1626,Department,Depa031,숙명여자대_중어중문학부,Course,Cour2154,논리및논술(중국어),offers,학과와 교육과정(교과목)의 관계
1627,Department,Depa031,숙명여자대_중어중문학부,Course,Cour2155,중국실무특강Ⅰ,offers,학과와 교육과정(교과목)의 관계
1628,Department,Depa031,숙명여자대_중어중문학부,Course,Cour2156,중국어교재연구및지도법,offers,학과와 교육과정(교과목)의 관계
1629,Department,Depa031,숙명여자대_중어중문학부,Course,Cour2157,중국어통역입문,offers,학과와 교육과정(교과목)의 관계
1630,Department,Depa031,숙명여자대_중어중문학부,Course,Cour2158,중국실무특강Ⅱ,offers,학과와 교육과정(교과목)의 관계
1631,Department,Depa031,숙명여자대_중어중문학부,Course,Cour2159,중국대중문화탐색,offers,학과와 교육과정(교과목)의 관계
1632,Department,Depa031,숙명여자대_중어중문학부,Course,Cour2160,중국어문법과작문Ⅱ,offers,학과와 교육과정(교과목)의 관계
1633,Department,Depa031,숙명여자대_중어중문학부,Course,Cour2161,초급중국어회화Ⅱ,offers,학과와 교육과정(교과목)의 관계
1634,Department,Depa031,숙명여자대_중어중문학부,Course,Cour2162,중국문화산업의이해,offers,학과와 교육과정(교과목)의 관계
1635,Department,Depa031,숙명여자대_중어중문학부,Course,Cour2163,중국분야진로탐색과설계,offers,학과와 교육과정(교과목)의 관계
1636,Department,Depa031,숙명여자대_중어중문학부,Course,Cour2164,테마로배우는문화여행중국어,offers,학과와 교육과정(교과목)의 관계
1637,Department,Depa031,숙명여자대_중어중문학부,Course,Cour2165,중국지역문화,offers,학과와 교육과정(교과목)의 관계
1638,Department,Depa031,숙명여자대_중어중문학부,Course,Cour2166,시사중국어,offers,학과와 교육과정(교과목)의 관계
1639,Department,Depa031,숙명여자대_중어중문학부,Course,Cour2167,AI시대의중국어번역,offers,학과와 교육과정(교과목)의 관계
1640,Department,Depa031,숙명여자대_중어중문학부,Course,Cour2168,노자와공자의대화,offers,학과와 교육과정(교과목)의 관계
1641,Department,Depa031,숙명여자대_중어중문학부,Course,Cour2169,중국은지금,offers,학과와 교육과정(교과목)의 관계
1642,Department,Depa031,숙명여자대_중어중문학부,Course,Cour2170,중급중국어Ⅰ,offers,학과와 교육과정(교과목)의 관계
1643,Department,Depa031,숙명여자대_중어중문학부,Course,Cour2171,중급중국어Ⅱ,offers,학과와 교육과정(교과목)의 관계
1644,Department,Depa031,숙명여자대_중어중문학부,Course,Cour2172,중국문자속숨은문화찾기,offers,학과와 교육과정(교과목)의 관계
1645,Department,Depa031,숙명여자대_중어중문학부,Course,Cour2173,중국음식문화의이해,offers,학과와 교육과정(교과목)의 관계
1646,Department,Depa031,숙명여자대_중어중문학부,Course,Cour2174,고급중국어,offers,학과와 교육과정(교과목)의 관계
1647,Department,Depa031,숙명여자대_중어중문학부,Course,Cour2175,중국어현지교육,offers,학과와 교육과정(교과목)의 관계
1648,Department,Depa032,순천향대_중국학과,Course,Cour2209,중국어듣기말하기Ⅰ,offers,학과와 교육과정(교과목)의 관계
1649,Department,Depa032,순천향대_중국학과,Course,Cour2210,중국역사문화콘텐츠의이해,offers,학과와 교육과정(교과목)의 관계
1650,Department,Depa032,순천향대_중국학과,Course,Cour2211,중국어듣기말하기Ⅱ,offers,학과와 교육과정(교과목)의 관계
1651,Department,Depa032,순천향대_중국학과,Course,Cour2212,현대중국입문,offers,학과와 교육과정(교과목)의 관계
1652,Department,Depa032,순천향대_중국학과,Course,Cour2213,역사속중국민족,offers,학과와 교육과정(교과목)의 관계
1653,Department,Depa032,순천향대_중국학과,Course,Cour2214,중국경제현상과이론Ⅰ,offers,학과와 교육과정(교과목)의 관계
1654,Department,Depa032,순천향대_중국학과,Course,Cour2215,중국어듣기말하기Ⅲ,offers,학과와 교육과정(교과목)의 관계
1655,Department,Depa032,순천향대_중국학과,Course,Cour2216,격동의중국근현대사,offers,학과와 교육과정(교과목)의 관계
1656,Department,Depa032,순천향대_중국학과,Course,Cour2217,스마트중국어,offers,학과와 교육과정(교과목)의 관계
1657,Department,Depa032,순천향대_중국학과,Course,Cour2218,중국사상의이해,offers,학과와 교육과정(교과목)의 관계
1658,Department,Depa032,순천향대_중국학과,Course,Cour2219,중국어문법,offers,학과와 교육과정(교과목)의 관계
1659,Department,Depa032,순천향대_중국학과,Course,Cour2220,중국언어와문자,offers,학과와 교육과정(교과목)의 관계
1660,Department,Depa032,순천향대_중국학과,Course,Cour2221,중국어듣기말하기Ⅳ,offers,학과와 교육과정(교과목)의 관계
1661,Department,Depa032,순천향대_중국학과,Course,Cour2222,문화중국어,offers,학과와 교육과정(교과목)의 관계
1662,Department,Depa032,순천향대_중국학과,Course,Cour2223,중국경제현상과이론Ⅱ,offers,학과와 교육과정(교과목)의 관계
1663,Department,Depa032,순천향대_중국학과,Course,Cour2224,중국시문감상,offers,학과와 교육과정(교과목)의 관계
1664,Department,Depa032,순천향대_중국학과,Course,Cour2225,중국음식문화,offers,학과와 교육과정(교과목)의 관계
1665,Department,Depa032,순천향대_중국학과,Course,Cour2226,중국의개혁개방,offers,학과와 교육과정(교과목)의 관계
1666,Department,Depa032,순천향대_중국학과,Course,Cour2227,한자와중국문화,offers,학과와 교육과정(교과목)의 관계
1667,Department,Depa032,순천향대_중국학과,Course,Cour2228,중국어읽기쓰기Ⅰ,offers,학과와 교육과정(교과목)의 관계
1668,Department,Depa032,순천향대_중국학과,Course,Cour2229,HSK실전공략Ⅰ,offers,학과와 교육과정(교과목)의 관계
1669,Department,Depa032,순천향대_중국학과,Course,Cour2230,비즈니스중국어,offers,학과와 교육과정(교과목)의 관계
1670,Department,Depa032,순천향대_중국학과,Course,Cour2231,중국기업과정책,offers,학과와 교육과정(교과목)의 관계
1671,Department,Depa032,순천향대_중국학과,Course,Cour2232,중국명언명구,offers,학과와 교육과정(교과목)의 관계
1672,Department,Depa032,순천향대_중국학과,Course,Cour2233,중국을움직인사람들,offers,학과와 교육과정(교과목)의 관계
1673,Department,Depa032,순천향대_중국학과,Course,Cour2234,한중경제관계,offers,학과와 교육과정(교과목)의 관계
1674,Department,Depa032,순천향대_중국학과,Course,Cour2235,한중문화콘텐츠개발(캡스톤디자인)Ⅰ,offers,학과와 교육과정(교과목)의 관계
1675,Department,Depa032,순천향대_중국학과,Course,Cour2236,중국어읽기쓰기Ⅱ,offers,학과와 교육과정(교과목)의 관계
1676,Department,Depa032,순천향대_중국학과,Course,Cour2237,HSK실전공략Ⅱ,offers,학과와 교육과정(교과목)의 관계
1677,Department,Depa032,순천향대_중국학과,Course,Cour2238,세계속의중국경제,offers,학과와 교육과정(교과목)의 관계
1678,Department,Depa032,순천향대_중국학과,Course,Cour2239,자료로보는중국사,offers,학과와 교육과정(교과목)의 관계
1679,Department,Depa032,순천향대_중국학과,Course,Cour2240,중국언어와지역문화,offers,학과와 교육과정(교과목)의 관계
1680,Department,Depa032,순천향대_중국학과,Course,Cour2241,중국의지리와문화,offers,학과와 교육과정(교과목)의 관계
1681,Department,Depa032,순천향대_중국학과,Course,Cour2242,중국지역경제,offers,학과와 교육과정(교과목)의 관계
1682,Department,Depa032,순천향대_중국학과,Course,Cour2243,한중문화콘텐츠개발(캡스톤디자인)Ⅱ,offers,학과와 교육과정(교과목)의 관계
1683,Department,Depa032,순천향대_중국학과,Course,Cour2244,이슈로보는중국,offers,학과와 교육과정(교과목)의 관계
1684,Department,Depa032,순천향대_중국학과,Course,Cour2245,위험사회해결을위한중국경제문제,offers,학과와 교육과정(교과목)의 관계
1685,Department,Depa032,순천향대_중국학과,Course,Cour2246,중국경제의이해,offers,학과와 교육과정(교과목)의 관계
1686,Department,Depa032,순천향대_중국학과,Course,Cour2247,중국사회문제연구,offers,학과와 교육과정(교과목)의 관계
1687,Department,Depa032,순천향대_중국학과,Course,Cour2248,중한번역실습,offers,학과와 교육과정(교과목)의 관계
1688,Department,Depa032,순천향대_중국학과,Course,Cour2249,한중관계사,offers,학과와 교육과정(교과목)의 관계
1689,Department,Depa032,순천향대_중국학과,Course,Cour2250,졸업종합지도,offers,학과와 교육과정(교과목)의 관계
1690,Department,Depa032,순천향대_중국학과,Course,Cour2251,동북아국제관계,offers,학과와 교육과정(교과목)의 관계
1691,Department,Depa032,순천향대_중국학과,Course,Cour2252,영상콘텐츠로보는중국,offers,학과와 교육과정(교과목)의 관계
1692,Department,Depa032,순천향대_중국학과,Course,Cour2253,중국무역세미나,offers,학과와 교육과정(교과목)의 관계
1693,Department,Depa032,순천향대_중국학과,Course,Cour2254,중국사특강,offers,학과와 교육과정(교과목)의 관계
1694,Department,Depa032,순천향대_중국학과,Course,Cour2255,한중외교사,offers,학과와 교육과정(교과목)의 관계
1695,Department,Depa032,순천향대_중국학과,Course,Cour2256,글로벌한류콘텐츠분석,offers,학과와 교육과정(교과목)의 관계
1696,Department,Depa032,순천향대_중국학과,Course,Cour2257,졸업종합지도(복),offers,학과와 교육과정(교과목)의 관계
1697,Department,Depa032,순천향대_중국학과,Course,Cour2258,현장실습(인턴십)Ⅰ,offers,학과와 교육과정(교과목)의 관계
1698,Department,Depa032,순천향대_중국학과,Course,Cour2259,현장실습(인턴십)Ⅱ,offers,학과와 교육과정(교과목)의 관계
1699,Department,Depa032,순천향대_중국학과,Course,Cour2260,현장실습(인턴십)Ⅲ,offers,학과와 교육과정(교과목)의 관계
1700,Department,Depa032,순천향대_중국학과,Course,Cour2261,IPPⅠ,offers,학과와 교육과정(교과목)의 관계
1701,Department,Depa032,순천향대_중국학과,Course,Cour2262,IPPⅡ,offers,학과와 교육과정(교과목)의 관계
1702,Department,Depa033,숭실대_중어중문학과,Course,Cour2263,비전채플,offers,학과와 교육과정(교과목)의 관계
1703,Department,Depa033,숭실대_중어중문학과,Course,Cour2264,[인문적상상력과소통]영역,offers,학과와 교육과정(교과목)의 관계
1704,Department,Depa033,숭실대_중어중문학과,Course,Cour2265,[인간과성서]영역,offers,학과와 교육과정(교과목)의 관계
1705,Department,Depa033,숭실대_중어중문학과,Course,Cour2266,[컴퓨팅적사고]영역,offers,학과와 교육과정(교과목)의 관계
1706,Department,Depa033,숭실대_중어중문학과,Course,Cour2267,기초중어Ⅰ,offers,학과와 교육과정(교과목)의 관계
1707,Department,Depa033,숭실대_중어중문학과,Course,Cour2268,초급중어회화작문Ⅰ,offers,학과와 교육과정(교과목)의 관계
1708,Department,Depa033,숭실대_중어중문학과,Course,Cour2269,중국문화의지평,offers,학과와 교육과정(교과목)의 관계
1709,Department,Depa033,숭실대_중어중문학과,Course,Cour2270,소그룹채플,offers,학과와 교육과정(교과목)의 관계
1710,Department,Depa033,숭실대_중어중문학과,Course,Cour2271,[비판적사고와표현]영역,offers,학과와 교육과정(교과목)의 관계
1711,Department,Depa033,숭실대_중어중문학과,Course,Cour2272,[한반도평화와통일]영역,offers,학과와 교육과정(교과목)의 관계
1712,Department,Depa033,숭실대_중어중문학과,Course,Cour2273,[SW와AI]영역,offers,학과와 교육과정(교과목)의 관계
1713,Department,Depa033,숭실대_중어중문학과,Course,Cour2274,기초중어Ⅱ,offers,학과와 교육과정(교과목)의 관계
1714,Department,Depa033,숭실대_중어중문학과,Course,Cour2275,초급중어회화작문Ⅱ,offers,학과와 교육과정(교과목)의 관계
1715,Department,Depa033,숭실대_중어중문학과,Course,Cour2276,비전채플,offers,학과와 교육과정(교과목)의 관계
1716,Department,Depa033,숭실대_중어중문학과,Course,Cour2277,[글로벌시민의식]영역,offers,학과와 교육과정(교과목)의 관계
1717,Department,Depa033,숭실대_중어중문학과,Course,Cour2278,중국문학의지평,offers,학과와 교육과정(교과목)의 관계
1718,Department,Depa033,숭실대_중어중문학과,Course,Cour2279,중급중어강독,offers,학과와 교육과정(교과목)의 관계
1719,Department,Depa033,숭실대_중어중문학과,Course,Cour2280,중급중어회화,offers,학과와 교육과정(교과목)의 관계
1720,Department,Depa033,숭실대_중어중문학과,Course,Cour2281,성어로배우는문언문,offers,학과와 교육과정(교과목)의 관계
1721,Department,Depa033,숭실대_중어중문학과,Course,Cour2282,중국어문법의기초,offers,학과와 교육과정(교과목)의 관계
1722,Department,Depa033,숭실대_중어중문학과,Course,Cour2283,비전채플,offers,학과와 교육과정(교과목)의 관계
1723,Department,Depa033,숭실대_중어중문학과,Course,Cour2284,[글로벌소통과언어]영역,offers,학과와 교육과정(교과목)의 관계
1724,Department,Depa033,숭실대_중어중문학과,Course,Cour2285,중국어학의이해,offers,학과와 교육과정(교과목)의 관계
1725,Department,Depa033,숭실대_중어중문학과,Course,Cour2286,중국고전과현대생활,offers,학과와 교육과정(교과목)의 관계
1726,Department,Depa033,숭실대_중어중문학과,Course,Cour2287,중국서정문학의세계,offers,학과와 교육과정(교과목)의 관계
1727,Department,Depa033,숭실대_중어중문학과,Course,Cour2288,HSK중국어,offers,학과와 교육과정(교과목)의 관계
1728,Department,Depa033,숭실대_중어중문학과,Course,Cour2289,중급중어작문,offers,학과와 교육과정(교과목)의 관계
1729,Department,Depa033,숭실대_중어중문학과,Course,Cour2290,비전채플,offers,학과와 교육과정(교과목)의 관계
1730,Department,Depa033,숭실대_중어중문학과,Course,Cour2291,고급중어강독,offers,학과와 교육과정(교과목)의 관계
1731,Department,Depa033,숭실대_중어중문학과,Course,Cour2292,중국현대문학의세계,offers,학과와 교육과정(교과목)의 관계
1732,Department,Depa033,숭실대_중어중문학과,Course,Cour2293,고급중어회화,offers,학과와 교육과정(교과목)의 관계
1733,Department,Depa033,숭실대_중어중문학과,Course,Cour2294,중국소설과스토리텔링,offers,학과와 교육과정(교과목)의 관계
1734,Department,Depa033,숭실대_중어중문학과,Course,Cour2295,인물로배우는중국문학사,offers,학과와 교육과정(교과목)의 관계
1735,Department,Depa033,숭실대_중어중문학과,Course,Cour2296,비전채플,offers,학과와 교육과정(교과목)의 관계
1736,Department,Depa033,숭실대_중어중문학과,Course,Cour2297,[창의적사고와혁신]영역,offers,학과와 교육과정(교과목)의 관계
1737,Department,Depa033,숭실대_중어중문학과,Course,Cour2298,중국현대문화의세계,offers,학과와 교육과정(교과목)의 관계
1738,Department,Depa033,숭실대_중어중문학과,Course,Cour2299,중국서사문학의세계,offers,학과와 교육과정(교과목)의 관계
1739,Department,Depa033,숭실대_중어중문학과,Course,Cour2300,중국지역학개론,offers,학과와 교육과정(교과목)의 관계
1740,Department,Depa033,숭실대_중어중문학과,Course,Cour2301,한자로보는중국문화,offers,학과와 교육과정(교과목)의 관계
1741,Department,Depa033,숭실대_중어중문학과,Course,Cour2302,중국어문형과실용구문,offers,학과와 교육과정(교과목)의 관계
1742,Department,Depa033,숭실대_중어중문학과,Course,Cour2303,중국어로보는사회,offers,학과와 교육과정(교과목)의 관계
1743,Department,Depa033,숭실대_중어중문학과,Course,Cour2304,시청각중국어,offers,학과와 교육과정(교과목)의 관계
1744,Department,Depa033,숭실대_중어중문학과,Course,Cour2305,중한번역실습Ⅰ,offers,학과와 교육과정(교과목)의 관계
1745,Department,Depa033,숭실대_중어중문학과,Course,Cour2306,영상으로보는중국,offers,학과와 교육과정(교과목)의 관계
1746,Department,Depa033,숭실대_중어중문학과,Course,Cour2307,중국문화산업과미디어,offers,학과와 교육과정(교과목)의 관계
1747,Department,Depa033,숭실대_중어중문학과,Course,Cour2308,경제통상중국어,offers,학과와 교육과정(교과목)의 관계
1748,Department,Depa033,숭실대_중어중문학과,Course,Cour2309,중한번역실습Ⅰ,offers,학과와 교육과정(교과목)의 관계
1749,Department,Depa033,숭실대_중어중문학과,Course,Cour2310,중국지역조사실습,offers,학과와 교육과정(교과목)의 관계
1750,Department,Depa034,안양대_중국언어문화학과,Course,Cour2311,중국어연습Ⅰ,offers,학과와 교육과정(교과목)의 관계
1751,Department,Depa034,안양대_중국언어문화학과,Course,Cour2312,초급중국어Ⅰ,offers,학과와 교육과정(교과목)의 관계
1752,Department,Depa034,안양대_중국언어문화학과,Course,Cour2313,전공세미나Ⅰ:전공책읽기,offers,학과와 교육과정(교과목)의 관계
1753,Department,Depa034,안양대_중국언어문화학과,Course,Cour2314,중국어패턴과말하기,offers,학과와 교육과정(교과목)의 관계
1754,Department,Depa034,안양대_중국언어문화학과,Course,Cour2315,실용중국어,offers,학과와 교육과정(교과목)의 관계
1755,Department,Depa034,안양대_중국언어문화학과,Course,Cour2316,중국어권문화,offers,학과와 교육과정(교과목)의 관계
1756,Department,Depa034,안양대_중국언어문화학과,Course,Cour2317,중국어텍스트읽기,offers,학과와 교육과정(교과목)의 관계
1757,Department,Depa034,안양대_중국언어문화학과,Course,Cour2318,중국어표현과글쓰기,offers,학과와 교육과정(교과목)의 관계
1758,Department,Depa034,안양대_중국언어문화학과,Course,Cour2319,중급중국어,offers,학과와 교육과정(교과목)의 관계
1759,Department,Depa034,안양대_중국언어문화학과,Course,Cour2320,고급중국어회화,offers,학과와 교육과정(교과목)의 관계
1760,Department,Depa034,안양대_중국언어문화학과,Course,Cour2321,비즈니스실무중국어,offers,학과와 교육과정(교과목)의 관계
1761,Department,Depa034,안양대_중국언어문화학과,Course,Cour2322,전공진로탐색Ⅰ캡스톤디자인,offers,학과와 교육과정(교과목)의 관계
1762,Department,Depa034,안양대_중국언어문화학과,Course,Cour2323,중국문학과역사,offers,학과와 교육과정(교과목)의 관계
1763,Department,Depa034,안양대_중국언어문화학과,Course,Cour2324,중국어문법,offers,학과와 교육과정(교과목)의 관계
1764,Department,Depa034,안양대_중국언어문화학과,Course,Cour2325,한자와커뮤니케이션,offers,학과와 교육과정(교과목)의 관계
1765,Department,Depa034,안양대_중국언어문화학과,Course,Cour2326,한중통역실무,offers,학과와 교육과정(교과목)의 관계
1766,Department,Depa034,안양대_중국언어문화학과,Course,Cour2327,현대중국언어특강,offers,학과와 교육과정(교과목)의 관계
1767,Department,Depa034,안양대_중국언어문화학과,Course,Cour2328,중국어연습Ⅱ,offers,학과와 교육과정(교과목)의 관계
1768,Department,Depa034,안양대_중국언어문화학과,Course,Cour2329,초급중국어회화Ⅱ,offers,학과와 교육과정(교과목)의 관계
1769,Department,Depa034,안양대_중국언어문화학과,Course,Cour2330,시청각중국어,offers,학과와 교육과정(교과목)의 관계
1770,Department,Depa034,안양대_중국언어문화학과,Course,Cour2331,전공세미나Ⅱ:전공글쓰기,offers,학과와 교육과정(교과목)의 관계
1771,Department,Depa034,안양대_중국언어문화학과,Course,Cour2332,중국문화콘텐츠의이해,offers,학과와 교육과정(교과목)의 관계
1772,Department,Depa034,안양대_중국언어문화학과,Course,Cour2333,중국어작문,offers,학과와 교육과정(교과목)의 관계
1773,Department,Depa034,안양대_중국언어문화학과,Course,Cour2334,중국어회화,offers,학과와 교육과정(교과목)의 관계
1774,Department,Depa034,안양대_중국언어문화학과,Course,Cour2335,한자의이해,offers,학과와 교육과정(교과목)의 관계
1775,Department,Depa034,안양대_중국언어문화학과,Course,Cour2336,한중언어대조,offers,학과와 교육과정(교과목)의 관계
1776,Department,Depa034,안양대_중국언어문화학과,Course,Cour2337,서비스실무중국어,offers,학과와 교육과정(교과목)의 관계
1777,Department,Depa034,안양대_중국언어문화학과,Course,Cour2338,소셜미디어중국어,offers,학과와 교육과정(교과목)의 관계
1778,Department,Depa034,안양대_중국언어문화학과,Course,Cour2339,전공진로탐색Ⅱ캡스톤디자인,offers,학과와 교육과정(교과목)의 관계
1779,Department,Depa034,안양대_중국언어문화학과,Course,Cour2340,중국어강독,offers,학과와 교육과정(교과목)의 관계
1780,Department,Depa034,안양대_중국언어문화학과,Course,Cour2341,중국어실무프레젠테이션연습,offers,학과와 교육과정(교과목)의 관계
1781,Department,Depa034,안양대_중국언어문화학과,Course,Cour2342,한중문화관광통역,offers,학과와 교육과정(교과목)의 관계
1782,Department,Depa034,안양대_중국언어문화학과,Course,Cour2343,전공세미나Ⅳ:취업역량강화,offers,학과와 교육과정(교과목)의 관계
1783,Department,Depa035,연세대_중어중문학과,Course,Cour2344,중국어학입문,offers,학과와 교육과정(교과목)의 관계
1784,Department,Depa035,연세대_중어중문학과,Course,Cour2345,중국문학입문,offers,학과와 교육과정(교과목)의 관계
1785,Department,Depa035,연세대_중어중문학과,Course,Cour2346,UT세미나,offers,학과와 교육과정(교과목)의 관계
1786,Department,Depa035,연세대_중어중문학과,Course,Cour2347,전공중국어연습Ⅰ,offers,학과와 교육과정(교과목)의 관계
1787,Department,Depa035,연세대_중어중문학과,Course,Cour2348,전공중국어연습Ⅱ,offers,학과와 교육과정(교과목)의 관계
1788,Department,Depa035,연세대_중어중문학과,Course,Cour2349,역대산문선독,offers,학과와 교육과정(교과목)의 관계
1789,Department,Depa035,연세대_중어중문학과,Course,Cour2350,중국역대시가선독,offers,학과와 교육과정(교과목)의 관계
1790,Department,Depa035,연세대_중어중문학과,Course,Cour2351,중국현대영상예술,offers,학과와 교육과정(교과목)의 관계
1791,Department,Depa035,연세대_중어중문학과,Course,Cour2352,중국전통극예술,offers,학과와 교육과정(교과목)의 관계
1792,Department,Depa035,연세대_중어중문학과,Course,Cour2353,중국신화의이해,offers,학과와 교육과정(교과목)의 관계
1793,Department,Depa035,연세대_중어중문학과,Course,Cour2354,중급중국어듣기,offers,학과와 교육과정(교과목)의 관계
1794,Department,Depa035,연세대_중어중문학과,Course,Cour2355,중급중국어말하기,offers,학과와 교육과정(교과목)의 관계
1795,Department,Depa035,연세대_중어중문학과,Course,Cour2356,중급중국어독해,offers,학과와 교육과정(교과목)의 관계
1796,Department,Depa035,연세대_중어중문학과,Course,Cour2357,중급중국어쓰기,offers,학과와 교육과정(교과목)의 관계
1797,Department,Depa035,연세대_중어중문학과,Course,Cour2358,시사중국어,offers,학과와 교육과정(교과목)의 관계
1798,Department,Depa035,연세대_중어중문학과,Course,Cour2359,실용중국어,offers,학과와 교육과정(교과목)의 관계
1799,Department,Depa035,연세대_중어중문학과,Course,Cour2360,비즈니스중국어,offers,학과와 교육과정(교과목)의 관계
1800,Department,Depa035,연세대_중어중문학과,Course,Cour2361,중국어실용교육어법Ⅰ,offers,학과와 교육과정(교과목)의 관계
1801,Department,Depa035,연세대_중어중문학과,Course,Cour2362,중국어실용교육어법Ⅱ,offers,학과와 교육과정(교과목)의 관계
1802,Department,Depa035,연세대_중어중문학과,Course,Cour2363,중국고대문학사,offers,학과와 교육과정(교과목)의 관계
1803,Department,Depa035,연세대_중어중문학과,Course,Cour2364,당송산문선독,offers,학과와 교육과정(교과목)의 관계
1804,Department,Depa035,연세대_중어중문학과,Course,Cour2365,중국문언소설선독,offers,학과와 교육과정(교과목)의 관계
1805,Department,Depa035,연세대_중어중문학과,Course,Cour2366,제자강독,offers,학과와 교육과정(교과목)의 관계
1806,Department,Depa035,연세대_중어중문학과,Course,Cour2367,중국백화소설선독,offers,학과와 교육과정(교과목)의 관계
1807,Department,Depa035,연세대_중어중문학과,Course,Cour2368,현대시선독,offers,학과와 교육과정(교과목)의 관계
1808,Department,Depa035,연세대_중어중문학과,Course,Cour2369,중국현대산문선독,offers,학과와 교육과정(교과목)의 관계
1809,Department,Depa035,연세대_중어중문학과,Course,Cour2370,중국근세문학사,offers,학과와 교육과정(교과목)의 관계
1810,Department,Depa035,연세대_중어중문학과,Course,Cour2371,당시,offers,학과와 교육과정(교과목)의 관계
1811,Department,Depa035,연세대_중어중문학과,Course,Cour2372,중국현대문학사,offers,학과와 교육과정(교과목)의 관계
1812,Department,Depa035,연세대_중어중문학과,Course,Cour2373,중국현대소설선독,offers,학과와 교육과정(교과목)의 관계
1813,Department,Depa035,연세대_중어중문학과,Course,Cour2374,중국사곡선독,offers,학과와 교육과정(교과목)의 관계
1814,Department,Depa035,연세대_중어중문학과,Course,Cour2375,시경,offers,학과와 교육과정(교과목)의 관계
1815,Department,Depa035,연세대_중어중문학과,Course,Cour2376,초사,offers,학과와 교육과정(교과목)의 관계
1816,Department,Depa035,연세대_중어중문학과,Course,Cour2377,중국어품사론,offers,학과와 교육과정(교과목)의 관계
1817,Department,Depa035,연세대_중어중문학과,Course,Cour2378,한자학,offers,학과와 교육과정(교과목)의 관계
1818,Department,Depa035,연세대_중어중문학과,Course,Cour2379,중국어통사론,offers,학과와 교육과정(교과목)의 관계
1819,Department,Depa035,연세대_중어중문학과,Course,Cour2380,중국어음운론,offers,학과와 교육과정(교과목)의 관계
1820,Department,Depa035,연세대_중어중문학과,Course,Cour2381,현대한자론,offers,학과와 교육과정(교과목)의 관계
1821,Department,Depa035,연세대_중어중문학과,Course,Cour2382,老莊사상과중국문화,offers,학과와 교육과정(교과목)의 관계
1822,Department,Depa035,연세대_중어중문학과,Course,Cour2383,제2외국어로서의중국어교육론,offers,학과와 교육과정(교과목)의 관계
1823,Department,Depa035,연세대_중어중문학과,Course,Cour2384,중국어교육론,offers,학과와 교육과정(교과목)의 관계
1824,Department,Depa035,연세대_중어중문학과,Course,Cour2385,현대한어와한어어법Ⅰ,offers,학과와 교육과정(교과목)의 관계
1825,Department,Depa035,연세대_중어중문학과,Course,Cour2386,현대한어와한어어법Ⅱ,offers,학과와 교육과정(교과목)의 관계
1826,Department,Depa035,연세대_중어중문학과,Course,Cour2387,현대중국어음운론,offers,학과와 교육과정(교과목)의 관계
1827,Department,Depa035,연세대_중어중문학과,Course,Cour2388,성어로들어가는중국,offers,학과와 교육과정(교과목)의 관계
1828,Department,Depa035,연세대_중어중문학과,Course,Cour2389,중국신화미술의흐름,offers,학과와 교육과정(교과목)의 관계
1829,Department,Depa035,연세대_중어중문학과,Course,Cour2390,고급중국어독해,offers,학과와 교육과정(교과목)의 관계
1830,Department,Depa035,연세대_중어중문학과,Course,Cour2391,고급중국어말하기,offers,학과와 교육과정(교과목)의 관계
1831,Department,Depa035,연세대_중어중문학과,Course,Cour2392,고급중국어쓰기,offers,학과와 교육과정(교과목)의 관계
1832,Department,Depa035,연세대_중어중문학과,Course,Cour2393,중국문학비평,offers,학과와 교육과정(교과목)의 관계
1833,Department,Depa035,연세대_중어중문학과,Course,Cour2394,중국현대문학사조,offers,학과와 교육과정(교과목)의 관계
1834,Department,Depa035,연세대_중어중문학과,Course,Cour2395,중국문학특강,offers,학과와 교육과정(교과목)의 관계
1835,Department,Depa035,연세대_중어중문학과,Course,Cour2396,중국현대작가론,offers,학과와 교육과정(교과목)의 관계
1836,Department,Depa035,연세대_중어중문학과,Course,Cour2397,중국현대문학주제,offers,학과와 교육과정(교과목)의 관계
1837,Department,Depa035,연세대_중어중문학과,Course,Cour2398,중국어학특강,offers,학과와 교육과정(교과목)의 관계
1838,Department,Depa035,연세대_중어중문학과,Course,Cour2399,현대한어교학과응용Ⅰ,offers,학과와 교육과정(교과목)의 관계
1839,Department,Depa035,연세대_중어중문학과,Course,Cour2400,대조언어학과중국어교육,offers,학과와 교육과정(교과목)의 관계
1840,Department,Depa035,연세대_중어중문학과,Course,Cour2401,중국문언문법,offers,학과와 교육과정(교과목)의 관계
1841,Department,Depa035,연세대_중어중문학과,Course,Cour2402,중국문화론특강,offers,학과와 교육과정(교과목)의 관계
1842,Department,Depa035,연세대_중어중문학과,Course,Cour2403,중국어음성학,offers,학과와 교육과정(교과목)의 관계
1843,Department,Depa035,연세대_중어중문학과,Course,Cour2404,중국희곡선독,offers,학과와 교육과정(교과목)의 관계
1844,Department,Depa035,연세대_중어중문학과,Course,Cour2405,중국어발제와토론,offers,학과와 교육과정(교과목)의 관계
1845,Department,Depa035,연세대_중어중문학과,Course,Cour2406,중국어교수법,offers,학과와 교육과정(교과목)의 관계
1846,Department,Depa035,연세대_중어중문학과,Course,Cour2407,중국어역사음운론,offers,학과와 교육과정(교과목)의 관계
1847,Department,Depa035,연세대_중어중문학과,Course,Cour2408,중국어교재연구및지도법,offers,학과와 교육과정(교과목)의 관계
1848,Department,Depa035,연세대_중어중문학과,Course,Cour2409,중국소설사,offers,학과와 교육과정(교과목)의 관계
1849,Department,Depa035,연세대_중어중문학과,Course,Cour2410,경서강독,offers,학과와 교육과정(교과목)의 관계
1850,Department,Depa035,연세대_중어중문학과,Course,Cour2411,고급중국어듣기,offers,학과와 교육과정(교과목)의 관계
1851,Department,Depa035,연세대_중어중문학과,Course,Cour2412,중국언어학사,offers,학과와 교육과정(교과목)의 관계
1852,Department,Depa035,연세대_중어중문학과,Course,Cour2413,중국어교육어법연구방법론,offers,학과와 교육과정(교과목)의 관계
1853,Department,Depa036,영남대_중국언어문화학과,Course,Cour2414,초급중국어Ⅰ,offers,학과와 교육과정(교과목)의 관계
1854,Department,Depa036,영남대_중국언어문화학과,Course,Cour2415,현대중국의이해,offers,학과와 교육과정(교과목)의 관계
1855,Department,Depa036,영남대_중국언어문화학과,Course,Cour2416,대학생활설계,offers,학과와 교육과정(교과목)의 관계
1856,Department,Depa036,영남대_중국언어문화학과,Course,Cour2417,융복합글쓰기,offers,학과와 교육과정(교과목)의 관계
1857,Department,Depa036,영남대_중국언어문화학과,Course,Cour2418,중국어발음과기초문법,offers,학과와 교육과정(교과목)의 관계
1858,Department,Depa036,영남대_중국언어문화학과,Course,Cour2419,초급중국어Ⅱ,offers,학과와 교육과정(교과목)의 관계
1859,Department,Depa036,영남대_중국언어문화학과,Course,Cour2420,소프트웨어와인공지능,offers,학과와 교육과정(교과목)의 관계
1860,Department,Depa036,영남대_중국언어문화학과,Course,Cour2421,사회공헌과봉사,offers,학과와 교육과정(교과목)의 관계
1861,Department,Depa036,영남대_중국언어문화학과,Course,Cour2422,생활한문,offers,학과와 교육과정(교과목)의 관계
1862,Department,Depa036,영남대_중국언어문화학과,Course,Cour2423,생활중국어회화,offers,학과와 교육과정(교과목)의 관계
1863,Department,Depa036,영남대_중국언어문화학과,Course,Cour2424,중국어와문화,offers,학과와 교육과정(교과목)의 관계
1864,Department,Depa036,영남대_중국언어문화학과,Course,Cour2425,중국어핵심어휘연습,offers,학과와 교육과정(교과목)의 관계
1865,Department,Depa036,영남대_중국언어문화학과,Course,Cour2426,중급중국어연습Ⅰ,offers,학과와 교육과정(교과목)의 관계
1866,Department,Depa036,영남대_중국언어문화학과,Course,Cour2427,중국의대중문화,offers,학과와 교육과정(교과목)의 관계
1867,Department,Depa036,영남대_중국언어문화학과,Course,Cour2428,중국어실용회화Ⅰ,offers,학과와 교육과정(교과목)의 관계
1868,Department,Depa036,영남대_중국언어문화학과,Course,Cour2429,초급HSK문법과독해,offers,학과와 교육과정(교과목)의 관계
1869,Department,Depa036,영남대_중국언어문화학과,Course,Cour2430,여행중국어,offers,학과와 교육과정(교과목)의 관계
1870,Department,Depa036,영남대_중국언어문화학과,Course,Cour2431,중국문화탐방,offers,학과와 교육과정(교과목)의 관계
1871,Department,Depa036,영남대_중국언어문화학과,Course,Cour2432,중국어학개론,offers,학과와 교육과정(교과목)의 관계
1872,Department,Depa036,영남대_중국언어문화학과,Course,Cour2433,중국어실용회화Ⅱ,offers,학과와 교육과정(교과목)의 관계
1873,Department,Depa036,영남대_중국언어문화학과,Course,Cour2434,중급중국어연습Ⅱ,offers,학과와 교육과정(교과목)의 관계
1874,Department,Depa036,영남대_중국언어문화학과,Course,Cour2435,중급HSK문법과독해,offers,학과와 교육과정(교과목)의 관계
1875,Department,Depa036,영남대_중국언어문화학과,Course,Cour2436,중한통역기초훈련,offers,학과와 교육과정(교과목)의 관계
1876,Department,Depa036,영남대_중국언어문화학과,Course,Cour2437,인공지능(AI)중한번역연습,offers,학과와 교육과정(교과목)의 관계
1877,Department,Depa036,영남대_중국언어문화학과,Course,Cour2438,중국문학과문화의이해Ⅰ,offers,학과와 교육과정(교과목)의 관계
1878,Department,Depa036,영남대_중국언어문화학과,Course,Cour2439,미디어중국어,offers,학과와 교육과정(교과목)의 관계
1879,Department,Depa036,영남대_중국언어문화학과,Course,Cour2440,고급중국어회화Ⅰ,offers,학과와 교육과정(교과목)의 관계
1880,Department,Depa036,영남대_중국언어문화학과,Course,Cour2441,중국문학과문화의이해Ⅱ,offers,학과와 교육과정(교과목)의 관계
1881,Department,Depa036,영남대_중국언어문화학과,Course,Cour2442,중국어교재연구및지도법,offers,학과와 교육과정(교과목)의 관계
1882,Department,Depa036,영남대_중국언어문화학과,Course,Cour2443,비즈니스중국어,offers,학과와 교육과정(교과목)의 관계
1883,Department,Depa036,영남대_중국언어문화학과,Course,Cour2444,중국영화의이해와감상,offers,학과와 교육과정(교과목)의 관계
1884,Department,Depa036,영남대_중국언어문화학과,Course,Cour2445,고급중국어회화Ⅱ,offers,학과와 교육과정(교과목)의 관계
1885,Department,Depa036,영남대_중국언어문화학과,Course,Cour2446,중국어논리및논술,offers,학과와 교육과정(교과목)의 관계
1886,Department,Depa036,영남대_중국언어문화학과,Course,Cour2447,중국현대문학명작감상,offers,학과와 교육과정(교과목)의 관계
1887,Department,Depa036,영남대_중국언어문화학과,Course,Cour2448,통역연습,offers,학과와 교육과정(교과목)의 관계
1888,Department,Depa036,영남대_중국언어문화학과,Course,Cour2449,현장실습(중국언어문화),offers,학과와 교육과정(교과목)의 관계
1889,Department,Depa036,영남대_중국언어문화학과,Course,Cour2450,중국소설과문화콘텐츠,offers,학과와 교육과정(교과목)의 관계
1890,Department,Depa036,영남대_중국언어문화학과,Course,Cour2451,중국문자의세계,offers,학과와 교육과정(교과목)의 관계
1891,Department,Depa036,영남대_중국언어문화학과,Course,Cour2452,중국어교육론,offers,학과와 교육과정(교과목)의 관계
1892,Department,Depa036,영남대_중국언어문화학과,Course,Cour2453,중국명시감상,offers,학과와 교육과정(교과목)의 관계
1893,Department,Depa036,영남대_중국언어문화학과,Course,Cour2454,HSK고급중국어작문,offers,학과와 교육과정(교과목)의 관계
1894,Department,Depa036,영남대_중국언어문화학과,Course,Cour2455,실무통역,offers,학과와 교육과정(교과목)의 관계
1895,Department,Depa036,영남대_중국언어문화학과,Course,Cour2456,중국정치경제의이해,offers,학과와 교육과정(교과목)의 관계
1896,Department,Depa036,영남대_중국언어문화학과,Course,Cour2457,시사중국어,offers,학과와 교육과정(교과목)의 관계
1897,Department,Depa036,영남대_중국언어문화학과,Course,Cour2458,중국고전명작감상,offers,학과와 교육과정(교과목)의 관계
1898,Department,Depa036,영남대_중국언어문화학과,Course,Cour2459,취업인터뷰중국어,offers,학과와 교육과정(교과목)의 관계
1899,Department,Depa037,용인대_중국학과,Course,Cour2505,중국학입문,offers,학과와 교육과정(교과목)의 관계
1900,Department,Depa037,용인대_중국학과,Course,Cour2506,실용중국어회화초급,offers,학과와 교육과정(교과목)의 관계
1901,Department,Depa037,용인대_중국학과,Course,Cour2507,중국경제입문,offers,학과와 교육과정(교과목)의 관계
1902,Department,Depa037,용인대_중국학과,Course,Cour2508,중국문화의이해,offers,학과와 교육과정(교과목)의 관계
1903,Department,Depa037,용인대_중국학과,Course,Cour2509,중국지리,offers,학과와 교육과정(교과목)의 관계
1904,Department,Depa037,용인대_중국학과,Course,Cour2510,실용중국어회화중급,offers,학과와 교육과정(교과목)의 관계
1905,Department,Depa037,용인대_중국학과,Course,Cour2511,중국통사,offers,학과와 교육과정(교과목)의 관계
1906,Department,Depa037,용인대_중국학과,Course,Cour2512,중국문학입문,offers,학과와 교육과정(교과목)의 관계
1907,Department,Depa037,용인대_중국학과,Course,Cour2513,실용중국어회화고급,offers,학과와 교육과정(교과목)의 관계
1908,Department,Depa037,용인대_중국학과,Course,Cour2514,중국어듣기,offers,학과와 교육과정(교과목)의 관계
1909,Department,Depa037,용인대_중국학과,Course,Cour2515,현대중국사회의이해,offers,학과와 교육과정(교과목)의 관계
1910,Department,Depa037,용인대_중국학과,Course,Cour2516,중국어문법,offers,학과와 교육과정(교과목)의 관계
1911,Department,Depa037,용인대_중국학과,Course,Cour2517,중국어프리젠테이션,offers,학과와 교육과정(교과목)의 관계
1912,Department,Depa037,용인대_중국학과,Course,Cour2518,현대중국정치론,offers,학과와 교육과정(교과목)의 관계
1913,Department,Depa037,용인대_중국학과,Course,Cour2519,중국어시사토론,offers,학과와 교육과정(교과목)의 관계
1914,Department,Depa037,용인대_중국학과,Course,Cour2520,미중관계입문,offers,학과와 교육과정(교과목)의 관계
1915,Department,Depa037,용인대_중국학과,Course,Cour2521,비즈니스중국어,offers,학과와 교육과정(교과목)의 관계
1916,Department,Depa037,용인대_중국학과,Course,Cour2522,중국언어문자,offers,학과와 교육과정(교과목)의 관계
1917,Department,Depa037,용인대_중국학과,Course,Cour2523,중국의사상,offers,학과와 교육과정(교과목)의 관계
1918,Department,Depa037,용인대_중국학과,Course,Cour2524,중국의기업과경영,offers,학과와 교육과정(교과목)의 관계
1919,Department,Depa037,용인대_중국학과,Course,Cour2525,중국어작문,offers,학과와 교육과정(교과목)의 관계
1920,Department,Depa037,용인대_중국학과,Course,Cour2526,중국지역시장여행,offers,학과와 교육과정(교과목)의 관계
1921,Department,Depa037,용인대_중국학과,Course,Cour2527,중국대중문화와한류,offers,학과와 교육과정(교과목)의 관계
1922,Department,Depa037,용인대_중국학과,Course,Cour2528,중한통번역실습(캡스톤디자인),offers,학과와 교육과정(교과목)의 관계
1923,Department,Depa037,용인대_중국학과,Course,Cour2529,중국이슈탐구,offers,학과와 교육과정(교과목)의 관계
1924,Department,Depa037,용인대_중국학과,Course,Cour2530,중국의국제관계,offers,학과와 교육과정(교과목)의 관계
1925,Department,Depa038,이화여자대_중어중문학과,Course,Cour2583,기독교와세계,offers,학과와 교육과정(교과목)의 관계
1926,Department,Depa038,이화여자대_중어중문학과,Course,Cour2584,통합적사고와글쓰기,offers,학과와 교육과정(교과목)의 관계
1927,Department,Depa038,이화여자대_중어중문학과,Course,Cour2585,AdvancedEnglish,offers,학과와 교육과정(교과목)의 관계
1928,Department,Depa038,이화여자대_중어중문학과,Course,Cour2586,[글로벌의사소통-제2외국어]영역,offers,학과와 교육과정(교과목)의 관계
1929,Department,Depa038,이화여자대_중어중문학과,Course,Cour2587,[컴퓨팅과수리적사고]영역,offers,학과와 교육과정(교과목)의 관계
1930,Department,Depa038,이화여자대_중어중문학과,Course,Cour2588,[문학과언어]영역,offers,학과와 교육과정(교과목)의 관계
1931,Department,Depa038,이화여자대_중어중문학과,Course,Cour2589,[예술과표현]영역,offers,학과와 교육과정(교과목)의 관계
1932,Department,Depa038,이화여자대_중어중문학과,Course,Cour2590,[역사와철학]영역,offers,학과와 교육과정(교과목)의 관계
1933,Department,Depa038,이화여자대_중어중문학과,Course,Cour2591,[인간과사회]영역,offers,학과와 교육과정(교과목)의 관계
1934,Department,Depa038,이화여자대_중어중문학과,Course,Cour2592,[과학과기술]영역,offers,학과와 교육과정(교과목)의 관계
1935,Department,Depa038,이화여자대_중어중문학과,Course,Cour2593,[창의와도전]영역,offers,학과와 교육과정(교과목)의 관계
1936,Department,Depa038,이화여자대_중어중문학과,Course,Cour2594,중국고전문학의이해,offers,학과와 교육과정(교과목)의 관계
1937,Department,Depa038,이화여자대_중어중문학과,Course,Cour2595,중국학입문,offers,학과와 교육과정(교과목)의 관계
1938,Department,Depa038,이화여자대_중어중문학과,Course,Cour2596,중국문자의이해,offers,학과와 교육과정(교과목)의 관계
1939,Department,Depa038,이화여자대_중어중문학과,Course,Cour2597,중국어연습,offers,학과와 교육과정(교과목)의 관계
1940,Department,Depa038,이화여자대_중어중문학과,Course,Cour2598,중국고전시가,offers,학과와 교육과정(교과목)의 관계
1941,Department,Depa038,이화여자대_중어중문학과,Course,Cour2599,중국대중문화,offers,학과와 교육과정(교과목)의 관계
1942,Department,Depa038,이화여자대_중어중문학과,Course,Cour2600,중국명문읽기,offers,학과와 교육과정(교과목)의 관계
1943,Department,Depa038,이화여자대_중어중문학과,Course,Cour2601,중국어회화Ⅰ,offers,학과와 교육과정(교과목)의 관계
1944,Department,Depa038,이화여자대_중어중문학과,Course,Cour2602,한문강독,offers,학과와 교육과정(교과목)의 관계
1945,Department,Depa038,이화여자대_중어중문학과,Course,Cour2603,현대중국의문화와사회,offers,학과와 교육과정(교과목)의 관계
1946,Department,Depa038,이화여자대_중어중문학과,Course,Cour2604,중국고전산문,offers,학과와 교육과정(교과목)의 관계
1947,Department,Depa038,이화여자대_중어중문학과,Course,Cour2605,중국문학과인문지리,offers,학과와 교육과정(교과목)의 관계
1948,Department,Depa038,이화여자대_중어중문학과,Course,Cour2606,중국어회화Ⅱ,offers,학과와 교육과정(교과목)의 관계
1949,Department,Depa038,이화여자대_중어중문학과,Course,Cour2607,중국언어의이해,offers,학과와 교육과정(교과목)의 관계
1950,Department,Depa038,이화여자대_중어중문학과,Course,Cour2608,현대중국의예술과비평,offers,학과와 교육과정(교과목)의 관계
1951,Department,Depa038,이화여자대_중어중문학과,Course,Cour2609,중문전공설계심화Ⅰ,offers,학과와 교육과정(교과목)의 관계
1952,Department,Depa038,이화여자대_중어중문학과,Course,Cour2610,중문전공설계심화Ⅱ,offers,학과와 교육과정(교과목)의 관계
1953,Department,Depa038,이화여자대_중어중문학과,Course,Cour2611,비즈니스중국어와기업가정신,offers,학과와 교육과정(교과목)의 관계
1954,Department,Depa038,이화여자대_중어중문학과,Course,Cour2612,영화와현대중국,offers,학과와 교육과정(교과목)의 관계
1955,Department,Depa038,이화여자대_중어중문학과,Course,Cour2613,중국고전소설,offers,학과와 교육과정(교과목)의 관계
1956,Department,Depa038,이화여자대_중어중문학과,Course,Cour2614,중국문학사Ⅰ,offers,학과와 교육과정(교과목)의 관계
1957,Department,Depa038,이화여자대_중어중문학과,Course,Cour2615,중국어문법과활용,offers,학과와 교육과정(교과목)의 관계
1958,Department,Depa038,이화여자대_중어중문학과,Course,Cour2616,중화권문화의이해,offers,학과와 교육과정(교과목)의 관계
1959,Department,Depa038,이화여자대_중어중문학과,Course,Cour2617,루쉰과동아시아,offers,학과와 교육과정(교과목)의 관계
1960,Department,Depa038,이화여자대_중어중문학과,Course,Cour2618,중국뉴스와기사,offers,학과와 교육과정(교과목)의 관계
1961,Department,Depa038,이화여자대_중어중문학과,Course,Cour2619,중국문학과여성,offers,학과와 교육과정(교과목)의 관계
1962,Department,Depa038,이화여자대_중어중문학과,Course,Cour2620,중국문학사Ⅱ,offers,학과와 교육과정(교과목)의 관계
1963,Department,Depa038,이화여자대_중어중문학과,Course,Cour2621,중국어글쓰기,offers,학과와 교육과정(교과목)의 관계
1964,Department,Depa038,이화여자대_중어중문학과,Course,Cour2622,중국의언어와지역문화,offers,학과와 교육과정(교과목)의 관계
1965,Department,Depa038,이화여자대_중어중문학과,Course,Cour2623,중어중문현장실습Ⅰ,offers,학과와 교육과정(교과목)의 관계
1966,Department,Depa038,이화여자대_중어중문학과,Course,Cour2624,중어중문현장실습Ⅱ,offers,학과와 교육과정(교과목)의 관계
1967,Department,Depa038,이화여자대_중어중문학과,Course,Cour2625,중어중문현장실습Ⅲ,offers,학과와 교육과정(교과목)의 관계
1968,Department,Depa038,이화여자대_중어중문학과,Course,Cour2626,중국도시문화탐구,offers,학과와 교육과정(교과목)의 관계
1969,Department,Depa038,이화여자대_중어중문학과,Course,Cour2627,중국문학비평,offers,학과와 교육과정(교과목)의 관계
1970,Department,Depa038,이화여자대_중어중문학과,Course,Cour2628,중국현대문학사,offers,학과와 교육과정(교과목)의 관계
1971,Department,Depa038,이화여자대_중어중문학과,Course,Cour2629,중한언어대조,offers,학과와 교육과정(교과목)의 관계
1972,Department,Depa038,이화여자대_중어중문학과,Course,Cour2630,현대중국의쟁점과전망,offers,학과와 교육과정(교과목)의 관계
1973,Department,Depa038,이화여자대_중어중문학과,Course,Cour2631,중국공연예술,offers,학과와 교육과정(교과목)의 관계
1974,Department,Depa038,이화여자대_중어중문학과,Course,Cour2632,중국문학과상상력,offers,학과와 교육과정(교과목)의 관계
1975,Department,Depa038,이화여자대_중어중문학과,Course,Cour2633,중국어학특강,offers,학과와 교육과정(교과목)의 관계
1976,Department,Depa038,이화여자대_중어중문학과,Course,Cour2634,중국전통문화와현대중국,offers,학과와 교육과정(교과목)의 관계
1977,Department,Depa038,이화여자대_중어중문학과,Course,Cour2635,중국통번역캡스톤디자인,offers,학과와 교육과정(교과목)의 관계
1978,Department,Depa038,이화여자대_중어중문학과,Course,Cour2636,중국현대작가론,offers,학과와 교육과정(교과목)의 관계
1979,Department,Depa038,이화여자대_중어중문학과,Course,Cour2637,중국어실습Ⅰ,offers,학과와 교육과정(교과목)의 관계
1980,Department,Depa038,이화여자대_중어중문학과,Course,Cour2638,중국어실습Ⅱ,offers,학과와 교육과정(교과목)의 관계
1981,Department,Depa038,이화여자대_중어중문학과,Course,Cour2639,중국어교과교육론,offers,학과와 교육과정(교과목)의 관계
1982,Department,Depa038,이화여자대_중어중문학과,Course,Cour2640,중국어교과교재연구및지도법,offers,학과와 교육과정(교과목)의 관계
1983,Department,Depa038,이화여자대_중어중문학과,Course,Cour2641,중국어교과논리및논술,offers,학과와 교육과정(교과목)의 관계
1984,Department,Depa039,인천대_중어중국학과,Course,Cour2642,중국사개론,offers,학과와 교육과정(교과목)의 관계
1985,Department,Depa039,인천대_중어중국학과,Course,Cour2643,기초중국어Ⅰ,offers,학과와 교육과정(교과목)의 관계
1986,Department,Depa039,인천대_중어중국학과,Course,Cour2644,자기설계세미나Ⅰ,offers,학과와 교육과정(교과목)의 관계
1987,Department,Depa039,인천대_중어중국학과,Course,Cour2645,현대중국개론,offers,학과와 교육과정(교과목)의 관계
1988,Department,Depa039,인천대_중어중국학과,Course,Cour2646,기초중국어Ⅱ,offers,학과와 교육과정(교과목)의 관계
1989,Department,Depa039,인천대_중어중국학과,Course,Cour2647,중국문화의이해,offers,학과와 교육과정(교과목)의 관계
1990,Department,Depa039,인천대_중어중국학과,Course,Cour2648,중국학입문,offers,학과와 교육과정(교과목)의 관계
1991,Department,Depa039,인천대_중어중국학과,Course,Cour2649,중국어듣기와말하기Ⅰ,offers,학과와 교육과정(교과목)의 관계
1992,Department,Depa039,인천대_중어중국학과,Course,Cour2650,집중중국어실습Ⅰ,offers,학과와 교육과정(교과목)의 관계
1993,Department,Depa039,인천대_중어중국학과,Course,Cour2651,근대중국의개혁과혁명,offers,학과와 교육과정(교과목)의 관계
1994,Department,Depa039,인천대_중어중국학과,Course,Cour2652,명작으로만나는중국문학,offers,학과와 교육과정(교과목)의 관계
1995,Department,Depa039,인천대_중어중국학과,Course,Cour2653,이미지로보는중국문화,offers,학과와 교육과정(교과목)의 관계
1996,Department,Depa039,인천대_중어중국학과,Course,Cour2654,중국사회론,offers,학과와 교육과정(교과목)의 관계
1997,Department,Depa039,인천대_중어중국학과,Course,Cour2655,중국학을위한경제학입문,offers,학과와 교육과정(교과목)의 관계
1998,Department,Depa039,인천대_중어중국학과,Course,Cour2656,중국어듣기와말하기Ⅱ,offers,학과와 교육과정(교과목)의 관계
1999,Department,Depa039,인천대_중어중국학과,Course,Cour2657,집중중국어실습Ⅱ,offers,학과와 교육과정(교과목)의 관계
2000,Department,Depa039,인천대_중어중국학과,Course,Cour2658,중국고전의이해,offers,학과와 교육과정(교과목)의 관계
2001,Department,Depa039,인천대_중어중국학과,Course,Cour2659,중국학명저선독,offers,학과와 교육과정(교과목)의 관계
2002,Department,Depa039,인천대_중어중국학과,Course,Cour2660,중국현대문학의이해,offers,학과와 교육과정(교과목)의 관계
2003,Department,Depa039,인천대_중어중국학과,Course,Cour2661,초급한문,offers,학과와 교육과정(교과목)의 관계
2004,Department,Depa039,인천대_중어중국학과,Course,Cour2662,한중관계의역사,offers,학과와 교육과정(교과목)의 관계
2005,Department,Depa039,인천대_중어중국학과,Course,Cour2663,현대중국경제의이해,offers,학과와 교육과정(교과목)의 관계
2006,Department,Depa039,인천대_중어중국학과,Course,Cour2664,중국전통사상,offers,학과와 교육과정(교과목)의 관계
2007,Department,Depa039,인천대_중어중국학과,Course,Cour2665,중국학강독,offers,학과와 교육과정(교과목)의 관계
2008,Department,Depa039,인천대_중어중국학과,Course,Cour2666,중국문화산업의이해,offers,학과와 교육과정(교과목)의 관계
2009,Department,Depa039,인천대_중어중국학과,Course,Cour2667,중국소설속사랑과정의,offers,학과와 교육과정(교과목)의 관계
2010,Department,Depa039,인천대_중어중국학과,Course,Cour2668,중국어듣기와말하기Ⅲ,offers,학과와 교육과정(교과목)의 관계
2011,Department,Depa039,인천대_중어중국학과,Course,Cour2669,중국어의이해,offers,학과와 교육과정(교과목)의 관계
2012,Department,Depa039,인천대_중어중국학과,Course,Cour2670,현대중국정치,offers,학과와 교육과정(교과목)의 관계
2013,Department,Depa039,인천대_중어중국학과,Course,Cour2671,관습과중국문화,offers,학과와 교육과정(교과목)의 관계
2014,Department,Depa039,인천대_중어중국학과,Course,Cour2672,빅데이터분석과중국통상실무,offers,학과와 교육과정(교과목)의 관계
2015,Department,Depa039,인천대_중어중국학과,Course,Cour2673,역사속의현대중국,offers,학과와 교육과정(교과목)의 관계
2016,Department,Depa039,인천대_중어중국학과,Course,Cour2674,중국근현대사상,offers,학과와 교육과정(교과목)의 관계
2017,Department,Depa039,인천대_중어중국학과,Course,Cour2675,중국대중문화론,offers,학과와 교육과정(교과목)의 관계
2018,Department,Depa039,인천대_중어중국학과,Course,Cour2676,중국언어문화의이해,offers,학과와 교육과정(교과목)의 관계
2019,Department,Depa039,인천대_중어중국학과,Course,Cour2677,집중중국어실습Ⅲ,offers,학과와 교육과정(교과목)의 관계
2020,Department,Depa039,인천대_중어중국학과,Course,Cour2678,고급한어강독,offers,학과와 교육과정(교과목)의 관계
2021,Department,Depa039,인천대_중어중국학과,Course,Cour2679,중국학연구종합설계,offers,학과와 교육과정(교과목)의 관계
2022,Department,Depa039,인천대_중어중국학과,Course,Cour2680,문화로본화교사회,offers,학과와 교육과정(교과목)의 관계
2023,Department,Depa039,인천대_중어중국학과,Course,Cour2681,중국학캡스톤디자인,offers,학과와 교육과정(교과목)의 관계
2024,Department,Depa039,인천대_중어중국학과,Course,Cour2682,현대중국의법문화,offers,학과와 교육과정(교과목)의 관계
2025,Department,Depa039,인천대_중어중국학과,Course,Cour2683,중국근현대인물탐구,offers,학과와 교육과정(교과목)의 관계
2026,Department,Depa039,인천대_중어중국학과,Course,Cour2684,중국시사자료특강,offers,학과와 교육과정(교과목)의 관계
2027,Department,Depa039,인천대_중어중국학과,Course,Cour2685,한중문화와비즈니스종합설계,offers,학과와 교육과정(교과목)의 관계
2028,Department,Depa040,인하대_중국학과,Course,Cour2686,"[핵심교양-Ⅱ.역사,사상,문화]영역",offers,학과와 교육과정(교과목)의 관계
2029,Department,Depa040,인하대_중국학과,Course,Cour2687,"[핵심교양-Ⅳ.사회,제도,세계]영역",offers,학과와 교육과정(교과목)의 관계
2030,Department,Depa040,인하대_중국학과,Course,Cour2688,"[핵심교양-Ⅴ.자연,생명,환경]영역",offers,학과와 교육과정(교과목)의 관계
2031,Department,Depa040,인하대_중국학과,Course,Cour2689,"[핵심교양-Ⅵ.수리,정보,기술]영역",offers,학과와 교육과정(교과목)의 관계
2032,Department,Depa040,인하대_중국학과,Course,Cour2690,[창의]영역,offers,학과와 교육과정(교과목)의 관계
2033,Department,Depa040,인하대_중국학과,Course,Cour2691,[SW·AI]영역,offers,학과와 교육과정(교과목)의 관계
2034,Department,Depa040,인하대_중국학과,Course,Cour2692,의사소통영어,offers,학과와 교육과정(교과목)의 관계
2035,Department,Depa040,인하대_중국학과,Course,Cour2693,의사소통영어:중급,offers,학과와 교육과정(교과목)의 관계
2036,Department,Depa040,인하대_중국학과,Course,Cour2694,의사소통영어:고급,offers,학과와 교육과정(교과목)의 관계
2037,Department,Depa040,인하대_중국학과,Course,Cour2695,커리어디자인Ⅰ,offers,학과와 교육과정(교과목)의 관계
2038,Department,Depa040,인하대_중국학과,Course,Cour2696,문제해결을위한글쓰기,offers,학과와 교육과정(교과목)의 관계
2039,Department,Depa040,인하대_중국학과,Course,Cour2697,미래사회와소프트웨어-인문사회계열,offers,학과와 교육과정(교과목)의 관계
2040,Department,Depa040,인하대_중국학과,Course,Cour2698,커리어디자인Ⅱ,offers,학과와 교육과정(교과목)의 관계
2041,Department,Depa040,인하대_중국학과,Course,Cour2699,크로스오버Ⅰ:인간의탐색,offers,학과와 교육과정(교과목)의 관계
2042,Department,Depa040,인하대_중국학과,Course,Cour2700,크로스오버Ⅱ:자연의탐색,offers,학과와 교육과정(교과목)의 관계
2043,Department,Depa040,인하대_중국학과,Course,Cour2701,집중중국어Ⅰ,offers,학과와 교육과정(교과목)의 관계
2044,Department,Depa040,인하대_중국학과,Course,Cour2702,집중중국어Ⅱ,offers,학과와 교육과정(교과목)의 관계
2045,Department,Depa040,인하대_중국학과,Course,Cour2703,중국어회화Ⅰ,offers,학과와 교육과정(교과목)의 관계
2046,Department,Depa040,인하대_중국학과,Course,Cour2704,중국어회화Ⅱ,offers,학과와 교육과정(교과목)의 관계
2047,Department,Depa040,인하대_중국학과,Course,Cour2705,중국어글쓰기Ⅱ,offers,학과와 교육과정(교과목)의 관계
2048,Department,Depa040,인하대_중국학과,Course,Cour2706,중국어프레젠테이션,offers,학과와 교육과정(교과목)의 관계
2049,Department,Depa040,인하대_중국학과,Course,Cour2707,중국학주제설계,offers,학과와 교육과정(교과목)의 관계
2050,Department,Depa040,인하대_중국학과,Course,Cour2708,중국어학개론,offers,학과와 교육과정(교과목)의 관계
2051,Department,Depa040,인하대_중국학과,Course,Cour2709,중국어문법,offers,학과와 교육과정(교과목)의 관계
2052,Department,Depa040,인하대_중국학과,Course,Cour2710,중국어주제토론Ⅰ,offers,학과와 교육과정(교과목)의 관계
2053,Department,Depa040,인하대_중국학과,Course,Cour2711,중국어글쓰기Ⅰ,offers,학과와 교육과정(교과목)의 관계
2054,Department,Depa040,인하대_중국학과,Course,Cour2712,중국어주제토론Ⅱ,offers,학과와 교육과정(교과목)의 관계
2055,Department,Depa040,인하대_중국학과,Course,Cour2713,시사중국어독해,offers,학과와 교육과정(교과목)의 관계
2056,Department,Depa040,인하대_중국학과,Course,Cour2714,실무한중번역,offers,학과와 교육과정(교과목)의 관계
2057,Department,Depa040,인하대_중국학과,Course,Cour2715,중국어독해와번역,offers,학과와 교육과정(교과목)의 관계
2058,Department,Depa040,인하대_중국학과,Course,Cour2716,중국현지답사,offers,학과와 교육과정(교과목)의 관계
2059,Department,Depa040,인하대_중국학과,Course,Cour2717,현대중국의시각예술,offers,학과와 교육과정(교과목)의 관계
2060,Department,Depa040,인하대_중국학과,Course,Cour2718,중국사상의이해,offers,학과와 교육과정(교과목)의 관계
2061,Department,Depa040,인하대_중국학과,Course,Cour2719,중국서사전통과문화콘텐츠,offers,학과와 교육과정(교과목)의 관계
2062,Department,Depa040,인하대_중국학과,Course,Cour2720,현대중국의사회와문화,offers,학과와 교육과정(교과목)의 관계
2063,Department,Depa040,인하대_중국학과,Course,Cour2721,현대중국의문학과예술,offers,학과와 교육과정(교과목)의 관계
2064,Department,Depa040,인하대_중국학과,Course,Cour2722,중국의문화산업,offers,학과와 교육과정(교과목)의 관계
2065,Department,Depa040,인하대_중국학과,Course,Cour2723,현대중국의미디어와대중문화,offers,학과와 교육과정(교과목)의 관계
2066,Department,Depa040,인하대_중국학과,Course,Cour2724,중국문명과세계,offers,학과와 교육과정(교과목)의 관계
2067,Department,Depa040,인하대_중국학과,Course,Cour2725,중국지역탐구,offers,학과와 교육과정(교과목)의 관계
2068,Department,Depa040,인하대_중국학과,Course,Cour2726,현대중국경제의이해,offers,학과와 교육과정(교과목)의 관계
2069,Department,Depa040,인하대_중국학과,Course,Cour2727,중국도시연구,offers,학과와 교육과정(교과목)의 관계
2070,Department,Depa040,인하대_중국학과,Course,Cour2728,중국학통계분석기초,offers,학과와 교육과정(교과목)의 관계
2071,Department,Depa040,인하대_중국학과,Course,Cour2729,21세기중국과세계,offers,학과와 교육과정(교과목)의 관계
2072,Department,Depa040,인하대_중국학과,Course,Cour2730,현대중국의정치와제도,offers,학과와 교육과정(교과목)의 관계
2073,Department,Depa040,인하대_중국학과,Course,Cour2731,현대중국사회의쟁점,offers,학과와 교육과정(교과목)의 관계
2074,Department,Depa040,인하대_중국학과,Course,Cour2732,4차산업혁명과중국의기술혁신,offers,학과와 교육과정(교과목)의 관계
2075,Department,Depa040,인하대_중국학과,Course,Cour2733,중국학빅데이터분석,offers,학과와 교육과정(교과목)의 관계
2076,Department,Depa040,인하대_중국학과,Course,Cour2734,한중지역콘텐츠개발실습,offers,학과와 교육과정(교과목)의 관계
2077,Department,Depa040,인하대_중국학과,Course,Cour2735,중국학입문Ⅰ,offers,학과와 교육과정(교과목)의 관계
2078,Department,Depa040,인하대_중국학과,Course,Cour2736,중국학입문Ⅱ,offers,학과와 교육과정(교과목)의 관계
2079,Department,Depa040,인하대_중국학과,Course,Cour2737,한자의이해,offers,학과와 교육과정(교과목)의 관계
2080,Department,Depa040,인하대_중국학과,Course,Cour2738,중국어Ⅰ,offers,학과와 교육과정(교과목)의 관계
2081,Department,Depa040,인하대_중국학과,Course,Cour2739,중국어Ⅱ,offers,학과와 교육과정(교과목)의 관계
2082,Department,Depa041,전남대_중어중문학과,Course,Cour2740,생활중국어,offers,학과와 교육과정(교과목)의 관계
2083,Department,Depa041,전남대_중어중문학과,Course,Cour2741,중국의이해,offers,학과와 교육과정(교과목)의 관계
2084,Department,Depa041,전남대_중어중문학과,Course,Cour2742,한자와중국문화,offers,학과와 교육과정(교과목)의 관계
2085,Department,Depa041,전남대_중어중문학과,Course,Cour2743,성찰과소통을위한글쓰기,offers,학과와 교육과정(교과목)의 관계
2086,Department,Depa041,전남대_중어중문학과,Course,Cour2744,중국어교육론,offers,학과와 교육과정(교과목)의 관계
2087,Department,Depa041,전남대_중어중문학과,Course,Cour2745,중국어교재연구및지도법,offers,학과와 교육과정(교과목)의 관계
2088,Department,Depa041,전남대_중어중문학과,Course,Cour2746,중국어논리및논술교육,offers,학과와 교육과정(교과목)의 관계
2089,Department,Depa041,전남대_중어중문학과,Course,Cour2747,중국언어학의이해,offers,학과와 교육과정(교과목)의 관계
2090,Department,Depa041,전남대_중어중문학과,Course,Cour2748,한문의이해,offers,학과와 교육과정(교과목)의 관계
2091,Department,Depa041,전남대_중어중문학과,Course,Cour2749,데이터로읽는중국문화,offers,학과와 교육과정(교과목)의 관계
2092,Department,Depa041,전남대_중어중문학과,Course,Cour2750,중국고전문학사,offers,학과와 교육과정(교과목)의 관계
2093,Department,Depa041,전남대_중어중문학과,Course,Cour2751,중국어기초회화Ⅰ,offers,학과와 교육과정(교과목)의 관계
2094,Department,Depa041,전남대_중어중문학과,Course,Cour2752,중국어문법Ⅰ,offers,학과와 교육과정(교과목)의 관계
2095,Department,Depa041,전남대_중어중문학과,Course,Cour2753,전공초급중국어,offers,학과와 교육과정(교과목)의 관계
2096,Department,Depa041,전남대_중어중문학과,Course,Cour2754,한문강독,offers,학과와 교육과정(교과목)의 관계
2097,Department,Depa041,전남대_중어중문학과,Course,Cour2755,중국의예술과문화,offers,학과와 교육과정(교과목)의 관계
2098,Department,Depa041,전남대_중어중문학과,Course,Cour2756,중국고전의철학,offers,학과와 교육과정(교과목)의 관계
2099,Department,Depa041,전남대_중어중문학과,Course,Cour2757,중국현대문학사,offers,학과와 교육과정(교과목)의 관계
2100,Department,Depa041,전남대_중어중문학과,Course,Cour2758,중국어기초회화Ⅱ,offers,학과와 교육과정(교과목)의 관계
2101,Department,Depa041,전남대_중어중문학과,Course,Cour2759,중국어문법Ⅱ,offers,학과와 교육과정(교과목)의 관계
2102,Department,Depa041,전남대_중어중문학과,Course,Cour2760,전공중급중국어,offers,학과와 교육과정(교과목)의 관계
2103,Department,Depa041,전남대_중어중문학과,Course,Cour2761,한문법,offers,학과와 교육과정(교과목)의 관계
2104,Department,Depa041,전남대_중어중문학과,Course,Cour2762,중국시가,offers,학과와 교육과정(교과목)의 관계
2105,Department,Depa041,전남대_중어중문학과,Course,Cour2763,중국의역사와인물,offers,학과와 교육과정(교과목)의 관계
2106,Department,Depa041,전남대_중어중문학과,Course,Cour2764,대중매체와중국문화,offers,학과와 교육과정(교과목)의 관계
2107,Department,Depa041,전남대_중어중문학과,Course,Cour2765,중국현대소설,offers,학과와 교육과정(교과목)의 관계
2108,Department,Depa041,전남대_중어중문학과,Course,Cour2766,시청각중국어,offers,학과와 교육과정(교과목)의 관계
2109,Department,Depa041,전남대_중어중문학과,Course,Cour2767,중국어음운론,offers,학과와 교육과정(교과목)의 관계
2110,Department,Depa041,전남대_중어중문학과,Course,Cour2768,전공고급중국어,offers,학과와 교육과정(교과목)의 관계
2111,Department,Depa041,전남대_중어중문학과,Course,Cour2769,중국지역사회의이해,offers,학과와 교육과정(교과목)의 관계
2112,Department,Depa041,전남대_중어중문학과,Course,Cour2770,중국어중급회화,offers,학과와 교육과정(교과목)의 관계
2113,Department,Depa041,전남대_중어중문학과,Course,Cour2771,중국어작문,offers,학과와 교육과정(교과목)의 관계
2114,Department,Depa041,전남대_중어중문학과,Course,Cour2772,중국고전소설,offers,학과와 교육과정(교과목)의 관계
2115,Department,Depa041,전남대_중어중문학과,Course,Cour2773,중국문학과영화,offers,학과와 교육과정(교과목)의 관계
2116,Department,Depa041,전남대_중어중문학과,Course,Cour2774,중국산문,offers,학과와 교육과정(교과목)의 관계
2117,Department,Depa041,전남대_중어중문학과,Course,Cour2775,중국어학주제연구,offers,학과와 교육과정(교과목)의 관계
2118,Department,Depa041,전남대_중어중문학과,Course,Cour2776,중국문학과IP산업,offers,학과와 교육과정(교과목)의 관계
2119,Department,Depa041,전남대_중어중문학과,Course,Cour2777,중국문자학,offers,학과와 교육과정(교과목)의 관계
2120,Department,Depa041,전남대_중어중문학과,Course,Cour2778,중국고전문학이론,offers,학과와 교육과정(교과목)의 관계
2121,Department,Depa041,전남대_중어중문학과,Course,Cour2779,중국어고급회화,offers,학과와 교육과정(교과목)의 관계
2122,Department,Depa041,전남대_중어중문학과,Course,Cour2780,중국희곡,offers,학과와 교육과정(교과목)의 관계
2123,Department,Depa041,전남대_중어중문학과,Course,Cour2781,중국언어학사,offers,학과와 교육과정(교과목)의 관계
2124,Department,Depa041,전남대_중어중문학과,Course,Cour2782,중국어번역연습,offers,학과와 교육과정(교과목)의 관계
2125,Department,Depa041,전남대_중어중문학과,Course,Cour2783,한중문화비교,offers,학과와 교육과정(교과목)의 관계
2126,Department,Depa041,전남대_중어중문학과,Course,Cour2784,중국현대사회특강,offers,학과와 교육과정(교과목)의 관계
2127,Department,Depa041,전남대_중어중문학과,Course,Cour2785,탐욕과낭만의중국문학,offers,학과와 교육과정(교과목)의 관계
2128,Department,Depa042,전북대_중어중문학과,Course,Cour2820,초급중국어회화,offers,학과와 교육과정(교과목)의 관계
2129,Department,Depa042,전북대_중어중문학과,Course,Cour2821,중국고대문학사,offers,학과와 교육과정(교과목)의 관계
2130,Department,Depa042,전북대_중어중문학과,Course,Cour2822,중국고사성어선독,offers,학과와 교육과정(교과목)의 관계
2131,Department,Depa042,전북대_중어중문학과,Course,Cour2823,중국어독해Ⅰ,offers,학과와 교육과정(교과목)의 관계
2132,Department,Depa042,전북대_중어중문학과,Course,Cour2824,중국어학의이해,offers,학과와 교육과정(교과목)의 관계
2133,Department,Depa042,전북대_중어중문학과,Course,Cour2825,중국어회화Ⅰ,offers,학과와 교육과정(교과목)의 관계
2134,Department,Depa042,전북대_중어중문학과,Course,Cour2826,중국현대사회의이해,offers,학과와 교육과정(교과목)의 관계
2135,Department,Depa042,전북대_중어중문학과,Course,Cour2827,전공진로설계Ⅰ,offers,학과와 교육과정(교과목)의 관계
2136,Department,Depa042,전북대_중어중문학과,Course,Cour2828,논어의지혜,offers,학과와 교육과정(교과목)의 관계
2137,Department,Depa042,전북대_중어중문학과,Course,Cour2829,디지털차이나,offers,학과와 교육과정(교과목)의 관계
2138,Department,Depa042,전북대_중어중문학과,Course,Cour2830,중국어독해Ⅱ,offers,학과와 교육과정(교과목)의 관계
2139,Department,Depa042,전북대_중어중문학과,Course,Cour2831,중국어문법Ⅰ,offers,학과와 교육과정(교과목)의 관계
2140,Department,Depa042,전북대_중어중문학과,Course,Cour2832,중국어작문Ⅰ,offers,학과와 교육과정(교과목)의 관계
2141,Department,Depa042,전북대_중어중문학과,Course,Cour2833,중국중세문학사,offers,학과와 교육과정(교과목)의 관계
2142,Department,Depa042,전북대_중어중문학과,Course,Cour2834,전공진로설계Ⅱ,offers,학과와 교육과정(교과목)의 관계
2143,Department,Depa042,전북대_중어중문학과,Course,Cour2835,고급중국어회화,offers,학과와 교육과정(교과목)의 관계
2144,Department,Depa042,전북대_중어중문학과,Course,Cour2836,사기와삼국지,offers,학과와 교육과정(교과목)의 관계
2145,Department,Depa042,전북대_중어중문학과,Course,Cour2837,중국근세문학사,offers,학과와 교육과정(교과목)의 관계
2146,Department,Depa042,전북대_중어중문학과,Course,Cour2838,중국도시와인간,offers,학과와 교육과정(교과목)의 관계
2147,Department,Depa042,전북대_중어중문학과,Course,Cour2839,중국어문법Ⅱ,offers,학과와 교육과정(교과목)의 관계
2148,Department,Depa042,전북대_중어중문학과,Course,Cour2840,중국현대소설과영화,offers,학과와 교육과정(교과목)의 관계
2149,Department,Depa042,전북대_중어중문학과,Course,Cour2841,전공진로설계Ⅲ,offers,학과와 교육과정(교과목)의 관계
2150,Department,Depa042,전북대_중어중문학과,Course,Cour2842,고급중국어작문,offers,학과와 교육과정(교과목)의 관계
2151,Department,Depa042,전북대_중어중문학과,Course,Cour2843,고전번역의요령과멋,offers,학과와 교육과정(교과목)의 관계
2152,Department,Depa042,전북대_중어중문학과,Course,Cour2844,중국고전산문,offers,학과와 교육과정(교과목)의 관계
2153,Department,Depa042,전북대_중어중문학과,Course,Cour2845,중국문자학의이해,offers,학과와 교육과정(교과목)의 관계
2154,Department,Depa042,전북대_중어중문학과,Course,Cour2846,중국어뉴스청취연습,offers,학과와 교육과정(교과목)의 관계
2155,Department,Depa042,전북대_중어중문학과,Course,Cour2847,중국어와인공지능,offers,학과와 교육과정(교과목)의 관계
2156,Department,Depa042,전북대_중어중문학과,Course,Cour2848,중국현대문학의이해,offers,학과와 교육과정(교과목)의 관계
2157,Department,Depa042,전북대_중어중문학과,Course,Cour2849,전공진로설계Ⅳ,offers,학과와 교육과정(교과목)의 관계
2158,Department,Depa042,전북대_중어중문학과,Course,Cour2850,비즈니스중국어,offers,학과와 교육과정(교과목)의 관계
2159,Department,Depa042,전북대_중어중문학과,Course,Cour2851,시경과초사감상,offers,학과와 교육과정(교과목)의 관계
2160,Department,Depa042,전북대_중어중문학과,Course,Cour2852,중국문화와예술,offers,학과와 교육과정(교과목)의 관계
2161,Department,Depa042,전북대_중어중문학과,Course,Cour2853,중국어실용문,offers,학과와 교육과정(교과목)의 관계
2162,Department,Depa042,전북대_중어중문학과,Course,Cour2854,중국현대작품감상,offers,학과와 교육과정(교과목)의 관계
2163,Department,Depa042,전북대_중어중문학과,Course,Cour2855,키워드로만나는중국문예,offers,학과와 교육과정(교과목)의 관계
2164,Department,Depa042,전북대_중어중문학과,Course,Cour2856,전공진로설계Ⅴ,offers,학과와 교육과정(교과목)의 관계
2165,Department,Depa042,전북대_중어중문학과,Course,Cour2857,미디어중국어,offers,학과와 교육과정(교과목)의 관계
2166,Department,Depa042,전북대_중어중문학과,Course,Cour2858,제자백가문선독,offers,학과와 교육과정(교과목)의 관계
2167,Department,Depa042,전북대_중어중문학과,Course,Cour2859,중국명시번역과감상,offers,학과와 교육과정(교과목)의 관계
2168,Department,Depa042,전북대_중어중문학과,Course,Cour2860,중국어통번역실습,offers,학과와 교육과정(교과목)의 관계
2169,Department,Depa042,전북대_중어중문학과,Course,Cour2861,현대중국인물론,offers,학과와 교육과정(교과목)의 관계
2170,Department,Depa042,전북대_중어중문학과,Course,Cour2862,전공진로설계Ⅵ,offers,학과와 교육과정(교과목)의 관계
2171,Department,Depa042,전북대_중어중문학과,Course,Cour2863,중국어교재연구및지도법,offers,학과와 교육과정(교과목)의 관계
2172,Department,Depa042,전북대_중어중문학과,Course,Cour2864,중국어교육론,offers,학과와 교육과정(교과목)의 관계
2173,Department,Depa043,전주대_중국어중국학과,Course,Cour2865,중국어중국학과전공의기초,offers,학과와 교육과정(교과목)의 관계
2174,Department,Depa043,전주대_중국어중국학과,Course,Cour2866,로컬과인문학,offers,학과와 교육과정(교과목)의 관계
2175,Department,Depa043,전주대_중국어중국학과,Course,Cour2867,로컬과콘텐츠,offers,학과와 교육과정(교과목)의 관계
2176,Department,Depa043,전주대_중국어중국학과,Course,Cour2868,중국학개론Ⅰ,offers,학과와 교육과정(교과목)의 관계
2177,Department,Depa043,전주대_중국어중국학과,Course,Cour2869,기초중국어Ⅰ,offers,학과와 교육과정(교과목)의 관계
2178,Department,Depa043,전주대_중국어중국학과,Course,Cour2870,중국어회화,offers,학과와 교육과정(교과목)의 관계
2179,Department,Depa043,전주대_중국어중국학과,Course,Cour2871,중국지역문화자산활용의이해,offers,학과와 교육과정(교과목)의 관계
2180,Department,Depa043,전주대_중국어중국학과,Course,Cour2872,영상으로만나는중국고전콘텐츠,offers,학과와 교육과정(교과목)의 관계
2181,Department,Depa043,전주대_중국어중국학과,Course,Cour2873,기초중국어Ⅱ,offers,학과와 교육과정(교과목)의 관계
2182,Department,Depa043,전주대_중국어중국학과,Course,Cour2874,중국학개론Ⅱ,offers,학과와 교육과정(교과목)의 관계
2183,Department,Depa043,전주대_중국어중국학과,Course,Cour2875,중국역사전통,offers,학과와 교육과정(교과목)의 관계
2184,Department,Depa043,전주대_중국어중국학과,Course,Cour2876,중국어독해연습Ⅰ,offers,학과와 교육과정(교과목)의 관계
2185,Department,Depa043,전주대_중국어중국학과,Course,Cour2877,중국어듣기와표현,offers,학과와 교육과정(교과목)의 관계
2186,Department,Depa043,전주대_중국어중국학과,Course,Cour2878,중국어문법Ⅰ,offers,학과와 교육과정(교과목)의 관계
2187,Department,Depa043,전주대_중국어중국학과,Course,Cour2879,중국근현대사,offers,학과와 교육과정(교과목)의 관계
2188,Department,Depa043,전주대_중국어중국학과,Course,Cour2880,비지니스중국어,offers,학과와 교육과정(교과목)의 관계
2189,Department,Depa043,전주대_중국어중국학과,Course,Cour2881,중국서사콘텐츠의발굴과활용,offers,학과와 교육과정(교과목)의 관계
2190,Department,Depa043,전주대_중국어중국학과,Course,Cour2882,실용중국어글쓰기Ⅰ,offers,학과와 교육과정(교과목)의 관계
2191,Department,Depa043,전주대_중국어중국학과,Course,Cour2883,현대중국경제산책,offers,학과와 교육과정(교과목)의 관계
2192,Department,Depa043,전주대_중국어중국학과,Course,Cour2884,중국어독해연습Ⅱ,offers,학과와 교육과정(교과목)의 관계
2193,Department,Depa043,전주대_중국어중국학과,Course,Cour2885,중국어문법Ⅱ,offers,학과와 교육과정(교과목)의 관계
2194,Department,Depa043,전주대_중국어중국학과,Course,Cour2886,실용중국어글쓰기Ⅱ,offers,학과와 교육과정(교과목)의 관계
2195,Department,Depa043,전주대_중국어중국학과,Course,Cour2887,여행관광중국어,offers,학과와 교육과정(교과목)의 관계
2196,Department,Depa043,전주대_중국어중국학과,Course,Cour2888,중국시장과마케팅,offers,학과와 교육과정(교과목)의 관계
2197,Department,Depa043,전주대_중국어중국학과,Course,Cour2889,중국기업세미나,offers,학과와 교육과정(교과목)의 관계
2198,Department,Depa043,전주대_중국어중국학과,Course,Cour2890,중국어학개론,offers,학과와 교육과정(교과목)의 관계
2199,Department,Depa043,전주대_중국어중국학과,Course,Cour2891,미디어콘텐츠중국어,offers,학과와 교육과정(교과목)의 관계
2200,Department,Depa043,전주대_중국어중국학과,Course,Cour2892,문화중국어,offers,학과와 교육과정(교과목)의 관계
2201,Department,Depa043,전주대_중국어중국학과,Course,Cour2893,중국어프리스피치,offers,학과와 교육과정(교과목)의 관계
2202,Department,Depa043,전주대_중국어중국학과,Course,Cour2894,논문,offers,학과와 교육과정(교과목)의 관계
2203,Department,Depa044,제주대_중어중문학과,Course,Cour2895,진로와학업설계상담Ⅰ-Ⅰ,offers,학과와 교육과정(교과목)의 관계
2204,Department,Depa044,제주대_중어중문학과,Course,Cour2896,초급중국어Ⅰ,offers,학과와 교육과정(교과목)의 관계
2205,Department,Depa044,제주대_중어중문학과,Course,Cour2897,기초한자,offers,학과와 교육과정(교과목)의 관계
2206,Department,Depa044,제주대_중어중문학과,Course,Cour2898,진로와학업설계상담Ⅰ-Ⅱ,offers,학과와 교육과정(교과목)의 관계
2207,Department,Depa044,제주대_중어중문학과,Course,Cour2899,초급중국어Ⅱ,offers,학과와 교육과정(교과목)의 관계
2208,Department,Depa044,제주대_중어중문학과,Course,Cour2900,초급중국어회화,offers,학과와 교육과정(교과목)의 관계
2209,Department,Depa044,제주대_중어중문학과,Course,Cour2901,초급한문,offers,학과와 교육과정(교과목)의 관계
2210,Department,Depa044,제주대_중어중문학과,Course,Cour2902,언어기초입문,offers,학과와 교육과정(교과목)의 관계
2211,Department,Depa044,제주대_중어중문학과,Course,Cour2903,진로와학업설계상담Ⅱ-Ⅰ,offers,학과와 교육과정(교과목)의 관계
2212,Department,Depa044,제주대_중어중문학과,Course,Cour2904,중급중국어회화Ⅰ,offers,학과와 교육과정(교과목)의 관계
2213,Department,Depa044,제주대_중어중문학과,Course,Cour2905,중국문학개론,offers,학과와 교육과정(교과목)의 관계
2214,Department,Depa044,제주대_중어중문학과,Course,Cour2906,중급한문,offers,학과와 교육과정(교과목)의 관계
2215,Department,Depa044,제주대_중어중문학과,Course,Cour2907,중급중국어Ⅰ,offers,학과와 교육과정(교과목)의 관계
2216,Department,Depa044,제주대_중어중문학과,Course,Cour2908,중국어작문Ⅰ,offers,학과와 교육과정(교과목)의 관계
2217,Department,Depa044,제주대_중어중문학과,Course,Cour2909,중국문화,offers,학과와 교육과정(교과목)의 관계
2218,Department,Depa044,제주대_중어중문학과,Course,Cour2910,진로와학업설계상담Ⅱ-Ⅱ,offers,학과와 교육과정(교과목)의 관계
2219,Department,Depa044,제주대_중어중문학과,Course,Cour2911,중급중국어Ⅱ,offers,학과와 교육과정(교과목)의 관계
2220,Department,Depa044,제주대_중어중문학과,Course,Cour2912,중국문학사,offers,학과와 교육과정(교과목)의 관계
2221,Department,Depa044,제주대_중어중문학과,Course,Cour2913,중급중국어회화Ⅱ,offers,학과와 교육과정(교과목)의 관계
2222,Department,Depa044,제주대_중어중문학과,Course,Cour2914,경서제자강독,offers,학과와 교육과정(교과목)의 관계
2223,Department,Depa044,제주대_중어중문학과,Course,Cour2915,중국어작문Ⅱ,offers,학과와 교육과정(교과목)의 관계
2224,Department,Depa044,제주대_중어중문학과,Course,Cour2916,중문과진로탐색,offers,학과와 교육과정(교과목)의 관계
2225,Department,Depa044,제주대_중어중문학과,Course,Cour2917,중국어학개론,offers,학과와 교육과정(교과목)의 관계
2226,Department,Depa044,제주대_중어중문학과,Course,Cour2918,진로와취·창업상담Ⅰ-Ⅰ,offers,학과와 교육과정(교과목)의 관계
2227,Department,Depa044,제주대_중어중문학과,Course,Cour2919,고급중국어,offers,학과와 교육과정(교과목)의 관계
2228,Department,Depa044,제주대_중어중문학과,Course,Cour2920,중국현대문학사,offers,학과와 교육과정(교과목)의 관계
2229,Department,Depa044,제주대_중어중문학과,Course,Cour2921,중국어교과논리및논술,offers,학과와 교육과정(교과목)의 관계
2230,Department,Depa044,제주대_중어중문학과,Course,Cour2922,고급중국어회화,offers,학과와 교육과정(교과목)의 관계
2231,Department,Depa044,제주대_중어중문학과,Course,Cour2923,중국소설감상(캡스톤디자인),offers,학과와 교육과정(교과목)의 관계
2232,Department,Depa044,제주대_중어중문학과,Course,Cour2924,중국어문법,offers,학과와 교육과정(교과목)의 관계
2233,Department,Depa044,제주대_중어중문학과,Course,Cour2925,진로와취·창업상담Ⅰ-Ⅱ,offers,학과와 교육과정(교과목)의 관계
2234,Department,Depa044,제주대_중어중문학과,Course,Cour2926,중국문화와작품감상,offers,학과와 교육과정(교과목)의 관계
2235,Department,Depa044,제주대_중어중문학과,Course,Cour2927,중국문학디지털퍼블리싱,offers,학과와 교육과정(교과목)의 관계
2236,Department,Depa044,제주대_중어중문학과,Course,Cour2928,중국어교과교육론,offers,학과와 교육과정(교과목)의 관계
2237,Department,Depa044,제주대_중어중문학과,Course,Cour2929,중국명시감상,offers,학과와 교육과정(교과목)의 관계
2238,Department,Depa044,제주대_중어중문학과,Course,Cour2930,중국현대문학과영화감상(캡스톤디자인Ⅱ),offers,학과와 교육과정(교과목)의 관계
2239,Department,Depa044,제주대_중어중문학과,Course,Cour2931,한문법,offers,학과와 교육과정(교과목)의 관계
2240,Department,Depa044,제주대_중어중문학과,Course,Cour2932,진로와취·창업상담Ⅱ-Ⅰ,offers,학과와 교육과정(교과목)의 관계
2241,Department,Depa044,제주대_중어중문학과,Course,Cour2933,현장실습Ⅰ,offers,학과와 교육과정(교과목)의 관계
2242,Department,Depa044,제주대_중어중문학과,Course,Cour2934,텍스트마이닝과중국,offers,학과와 교육과정(교과목)의 관계
2243,Department,Depa044,제주대_중어중문학과,Course,Cour2935,한자학강의,offers,학과와 교육과정(교과목)의 관계
2244,Department,Depa044,제주대_중어중문학과,Course,Cour2936,중국어교과교재연구및지도법,offers,학과와 교육과정(교과목)의 관계
2245,Department,Depa044,제주대_중어중문학과,Course,Cour2937,시사중국어,offers,학과와 교육과정(교과목)의 관계
2246,Department,Depa044,제주대_중어중문학과,Course,Cour2938,중국문학이론,offers,학과와 교육과정(교과목)의 관계
2247,Department,Depa044,제주대_중어중문학과,Course,Cour2939,진로와취·창업상담Ⅱ-Ⅱ,offers,학과와 교육과정(교과목)의 관계
2248,Department,Depa044,제주대_중어중문학과,Course,Cour2940,중국음운학,offers,학과와 교육과정(교과목)의 관계
2249,Department,Depa044,제주대_중어중문학과,Course,Cour2941,실용중국어,offers,학과와 교육과정(교과목)의 관계
2250,Department,Depa045,창신대_중국비즈니스학과,Course,Cour3034,중국어회화Ⅰ,offers,학과와 교육과정(교과목)의 관계
2251,Department,Depa045,창신대_중국비즈니스학과,Course,Cour3035,글로벌사회의이해Ⅰ,offers,학과와 교육과정(교과목)의 관계
2252,Department,Depa045,창신대_중국비즈니스학과,Course,Cour3036,중국어읽기Ⅰ,offers,학과와 교육과정(교과목)의 관계
2253,Department,Depa045,창신대_중국비즈니스학과,Course,Cour3037,경영학의세계,offers,학과와 교육과정(교과목)의 관계
2254,Department,Depa045,창신대_중국비즈니스학과,Course,Cour3038,맞춤형진로설계Ⅰ,offers,학과와 교육과정(교과목)의 관계
2255,Department,Depa045,창신대_중국비즈니스학과,Course,Cour3039,다국어TandemⅠ,offers,학과와 교육과정(교과목)의 관계
2256,Department,Depa045,창신대_중국비즈니스학과,Course,Cour3040,중국어회화Ⅱ,offers,학과와 교육과정(교과목)의 관계
2257,Department,Depa045,창신대_중국비즈니스학과,Course,Cour3041,중국어읽기Ⅱ,offers,학과와 교육과정(교과목)의 관계
2258,Department,Depa045,창신대_중국비즈니스학과,Course,Cour3042,경영조직탐색,offers,학과와 교육과정(교과목)의 관계
2259,Department,Depa045,창신대_중국비즈니스학과,Course,Cour3043,맞춤형진로설계Ⅱ,offers,학과와 교육과정(교과목)의 관계
2260,Department,Depa045,창신대_중국비즈니스학과,Course,Cour3044,글로벌사회의이해Ⅱ,offers,학과와 교육과정(교과목)의 관계
2261,Department,Depa045,창신대_중국비즈니스학과,Course,Cour3045,중국어읽기Ⅲ,offers,학과와 교육과정(교과목)의 관계
2262,Department,Depa045,창신대_중국비즈니스학과,Course,Cour3046,다국어TandemⅡ,offers,학과와 교육과정(교과목)의 관계
2263,Department,Depa045,창신대_중국비즈니스학과,Course,Cour3047,회계정보의이해,offers,학과와 교육과정(교과목)의 관계
2264,Department,Depa045,창신대_중국비즈니스학과,Course,Cour3048,경영무역과외국어,offers,학과와 교육과정(교과목)의 관계
2265,Department,Depa045,창신대_중국비즈니스학과,Course,Cour3049,호텔F&B실무와외국어,offers,학과와 교육과정(교과목)의 관계
2266,Department,Depa045,창신대_중국비즈니스학과,Course,Cour3050,중국어읽기Ⅳ,offers,학과와 교육과정(교과목)의 관계
2267,Department,Depa045,창신대_중국비즈니스학과,Course,Cour3051,호스피탈리티중국어,offers,학과와 교육과정(교과목)의 관계
2268,Department,Depa045,창신대_중국비즈니스학과,Course,Cour3052,항공중국어,offers,학과와 교육과정(교과목)의 관계
2269,Department,Depa045,창신대_중국비즈니스학과,Course,Cour3053,글로벌문화산업,offers,학과와 교육과정(교과목)의 관계
2270,Department,Depa045,창신대_중국비즈니스학과,Course,Cour3054,의료관광산업의이해,offers,학과와 교육과정(교과목)의 관계
2271,Department,Depa045,창신대_중국비즈니스학과,Course,Cour3055,다국어통번역연습Ⅰ,offers,학과와 교육과정(교과목)의 관계
2272,Department,Depa045,창신대_중국비즈니스학과,Course,Cour3056,글로벌사회와언어문화,offers,학과와 교육과정(교과목)의 관계
2273,Department,Depa045,창신대_중국비즈니스학과,Course,Cour3057,비즈니스커뮤니케이션,offers,학과와 교육과정(교과목)의 관계
2274,Department,Depa045,창신대_중국비즈니스학과,Course,Cour3058,서비스마케팅과외국어,offers,학과와 교육과정(교과목)의 관계
2275,Department,Depa045,창신대_중국비즈니스학과,Course,Cour3059,세계경제이슈토론,offers,학과와 교육과정(교과목)의 관계
2276,Department,Depa045,창신대_중국비즈니스학과,Course,Cour3060,다국어통번역연습Ⅱ,offers,학과와 교육과정(교과목)의 관계
2277,Department,Depa045,창신대_중국비즈니스학과,Course,Cour3061,중국비즈니스현장실습Ⅰ,offers,학과와 교육과정(교과목)의 관계
2278,Department,Depa045,창신대_중국비즈니스학과,Course,Cour3062,중국비즈니스캡스톤디자인,offers,학과와 교육과정(교과목)의 관계
2279,Department,Depa045,창신대_중국비즈니스학과,Course,Cour3063,맞춤형취업전략,offers,학과와 교육과정(교과목)의 관계
2280,Department,Depa045,창신대_중국비즈니스학과,Course,Cour3064,영상미디어와외국어,offers,학과와 교육과정(교과목)의 관계
2281,Department,Depa045,창신대_중국비즈니스학과,Course,Cour3065,창업경영세미나,offers,학과와 교육과정(교과목)의 관계
2282,Department,Depa045,창신대_중국비즈니스학과,Course,Cour3066,중국비즈니스현장실습Ⅱ,offers,학과와 교육과정(교과목)의 관계
2283,Department,Depa045,창신대_중국비즈니스학과,Course,Cour3067,중국과미래산업,offers,학과와 교육과정(교과목)의 관계
2284,Department,Depa015,국립창원대_중국학과,Course,Cour3068,현대중국의이해,offers,학과와 교육과정(교과목)의 관계
2285,Department,Depa015,국립창원대_중국학과,Course,Cour3069,중국지역탐방,offers,학과와 교육과정(교과목)의 관계
2286,Department,Depa015,국립창원대_중국학과,Course,Cour3070,중국어Ⅰ(어드벤처디자인),offers,학과와 교육과정(교과목)의 관계
2287,Department,Depa015,국립창원대_중국학과,Course,Cour3071,중국어Ⅱ(어드벤처디자인),offers,학과와 교육과정(교과목)의 관계
2288,Department,Depa015,국립창원대_중국학과,Course,Cour3072,"동남아화교와대만,홍콩(어드벤처디자인)",offers,학과와 교육과정(교과목)의 관계
2289,Department,Depa015,국립창원대_중국학과,Course,Cour3073,세계와중국,offers,학과와 교육과정(교과목)의 관계
2290,Department,Depa015,국립창원대_중국학과,Course,Cour3074,현대중국경제의이해(어드벤쳐디자인),offers,학과와 교육과정(교과목)의 관계
2291,Department,Depa015,국립창원대_중국학과,Course,Cour3075,중국과중국어,offers,학과와 교육과정(교과목)의 관계
2292,Department,Depa015,국립창원대_중국학과,Course,Cour3076,중국어텍스트분석(어드벤쳐디자인),offers,학과와 교육과정(교과목)의 관계
2293,Department,Depa015,국립창원대_중국학과,Course,Cour3077,중국어의이해(어드벤쳐디자인),offers,학과와 교육과정(교과목)의 관계
2294,Department,Depa015,국립창원대_중국학과,Course,Cour3078,초급중국어회화,offers,학과와 교육과정(교과목)의 관계
2295,Department,Depa015,국립창원대_중국학과,Course,Cour3079,중국문학사,offers,학과와 교육과정(교과목)의 관계
2296,Department,Depa015,국립창원대_중국학과,Course,Cour3080,중급중국어회화,offers,학과와 교육과정(교과목)의 관계
2297,Department,Depa015,국립창원대_중국학과,Course,Cour3081,중국사회론,offers,학과와 교육과정(교과목)의 관계
2298,Department,Depa015,국립창원대_중국학과,Course,Cour3082,중국외교정책의이해,offers,학과와 교육과정(교과목)의 관계
2299,Department,Depa015,국립창원대_중국학과,Course,Cour3083,중국어프로젝트(어드벤처디자인),offers,학과와 교육과정(교과목)의 관계
2300,Department,Depa015,국립창원대_중국학과,Course,Cour3084,중국역사기행,offers,학과와 교육과정(교과목)의 관계
2301,Department,Depa015,국립창원대_중국학과,Course,Cour3085,고급중국어회화,offers,학과와 교육과정(교과목)의 관계
2302,Department,Depa015,국립창원대_중국학과,Course,Cour3086,중국정부와기업,offers,학과와 교육과정(교과목)의 관계
2303,Department,Depa015,국립창원대_중국학과,Course,Cour3087,HSK연습,offers,학과와 교육과정(교과목)의 관계
2304,Department,Depa015,국립창원대_중국학과,Course,Cour3088,중국정치외교세미나,offers,학과와 교육과정(교과목)의 관계
2305,Department,Depa015,국립창원대_중국학과,Course,Cour3089,중국어인공지능번역(캡스톤디자인),offers,학과와 교육과정(교과목)의 관계
2306,Department,Depa015,국립창원대_중국학과,Course,Cour3090,중국대외무역,offers,학과와 교육과정(교과목)의 관계
2307,Department,Depa015,국립창원대_중국학과,Course,Cour3091,무역중국어,offers,학과와 교육과정(교과목)의 관계
2308,Department,Depa015,국립창원대_중국학과,Course,Cour3092,중국경제세미나(캡스톤디자인),offers,학과와 교육과정(교과목)의 관계
2309,Department,Depa015,국립창원대_중국학과,Course,Cour3093,한중관계의이해,offers,학과와 교육과정(교과목)의 관계
2310,Department,Depa015,국립창원대_중국학과,Course,Cour3094,매체중국어,offers,학과와 교육과정(교과목)의 관계
2311,Department,Depa015,국립창원대_중국학과,Course,Cour3095,실무중국어,offers,학과와 교육과정(교과목)의 관계
2312,Department,Depa015,국립창원대_중국학과,Course,Cour3096,중국무역실무(캡스톤디자인),offers,학과와 교육과정(교과목)의 관계
2313,Department,Depa015,국립창원대_중국학과,Course,Cour3097,중국문화특강,offers,학과와 교육과정(교과목)의 관계
2314,Department,Depa015,국립창원대_중국학과,Course,Cour3098,중국시사분석,offers,학과와 교육과정(교과목)의 관계
2315,Department,Depa015,국립창원대_중국학과,Course,Cour3099,졸업논문,offers,학과와 교육과정(교과목)의 관계
2316,Department,Depa015,국립창원대_중국학과,Course,Cour3100,영상으로이해하는중국,offers,학과와 교육과정(교과목)의 관계
2317,Department,Depa015,국립창원대_중국학과,Course,Cour3101,시사중국어,offers,학과와 교육과정(교과목)의 관계
2318,Department,Depa015,국립창원대_중국학과,Course,Cour3102,중국콘텐츠나들이,offers,학과와 교육과정(교과목)의 관계
2319,Department,Depa015,국립창원대_중국학과,Course,Cour3103,현장실습Ⅰ,offers,학과와 교육과정(교과목)의 관계
2320,Department,Depa015,국립창원대_중국학과,Course,Cour3104,현장실습Ⅱ,offers,학과와 교육과정(교과목)의 관계
2321,Department,Depa015,국립창원대_중국학과,Course,Cour3105,현장실습Ⅲ,offers,학과와 교육과정(교과목)의 관계
2322,Department,Depa015,국립창원대_중국학과,Course,Cour3106,현장실습Ⅳ,offers,학과와 교육과정(교과목)의 관계
2323,Department,Depa015,국립창원대_중국학과,Course,Cour3107,표준현장실습Ⅰ,offers,학과와 교육과정(교과목)의 관계
2324,Department,Depa015,국립창원대_중국학과,Course,Cour3108,표준현장실습Ⅱ,offers,학과와 교육과정(교과목)의 관계
2325,Department,Depa015,국립창원대_중국학과,Course,Cour3109,표준현장실습Ⅲ,offers,학과와 교육과정(교과목)의 관계
2326,Department,Depa015,국립창원대_중국학과,Course,Cour3110,표준현장실습Ⅳ,offers,학과와 교육과정(교과목)의 관계
2327,Department,Depa015,국립창원대_중국학과,Course,Cour3111,캡스톤디자인,offers,학과와 교육과정(교과목)의 관계
2328,Department,Depa046,충남대_중어중문학과,Course,Cour3112,미래설계상담Ⅰ,offers,학과와 교육과정(교과목)의 관계
2329,Department,Depa046,충남대_중어중문학과,Course,Cour3113,대학생활과진로설계,offers,학과와 교육과정(교과목)의 관계
2330,Department,Depa046,충남대_중어중문학과,Course,Cour3114,중국어연습,offers,학과와 교육과정(교과목)의 관계
2331,Department,Depa046,충남대_중어중문학과,Course,Cour3115,중국의문화와예술,offers,학과와 교육과정(교과목)의 관계
2332,Department,Depa046,충남대_중어중문학과,Course,Cour3116,기초중국어,offers,학과와 교육과정(교과목)의 관계
2333,Department,Depa046,충남대_중어중문학과,Course,Cour3117,중국기초고문,offers,학과와 교육과정(교과목)의 관계
2334,Department,Depa046,충남대_중어중문학과,Course,Cour3118,미래설계상담Ⅱ,offers,학과와 교육과정(교과목)의 관계
2335,Department,Depa046,충남대_중어중문학과,Course,Cour3119,대학생활과진로설계,offers,학과와 교육과정(교과목)의 관계
2336,Department,Depa046,충남대_중어중문학과,Course,Cour3120,중국어회화Ⅰ,offers,학과와 교육과정(교과목)의 관계
2337,Department,Depa046,충남대_중어중문학과,Course,Cour3121,중국어강독Ⅰ,offers,학과와 교육과정(교과목)의 관계
2338,Department,Depa046,충남대_중어중문학과,Course,Cour3122,현대중국의이해,offers,학과와 교육과정(교과목)의 관계
2339,Department,Depa046,충남대_중어중문학과,Course,Cour3123,중국문화콘텐츠의이해,offers,학과와 교육과정(교과목)의 관계
2340,Department,Depa046,충남대_중어중문학과,Course,Cour3124,중국어회화Ⅱ,offers,학과와 교육과정(교과목)의 관계
2341,Department,Depa046,충남대_중어중문학과,Course,Cour3125,중국어강독Ⅱ,offers,학과와 교육과정(교과목)의 관계
2342,Department,Depa046,충남대_중어중문학과,Course,Cour3126,중국어문법,offers,학과와 교육과정(교과목)의 관계
2343,Department,Depa046,충남대_중어중문학과,Course,Cour3127,중국고전시가감상,offers,학과와 교육과정(교과목)의 관계
2344,Department,Depa046,충남대_중어중문학과,Course,Cour3128,중국문학사,offers,학과와 교육과정(교과목)의 관계
2345,Department,Depa046,충남대_중어중문학과,Course,Cour3129,미래설계상담Ⅲ,offers,학과와 교육과정(교과목)의 관계
2346,Department,Depa046,충남대_중어중문학과,Course,Cour3130,영상으로배우는중국어,offers,학과와 교육과정(교과목)의 관계
2347,Department,Depa046,충남대_중어중문학과,Course,Cour3131,중국고전산문감상,offers,학과와 교육과정(교과목)의 관계
2348,Department,Depa046,충남대_중어중문학과,Course,Cour3132,중국어회화Ⅲ,offers,학과와 교육과정(교과목)의 관계
2349,Department,Depa046,충남대_중어중문학과,Course,Cour3133,중국어강독Ⅲ,offers,학과와 교육과정(교과목)의 관계
2350,Department,Depa046,충남대_중어중문학과,Course,Cour3134,중국고전명저읽기,offers,학과와 교육과정(교과목)의 관계
2351,Department,Depa046,충남대_중어중문학과,Course,Cour3135,중국문학사Ⅱ,offers,학과와 교육과정(교과목)의 관계
2352,Department,Depa046,충남대_중어중문학과,Course,Cour3136,미래설계상담Ⅳ,offers,학과와 교육과정(교과목)의 관계
2353,Department,Depa046,충남대_중어중문학과,Course,Cour3137,미래설계상담Ⅴ,offers,학과와 교육과정(교과목)의 관계
2354,Department,Depa046,충남대_중어중문학과,Course,Cour3138,중국의사회와문화,offers,학과와 교육과정(교과목)의 관계
2355,Department,Depa046,충남대_중어중문학과,Course,Cour3139,중국어논술,offers,학과와 교육과정(교과목)의 관계
2356,Department,Depa046,충남대_중어중문학과,Course,Cour3140,중국현대소설감상,offers,학과와 교육과정(교과목)의 관계
2357,Department,Depa046,충남대_중어중문학과,Course,Cour3141,중국어토론,offers,학과와 교육과정(교과목)의 관계
2358,Department,Depa046,충남대_중어중문학과,Course,Cour3142,중국어네이밍캡스톤디자인,offers,학과와 교육과정(교과목)의 관계
2359,Department,Depa046,충남대_중어중문학과,Course,Cour3143,중국어작문,offers,학과와 교육과정(교과목)의 관계
2360,Department,Depa046,충남대_중어중문학과,Course,Cour3144,중국현대문학사,offers,학과와 교육과정(교과목)의 관계
2361,Department,Depa046,충남대_중어중문학과,Course,Cour3145,미래설계상담Ⅵ,offers,학과와 교육과정(교과목)의 관계
2362,Department,Depa046,충남대_중어중문학과,Course,Cour3146,중국어교수법및평가,offers,학과와 교육과정(교과목)의 관계
2363,Department,Depa046,충남대_중어중문학과,Course,Cour3147,중국문학비평사,offers,학과와 교육과정(교과목)의 관계
2364,Department,Depa046,충남대_중어중문학과,Course,Cour3148,중국고전소설감상,offers,학과와 교육과정(교과목)의 관계
2365,Department,Depa046,충남대_중어중문학과,Course,Cour3149,중국당대문학작품감상,offers,학과와 교육과정(교과목)의 관계
2366,Department,Depa046,충남대_중어중문학과,Course,Cour3150,중국실용문연습,offers,학과와 교육과정(교과목)의 관계
2367,Department,Depa046,충남대_중어중문학과,Course,Cour3151,중국어학입문,offers,학과와 교육과정(교과목)의 관계
2368,Department,Depa046,충남대_중어중문학과,Course,Cour3152,시사중국어,offers,학과와 교육과정(교과목)의 관계
2369,Department,Depa046,충남대_중어중문학과,Course,Cour3153,미래설계상담Ⅶ,offers,학과와 교육과정(교과목)의 관계
2370,Department,Depa046,충남대_중어중문학과,Course,Cour3154,중국어교육과정및교재연구,offers,학과와 교육과정(교과목)의 관계
2371,Department,Depa046,충남대_중어중문학과,Course,Cour3155,중국문학번역실습,offers,학과와 교육과정(교과목)의 관계
2372,Department,Depa046,충남대_중어중문학과,Course,Cour3156,무역중국어,offers,학과와 교육과정(교과목)의 관계
2373,Department,Depa046,충남대_중어중문학과,Course,Cour3157,미래설계상담Ⅷ,offers,학과와 교육과정(교과목)의 관계
2374,Department,Depa046,충남대_중어중문학과,Course,Cour3158,중국전통극감상,offers,학과와 교육과정(교과목)의 관계
2375,Department,Depa046,충남대_중어중문학과,Course,Cour3159,중국어교육론,offers,학과와 교육과정(교과목)의 관계
2376,Department,Depa047,충북대_중어중문학과,Course,Cour3160,중국어와중국문화,offers,학과와 교육과정(교과목)의 관계
2377,Department,Depa047,충북대_중어중문학과,Course,Cour3161,기초중국어회화Ⅰ,offers,학과와 교육과정(교과목)의 관계
2378,Department,Depa047,충북대_중어중문학과,Course,Cour3162,중국어와중국사회,offers,학과와 교육과정(교과목)의 관계
2379,Department,Depa047,충북대_중어중문학과,Course,Cour3163,기초중국어회화Ⅱ,offers,학과와 교육과정(교과목)의 관계
2380,Department,Depa047,충북대_중어중문학과,Course,Cour3164,현대한자학의이해,offers,학과와 교육과정(교과목)의 관계
2381,Department,Depa047,충북대_중어중문학과,Course,Cour3165,중급중국어Ⅰ,offers,학과와 교육과정(교과목)의 관계
2382,Department,Depa047,충북대_중어중문학과,Course,Cour3166,중국어회화Ⅰ,offers,학과와 교육과정(교과목)의 관계
2383,Department,Depa047,충북대_중어중문학과,Course,Cour3167,경서제자입문,offers,학과와 교육과정(교과목)의 관계
2384,Department,Depa047,충북대_중어중문학과,Course,Cour3168,중국어학의이해,offers,학과와 교육과정(교과목)의 관계
2385,Department,Depa047,충북대_중어중문학과,Course,Cour3169,현대중국의이해,offers,학과와 교육과정(교과목)의 관계
2386,Department,Depa047,충북대_중어중문학과,Course,Cour3170,중급중국어Ⅱ,offers,학과와 교육과정(교과목)의 관계
2387,Department,Depa047,충북대_중어중문학과,Course,Cour3171,역대산문의감상과이해,offers,학과와 교육과정(교과목)의 관계
2388,Department,Depa047,충북대_중어중문학과,Course,Cour3172,중국언어와문화의이해,offers,학과와 교육과정(교과목)의 관계
2389,Department,Depa047,충북대_중어중문학과,Course,Cour3173,중국어회화Ⅱ,offers,학과와 교육과정(교과목)의 관계
2390,Department,Depa047,충북대_중어중문학과,Course,Cour3174,중국어문법Ⅰ,offers,학과와 교육과정(교과목)의 관계
2391,Department,Depa047,충북대_중어중문학과,Course,Cour3175,중국의시와노래Ⅰ,offers,학과와 교육과정(교과목)의 관계
2392,Department,Depa047,충북대_중어중문학과,Course,Cour3176,중국의매스미디어와현대사회,offers,학과와 교육과정(교과목)의 관계
2393,Department,Depa047,충북대_중어중문학과,Course,Cour3177,소설로보는중국사회Ⅰ,offers,학과와 교육과정(교과목)의 관계
2394,Department,Depa047,충북대_중어중문학과,Course,Cour3178,중국의비즈니스문화와커뮤니케이션,offers,학과와 교육과정(교과목)의 관계
2395,Department,Depa047,충북대_중어중문학과,Course,Cour3179,중국어문법Ⅱ,offers,학과와 교육과정(교과목)의 관계
2396,Department,Depa047,충북대_중어중문학과,Course,Cour3180,중국문학과문화의이해,offers,학과와 교육과정(교과목)의 관계
2397,Department,Depa047,충북대_중어중문학과,Course,Cour3181,중국현대문학특강,offers,학과와 교육과정(교과목)의 관계
2398,Department,Depa047,충북대_중어중문학과,Course,Cour3182,중국의시와노래Ⅱ,offers,학과와 교육과정(교과목)의 관계
2399,Department,Depa047,충북대_중어중문학과,Course,Cour3183,통합적중국어글쓰기,offers,학과와 교육과정(교과목)의 관계
2400,Department,Depa047,충북대_중어중문학과,Course,Cour3184,중국지역사회와영화,offers,학과와 교육과정(교과목)의 관계
2401,Department,Depa047,충북대_중어중문학과,Course,Cour3185,소설로보는중국사회Ⅱ,offers,학과와 교육과정(교과목)의 관계
2402,Department,Depa047,충북대_중어중문학과,Course,Cour3186,중어과교육론,offers,학과와 교육과정(교과목)의 관계
2403,Department,Depa047,충북대_중어중문학과,Course,Cour3187,글로벌리서치와포트폴리오,offers,학과와 교육과정(교과목)의 관계
2404,Department,Depa047,충북대_중어중문학과,Course,Cour3188,중국어통번역연습,offers,학과와 교육과정(교과목)의 관계
2405,Department,Depa047,충북대_중어중문학과,Course,Cour3189,중국의고전가곡과연극,offers,학과와 교육과정(교과목)의 관계
2406,Department,Depa047,충북대_중어중문학과,Course,Cour3190,중국어현장실습,offers,학과와 교육과정(교과목)의 관계
2407,Department,Depa047,충북대_중어중문학과,Course,Cour3191,중어과교재연구및지도법,offers,학과와 교육과정(교과목)의 관계
2408,Department,Depa047,충북대_중어중문학과,Course,Cour3192,중국문학특강,offers,학과와 교육과정(교과목)의 관계
2409,Department,Depa047,충북대_중어중문학과,Course,Cour3193,중국지역학세미나,offers,학과와 교육과정(교과목)의 관계
2410,Department,Depa047,충북대_중어중문학과,Course,Cour3194,대중매체로보는당대중국,offers,학과와 교육과정(교과목)의 관계
2411,Department,Depa047,충북대_중어중문학과,Course,Cour3195,중국어논리및논술,offers,학과와 교육과정(교과목)의 관계
2412,Department,Depa048,한국교원대_중국어교육과,Course,Cour3237,중국어회화Ⅰ,offers,학과와 교육과정(교과목)의 관계
2413,Department,Depa048,한국교원대_중국어교육과,Course,Cour3238,중국어발음연습,offers,학과와 교육과정(교과목)의 관계
2414,Department,Depa048,한국교원대_중국어교육과,Course,Cour3239,중국문학산책,offers,학과와 교육과정(교과목)의 관계
2415,Department,Depa048,한국교원대_중국어교육과,Course,Cour3240,고대중국어의기초,offers,학과와 교육과정(교과목)의 관계
2416,Department,Depa048,한국교원대_중국어교육과,Course,Cour3241,중국어회화Ⅱ,offers,학과와 교육과정(교과목)의 관계
2417,Department,Depa048,한국교원대_중국어교육과,Course,Cour3242,중국문학개론,offers,학과와 교육과정(교과목)의 관계
2418,Department,Depa048,한국교원대_중국어교육과,Course,Cour3243,한자문화와한자예술,offers,학과와 교육과정(교과목)의 관계
2419,Department,Depa048,한국교원대_중국어교육과,Course,Cour3244,중국어작문Ⅰ,offers,학과와 교육과정(교과목)의 관계
2420,Department,Depa048,한국교원대_중국어교육과,Course,Cour3245,중국어권문화,offers,학과와 교육과정(교과목)의 관계
2421,Department,Depa048,한국교원대_중국어교육과,Course,Cour3246,중급중국어Ⅰ,offers,학과와 교육과정(교과목)의 관계
2422,Department,Depa048,한국교원대_중국어교육과,Course,Cour3247,중국의언어와문자,offers,학과와 교육과정(교과목)의 관계
2423,Department,Depa048,한국교원대_중국어교육과,Course,Cour3248,중국문학사Ⅰ,offers,학과와 교육과정(교과목)의 관계
2424,Department,Depa048,한국교원대_중국어교육과,Course,Cour3249,중국어강독,offers,학과와 교육과정(교과목)의 관계
2425,Department,Depa048,한국교원대_중국어교육과,Course,Cour3250,중국어학개론,offers,학과와 교육과정(교과목)의 관계
2426,Department,Depa048,한국교원대_중국어교육과,Course,Cour3251,중급중국어Ⅱ,offers,학과와 교육과정(교과목)의 관계
2427,Department,Depa048,한국교원대_중국어교육과,Course,Cour3252,중국고전시가강독,offers,학과와 교육과정(교과목)의 관계
2428,Department,Depa048,한국교원대_중국어교육과,Course,Cour3253,제자강독,offers,학과와 교육과정(교과목)의 관계
2429,Department,Depa048,한국교원대_중국어교육과,Course,Cour3254,중국문학사Ⅱ,offers,학과와 교육과정(교과목)의 관계
2430,Department,Depa048,한국교원대_중국어교육과,Course,Cour3255,중국어교육론,offers,학과와 교육과정(교과목)의 관계
2431,Department,Depa048,한국교원대_중국어교육과,Course,Cour3256,현대중국어문법,offers,학과와 교육과정(교과목)의 관계
2432,Department,Depa048,한국교원대_중국어교육과,Course,Cour3257,시청각중국어,offers,학과와 교육과정(교과목)의 관계
2433,Department,Depa048,한국교원대_중국어교육과,Course,Cour3258,고급중국어,offers,학과와 교육과정(교과목)의 관계
2434,Department,Depa048,한국교원대_중국어교육과,Course,Cour3259,중국고전문학강독,offers,학과와 교육과정(교과목)의 관계
2435,Department,Depa048,한국교원대_중국어교육과,Course,Cour3260,중국어평가론,offers,학과와 교육과정(교과목)의 관계
2436,Department,Depa048,한국교원대_중국어교육과,Course,Cour3261,중국어교과교재연구및지도법,offers,학과와 교육과정(교과목)의 관계
2437,Department,Depa048,한국교원대_중국어교육과,Course,Cour3262,중국어작문Ⅱ,offers,학과와 교육과정(교과목)의 관계
2438,Department,Depa048,한국교원대_중국어교육과,Course,Cour3263,중국어문법연습,offers,학과와 교육과정(교과목)의 관계
2439,Department,Depa048,한국교원대_중국어교육과,Course,Cour3264,중국현대문학강독,offers,학과와 교육과정(교과목)의 관계
2440,Department,Depa048,한국교원대_중국어교육과,Course,Cour3265,중국어교육논술,offers,학과와 교육과정(교과목)의 관계
2441,Department,Depa048,한국교원대_중국어교육과,Course,Cour3266,실용중국어연습,offers,학과와 교육과정(교과목)의 관계
2442,Department,Depa048,한국교원대_중국어교육과,Course,Cour3267,중국어학특강,offers,학과와 교육과정(교과목)의 관계
2443,Department,Depa048,한국교원대_중국어교육과,Course,Cour3268,고대중국어의이해,offers,학과와 교육과정(교과목)의 관계
2444,Department,Depa048,한국교원대_중국어교육과,Course,Cour3269,중국문학특강,offers,학과와 교육과정(교과목)의 관계
2445,Department,Depa048,한국교원대_중국어교육과,Course,Cour3270,중국문화연구,offers,학과와 교육과정(교과목)의 관계
2446,Department,Depa048,한국교원대_중국어교육과,Course,Cour3271,중국어교수법,offers,학과와 교육과정(교과목)의 관계
2447,Department,Depa048,한국교원대_중국어교육과,Course,Cour3272,중국어로읽는중국사회,offers,학과와 교육과정(교과목)의 관계
2448,Department,Depa049,국립한국교통대_중국어학과,Course,Cour3273,미래사회와인재,offers,학과와 교육과정(교과목)의 관계
2449,Department,Depa049,국립한국교통대_중국어학과,Course,Cour3274,진로탐색세미나,offers,학과와 교육과정(교과목)의 관계
2450,Department,Depa049,국립한국교통대_중국어학과,Course,Cour3275,초급중국어회화,offers,학과와 교육과정(교과목)의 관계
2451,Department,Depa049,국립한국교통대_중국어학과,Course,Cour3276,글로컬인재,offers,학과와 교육과정(교과목)의 관계
2452,Department,Depa049,국립한국교통대_중국어학과,Course,Cour3277,기초중국어회화Ⅰ,offers,학과와 교육과정(교과목)의 관계
2453,Department,Depa049,국립한국교통대_중국어학과,Course,Cour3278,초급중국어Ⅰ(발음원리편),offers,학과와 교육과정(교과목)의 관계
2454,Department,Depa049,국립한국교통대_중국어학과,Course,Cour3279,영화로보는현대중국,offers,학과와 교육과정(교과목)의 관계
2455,Department,Depa049,국립한국교통대_중국어학과,Course,Cour3280,기초중국어회화Ⅱ,offers,학과와 교육과정(교과목)의 관계
2456,Department,Depa049,국립한국교통대_중국어학과,Course,Cour3281,초급중국어Ⅱ(문장원리편),offers,학과와 교육과정(교과목)의 관계
2457,Department,Depa049,국립한국교통대_중국어학과,Course,Cour3282,여행으로배우는중국문화,offers,학과와 교육과정(교과목)의 관계
2458,Department,Depa049,국립한국교통대_중국어학과,Course,Cour3283,중국어회화Ⅰ,offers,학과와 교육과정(교과목)의 관계
2459,Department,Depa049,국립한국교통대_중국어학과,Course,Cour3284,중국어어법Ⅰ,offers,학과와 교육과정(교과목)의 관계
2460,Department,Depa049,국립한국교통대_중국어학과,Course,Cour3285,실전HSKⅠ,offers,학과와 교육과정(교과목)의 관계
2461,Department,Depa049,국립한국교통대_중국어학과,Course,Cour3286,중국어강독Ⅰ,offers,학과와 교육과정(교과목)의 관계
2462,Department,Depa049,국립한국교통대_중국어학과,Course,Cour3287,중국문학입문,offers,학과와 교육과정(교과목)의 관계
2463,Department,Depa049,국립한국교통대_중국어학과,Course,Cour3288,중국의교통,offers,학과와 교육과정(교과목)의 관계
2464,Department,Depa049,국립한국교통대_중국어학과,Course,Cour3289,중국인과중국문화,offers,학과와 교육과정(교과목)의 관계
2465,Department,Depa049,국립한국교통대_중국어학과,Course,Cour3290,중국어회화Ⅱ,offers,학과와 교육과정(교과목)의 관계
2466,Department,Depa049,국립한국교통대_중국어학과,Course,Cour3291,중국지리와생활,offers,학과와 교육과정(교과목)의 관계
2467,Department,Depa049,국립한국교통대_중국어학과,Course,Cour3292,실전HSKⅡ,offers,학과와 교육과정(교과목)의 관계
2468,Department,Depa049,국립한국교통대_중국어학과,Course,Cour3293,중국어강독Ⅱ,offers,학과와 교육과정(교과목)의 관계
2469,Department,Depa049,국립한국교통대_중국어학과,Course,Cour3294,중국어어법Ⅱ,offers,학과와 교육과정(교과목)의 관계
2470,Department,Depa049,국립한국교통대_중국어학과,Course,Cour3295,현대중국의이해,offers,학과와 교육과정(교과목)의 관계
2471,Department,Depa049,국립한국교통대_중국어학과,Course,Cour3296,인터넷중국어,offers,학과와 교육과정(교과목)의 관계
2472,Department,Depa049,국립한국교통대_중국어학과,Course,Cour3297,중국고전시가,offers,학과와 교육과정(교과목)의 관계
2473,Department,Depa049,국립한국교통대_중국어학과,Course,Cour3298,고급중국어강독Ⅰ,offers,학과와 교육과정(교과목)의 관계
2474,Department,Depa049,국립한국교통대_중국어학과,Course,Cour3299,실전중국어회화,offers,학과와 교육과정(교과목)의 관계
2475,Department,Depa049,국립한국교통대_중국어학과,Course,Cour3300,중국어어휘연습,offers,학과와 교육과정(교과목)의 관계
2476,Department,Depa049,국립한국교통대_중국어학과,Course,Cour3301,영상중국어,offers,학과와 교육과정(교과목)의 관계
2477,Department,Depa049,국립한국교통대_중국어학과,Course,Cour3302,중국어작문Ⅰ,offers,학과와 교육과정(교과목)의 관계
2478,Department,Depa049,국립한국교통대_중국어학과,Course,Cour3303,현대중국의정치,offers,학과와 교육과정(교과목)의 관계
2479,Department,Depa049,국립한국교통대_중국어학과,Course,Cour3304,중국어듣기연습,offers,학과와 교육과정(교과목)의 관계
2480,Department,Depa049,국립한국교통대_중국어학과,Course,Cour3305,현대중국의경제,offers,학과와 교육과정(교과목)의 관계
2481,Department,Depa049,국립한국교통대_중국어학과,Course,Cour3306,중국어고급회화,offers,학과와 교육과정(교과목)의 관계
2482,Department,Depa049,국립한국교통대_중국어학과,Course,Cour3307,고급중국어강독Ⅱ,offers,학과와 교육과정(교과목)의 관계
2483,Department,Depa049,국립한국교통대_중국어학과,Course,Cour3308,시사중국어,offers,학과와 교육과정(교과목)의 관계
2484,Department,Depa049,국립한국교통대_중국어학과,Course,Cour3309,중국현대시,offers,학과와 교육과정(교과목)의 관계
2485,Department,Depa049,국립한국교통대_중국어학과,Course,Cour3310,중국어작문Ⅱ,offers,학과와 교육과정(교과목)의 관계
2486,Department,Depa049,국립한국교통대_중국어학과,Course,Cour3311,중국학종합설계Ⅰ,offers,학과와 교육과정(교과목)의 관계
2487,Department,Depa049,국립한국교통대_중국어학과,Course,Cour3312,비즈니스중국어,offers,학과와 교육과정(교과목)의 관계
2488,Department,Depa049,국립한국교통대_중국어학과,Course,Cour3313,실용중국어회화Ⅰ,offers,학과와 교육과정(교과목)의 관계
2489,Department,Depa049,국립한국교통대_중국어학과,Course,Cour3314,중국문화특강,offers,학과와 교육과정(교과목)의 관계
2490,Department,Depa049,국립한국교통대_중국어학과,Course,Cour3315,중국소설감상,offers,학과와 교육과정(교과목)의 관계
2491,Department,Depa049,국립한국교통대_중국어학과,Course,Cour3316,교통중국어,offers,학과와 교육과정(교과목)의 관계
2492,Department,Depa049,국립한국교통대_중국어학과,Course,Cour3317,중국학종합설계Ⅱ,offers,학과와 교육과정(교과목)의 관계
2493,Department,Depa049,국립한국교통대_중국어학과,Course,Cour3318,실용중국어회화Ⅱ,offers,학과와 교육과정(교과목)의 관계
2494,Department,Depa049,국립한국교통대_중국어학과,Course,Cour3319,응용중국어,offers,학과와 교육과정(교과목)의 관계
2495,Department,Depa049,국립한국교통대_중국어학과,Course,Cour3320,중국사상의이해,offers,학과와 교육과정(교과목)의 관계
2496,Department,Depa049,국립한국교통대_중국어학과,Course,Cour3321,중국경제사,offers,학과와 교육과정(교과목)의 관계
2497,Department,Depa049,국립한국교통대_중국어학과,Course,Cour3322,중국어학특강,offers,학과와 교육과정(교과목)의 관계
2498,Department,Depa049,국립한국교통대_중국어학과,Course,Cour3323,일학습병행장기현장실습Ⅰ,offers,학과와 교육과정(교과목)의 관계
2499,Department,Depa050,한남대_중국경제통상학과,Course,Cour3459,중국어기초Ⅰ,offers,학과와 교육과정(교과목)의 관계
2500,Department,Depa050,한남대_중국경제통상학과,Course,Cour3460,초급중국어회화Ⅰ,offers,학과와 교육과정(교과목)의 관계
2501,Department,Depa050,한남대_중국경제통상학과,Course,Cour3461,중국어기초Ⅱ,offers,학과와 교육과정(교과목)의 관계
2502,Department,Depa050,한남대_중국경제통상학과,Course,Cour3462,초급중국어회화Ⅱ,offers,학과와 교육과정(교과목)의 관계
2503,Department,Depa050,한남대_중국경제통상학과,Course,Cour3463,경제학개론,offers,학과와 교육과정(교과목)의 관계
2504,Department,Depa050,한남대_중국경제통상학과,Course,Cour3464,국제통상학개론,offers,학과와 교육과정(교과목)의 관계
2505,Department,Depa050,한남대_중국경제통상학과,Course,Cour3465,경영학원론,offers,학과와 교육과정(교과목)의 관계
2506,Department,Depa050,한남대_중국경제통상학과,Course,Cour3466,비즈니스중국어Ⅰ,offers,학과와 교육과정(교과목)의 관계
2507,Department,Depa050,한남대_중국경제통상학과,Course,Cour3467,중급중국어Ⅰ,offers,학과와 교육과정(교과목)의 관계
2508,Department,Depa050,한남대_중국경제통상학과,Course,Cour3468,중국어문법,offers,학과와 교육과정(교과목)의 관계
2509,Department,Depa050,한남대_중국경제통상학과,Course,Cour3469,중국의문화,offers,학과와 교육과정(교과목)의 관계
2510,Department,Depa050,한남대_중국경제통상학과,Course,Cour3470,비즈니스중국어Ⅱ,offers,학과와 교육과정(교과목)의 관계
2511,Department,Depa050,한남대_중국경제통상학과,Course,Cour3471,중급중국어Ⅱ,offers,학과와 교육과정(교과목)의 관계
2512,Department,Depa050,한남대_중국경제통상학과,Course,Cour3472,중국어학개론,offers,학과와 교육과정(교과목)의 관계
2513,Department,Depa050,한남대_중국경제통상학과,Course,Cour3473,중국의사회,offers,학과와 교육과정(교과목)의 관계
2514,Department,Depa050,한남대_중국경제통상학과,Course,Cour3474,중국어교과교육론,offers,학과와 교육과정(교과목)의 관계
2515,Department,Depa050,한남대_중국경제통상학과,Course,Cour3475,고급중국어Ⅰ,offers,학과와 교육과정(교과목)의 관계
2516,Department,Depa050,한남대_중국경제통상학과,Course,Cour3476,고급중국어Ⅱ,offers,학과와 교육과정(교과목)의 관계
2517,Department,Depa050,한남대_중국경제통상학과,Course,Cour3477,미시경제학,offers,학과와 교육과정(교과목)의 관계
2518,Department,Depa050,한남대_중국경제통상학과,Course,Cour3478,중국경제입문,offers,학과와 교육과정(교과목)의 관계
2519,Department,Depa050,한남대_중국경제통상학과,Course,Cour3479,중국시장분석,offers,학과와 교육과정(교과목)의 관계
2520,Department,Depa050,한남대_중국경제통상학과,Course,Cour3480,거시경제학,offers,학과와 교육과정(교과목)의 관계
2521,Department,Depa050,한남대_중국경제통상학과,Course,Cour3481,중국경제개혁연구,offers,학과와 교육과정(교과목)의 관계
2522,Department,Depa050,한남대_중국경제통상학과,Course,Cour3482,국제통상실무Ⅰ,offers,학과와 교육과정(교과목)의 관계
2523,Department,Depa050,한남대_중국경제통상학과,Course,Cour3483,국제통상실무Ⅱ,offers,학과와 교육과정(교과목)의 관계
2524,Department,Depa050,한남대_중국경제통상학과,Course,Cour3484,국제통상론,offers,학과와 교육과정(교과목)의 관계
2525,Department,Depa050,한남대_중국경제통상학과,Course,Cour3485,국제경영학,offers,학과와 교육과정(교과목)의 관계
2526,Department,Depa050,한남대_중국경제통상학과,Course,Cour3486,중국기업가정신과창업Ⅰ,offers,학과와 교육과정(교과목)의 관계
2527,Department,Depa050,한남대_중국경제통상학과,Course,Cour3487,국제마케팅론,offers,학과와 교육과정(교과목)의 관계
2528,Department,Depa050,한남대_중국경제통상학과,Course,Cour3488,중국기업가정신과창업Ⅱ,offers,학과와 교육과정(교과목)의 관계
2529,Department,Depa050,한남대_중국경제통상학과,Course,Cour3489,중국통상캡스톤디자인,offers,학과와 교육과정(교과목)의 관계
2530,Department,Depa050,한남대_중국경제통상학과,Course,Cour3490,중국어교과교재연구및지도법,offers,학과와 교육과정(교과목)의 관계
2531,Department,Depa050,한남대_중국경제통상학과,Course,Cour3491,중국어교과논리및논술,offers,학과와 교육과정(교과목)의 관계
2532,Department,Depa050,한남대_중국경제통상학과,Course,Cour3492,고급중국어작문,offers,학과와 교육과정(교과목)의 관계
2533,Department,Depa050,한남대_중국경제통상학과,Course,Cour3493,중국대외경제관계론,offers,학과와 교육과정(교과목)의 관계
2534,Department,Depa050,한남대_중국경제통상학과,Course,Cour3494,중국금융시장론,offers,학과와 교육과정(교과목)의 관계
2535,Department,Depa050,한남대_중국경제통상학과,Course,Cour3495,중국산업론,offers,학과와 교육과정(교과목)의 관계
2536,Department,Depa050,한남대_중국경제통상학과,Course,Cour3496,중국학세미나,offers,학과와 교육과정(교과목)의 관계
2537,Department,Depa050,한남대_중국경제통상학과,Course,Cour3497,중국데이터통계,offers,학과와 교육과정(교과목)의 관계
2538,Department,Depa050,한남대_중국경제통상학과,Course,Cour3498,중국경제통상실무,offers,학과와 교육과정(교과목)의 관계
2539,Department,Depa050,한남대_중국경제통상학과,Course,Cour3499,국제경영전략,offers,학과와 교육과정(교과목)의 관계
2540,Department,Depa050,한남대_중국경제통상학과,Course,Cour3500,중국유통시장론,offers,학과와 교육과정(교과목)의 관계
2541,Department,Depa050,한남대_중국경제통상학과,Course,Cour3501,중국어마케팅기획캡스톤디자인,offers,학과와 교육과정(교과목)의 관계
2542,Department,Depa051,한림대_중국학과,Course,Cour3502,초급중국어연습Ⅰ,offers,학과와 교육과정(교과목)의 관계
2543,Department,Depa051,한림대_중국학과,Course,Cour3503,중국개황,offers,학과와 교육과정(교과목)의 관계
2544,Department,Depa051,한림대_중국학과,Course,Cour3504,동양문화와시각텍스트,offers,학과와 교육과정(교과목)의 관계
2545,Department,Depa051,한림대_중국학과,Course,Cour3505,초급중국어연습Ⅱ,offers,학과와 교육과정(교과목)의 관계
2546,Department,Depa051,한림대_중국학과,Course,Cour3506,중국어초급회화Ⅰ,offers,학과와 교육과정(교과목)의 관계
2547,Department,Depa051,한림대_중국학과,Course,Cour3507,한중경제통상입문,offers,학과와 교육과정(교과목)의 관계
2548,Department,Depa051,한림대_중국학과,Course,Cour3508,사자성어로배우는중국의역사문화,offers,학과와 교육과정(교과목)의 관계
2549,Department,Depa051,한림대_중국학과,Course,Cour3509,중국문화강독,offers,학과와 교육과정(교과목)의 관계
2550,Department,Depa051,한림대_중국학과,Course,Cour3510,중국어초급회화Ⅱ,offers,학과와 교육과정(교과목)의 관계
2551,Department,Depa051,한림대_중국학과,Course,Cour3511,중급중국어연습Ⅰ,offers,학과와 교육과정(교과목)의 관계
2552,Department,Depa051,한림대_중국학과,Course,Cour3512,중국근현대사,offers,학과와 교육과정(교과목)의 관계
2553,Department,Depa051,한림대_중국학과,Course,Cour3513,중국어중급회화Ⅰ,offers,학과와 교육과정(교과목)의 관계
2554,Department,Depa051,한림대_중국학과,Course,Cour3514,한중경제통상이슈,offers,학과와 교육과정(교과목)의 관계
2555,Department,Depa051,한림대_중국학과,Course,Cour3515,중급중국어연습Ⅱ,offers,학과와 교육과정(교과목)의 관계
2556,Department,Depa051,한림대_중국학과,Course,Cour3516,중국어중급회화Ⅱ,offers,학과와 교육과정(교과목)의 관계
2557,Department,Depa051,한림대_중국학과,Course,Cour3517,중국어문법및작문Ⅰ,offers,학과와 교육과정(교과목)의 관계
2558,Department,Depa051,한림대_중국학과,Course,Cour3518,중국지역연구,offers,학과와 교육과정(교과목)의 관계
2559,Department,Depa051,한림대_중국학과,Course,Cour3519,중국정치사회연구,offers,학과와 교육과정(교과목)의 관계
2560,Department,Depa051,한림대_중국학과,Course,Cour3520,중국경제론,offers,학과와 교육과정(교과목)의 관계
2561,Department,Depa051,한림대_중국학과,Course,Cour3521,한중비지니스론,offers,학과와 교육과정(교과목)의 관계
2562,Department,Depa051,한림대_중국학과,Course,Cour3522,동아시아영화와평론,offers,학과와 교육과정(교과목)의 관계
2563,Department,Depa051,한림대_중국학과,Course,Cour3523,오디세이세미나Ⅲ,offers,학과와 교육과정(교과목)의 관계
2564,Department,Depa051,한림대_중국학과,Course,Cour3524,중국어시사토론,offers,학과와 교육과정(교과목)의 관계
2565,Department,Depa051,한림대_중국학과,Course,Cour3525,중국어문법및작문Ⅱ,offers,학과와 교육과정(교과목)의 관계
2566,Department,Depa051,한림대_중국학과,Course,Cour3526,중국문학사,offers,학과와 교육과정(교과목)의 관계
2567,Department,Depa051,한림대_중국학과,Course,Cour3527,한중사회문화비교론,offers,학과와 교육과정(교과목)의 관계
2568,Department,Depa051,한림대_중국학과,Course,Cour3528,현대중국대중매체론,offers,학과와 교육과정(교과목)의 관계
2569,Department,Depa051,한림대_중국학과,Course,Cour3529,멀티모달AI중국어,offers,학과와 교육과정(교과목)의 관계
2570,Department,Depa051,한림대_중국학과,Course,Cour3530,옛사람의중국여행,offers,학과와 교육과정(교과목)의 관계
2571,Department,Depa051,한림대_중국학과,Course,Cour3531,오디세이세미나Ⅲ,offers,학과와 교육과정(교과목)의 관계
2572,Department,Depa051,한림대_중국학과,Course,Cour3532,HSK중국어,offers,학과와 교육과정(교과목)의 관계
2573,Department,Depa051,한림대_중국학과,Course,Cour3533,한중시장분석,offers,학과와 교육과정(교과목)의 관계
2574,Department,Depa051,한림대_중국학과,Course,Cour3534,중국어프리젠테이션연습,offers,학과와 교육과정(교과목)의 관계
2575,Department,Depa051,한림대_중국학과,Course,Cour3535,중국지역학이슈세미나,offers,학과와 교육과정(교과목)의 관계
2576,Department,Depa051,한림대_중국학과,Course,Cour3536,오디세이세미나Ⅳ,offers,학과와 교육과정(교과목)의 관계
2577,Department,Depa051,한림대_중국학과,Course,Cour3537,중국고전의이해,offers,학과와 교육과정(교과목)의 관계
2578,Department,Depa051,한림대_중국학과,Course,Cour3538,한중포트폴리오분석,offers,학과와 교육과정(교과목)의 관계
2579,Department,Depa051,한림대_중국학과,Course,Cour3539,중국옛문인들의삶과예술,offers,학과와 교육과정(교과목)의 관계
2580,Department,Depa051,한림대_중국학과,Course,Cour3540,현대중국어학개론,offers,학과와 교육과정(교과목)의 관계
2581,Department,Depa051,한림대_중국학과,Course,Cour3541,중국어교육론,offers,학과와 교육과정(교과목)의 관계
2582,Department,Depa051,한림대_중국학과,Course,Cour3542,중국어논술교육,offers,학과와 교육과정(교과목)의 관계
2583,Department,Depa051,한림대_중국학과,Course,Cour3543,오디세이세미나Ⅳ,offers,학과와 교육과정(교과목)의 관계
2584,Department,Depa016,국립한밭대_중국어과,Course,Cour3544,진로설계Ⅰ(자기이해와대학생활),offers,학과와 교육과정(교과목)의 관계
2585,Department,Depa016,국립한밭대_중국어과,Course,Cour3545,초급중국어강독Ⅰ,offers,학과와 교육과정(교과목)의 관계
2586,Department,Depa016,국립한밭대_중국어과,Course,Cour3546,초급중국어회화Ⅰ,offers,학과와 교육과정(교과목)의 관계
2587,Department,Depa016,국립한밭대_중국어과,Course,Cour3547,초급중국어듣기와쓰기,offers,학과와 교육과정(교과목)의 관계
2588,Department,Depa016,국립한밭대_중국어과,Course,Cour3548,초급중국어강독Ⅱ,offers,학과와 교육과정(교과목)의 관계
2589,Department,Depa016,국립한밭대_중국어과,Course,Cour3549,초급중국어회화Ⅱ,offers,학과와 교육과정(교과목)의 관계
2590,Department,Depa016,국립한밭대_중국어과,Course,Cour3550,초급중국어문법,offers,학과와 교육과정(교과목)의 관계
2591,Department,Depa016,국립한밭대_중국어과,Course,Cour3551,진로설계Ⅱ(진로탐색과자기계발),offers,학과와 교육과정(교과목)의 관계
2592,Department,Depa016,국립한밭대_중국어과,Course,Cour3552,중급중국어강독Ⅰ,offers,학과와 교육과정(교과목)의 관계
2593,Department,Depa016,국립한밭대_중국어과,Course,Cour3553,중급중국어회화Ⅰ,offers,학과와 교육과정(교과목)의 관계
2594,Department,Depa016,국립한밭대_중국어과,Course,Cour3554,중국어학개론Ⅰ-언어학기초,offers,학과와 교육과정(교과목)의 관계
2595,Department,Depa016,국립한밭대_중국어과,Course,Cour3555,한문강독Ⅰ,offers,학과와 교육과정(교과목)의 관계
2596,Department,Depa016,국립한밭대_중국어과,Course,Cour3556,중국의사회와문화Ⅰ,offers,학과와 교육과정(교과목)의 관계
2597,Department,Depa016,국립한밭대_중국어과,Course,Cour3557,스토리텔링중국어Ⅰ,offers,학과와 교육과정(교과목)의 관계
2598,Department,Depa016,국립한밭대_중국어과,Course,Cour3558,중급중국어강독Ⅱ,offers,학과와 교육과정(교과목)의 관계
2599,Department,Depa016,국립한밭대_중국어과,Course,Cour3559,중급중국어회화Ⅱ,offers,학과와 교육과정(교과목)의 관계
2600,Department,Depa016,국립한밭대_중국어과,Course,Cour3560,중국어학개론Ⅱ-음성학,offers,학과와 교육과정(교과목)의 관계
2601,Department,Depa016,국립한밭대_중국어과,Course,Cour3561,한문강독Ⅱ,offers,학과와 교육과정(교과목)의 관계
2602,Department,Depa016,국립한밭대_중국어과,Course,Cour3562,중국의사회와문화Ⅱ,offers,학과와 교육과정(교과목)의 관계
2603,Department,Depa016,국립한밭대_중국어과,Course,Cour3563,스토리텔링중국어Ⅱ,offers,학과와 교육과정(교과목)의 관계
2604,Department,Depa016,국립한밭대_중국어과,Course,Cour3564,진로설계Ⅲ(진로설정과경력개발),offers,학과와 교육과정(교과목)의 관계
2605,Department,Depa016,국립한밭대_중국어과,Course,Cour3565,고급중국어강독Ⅰ,offers,학과와 교육과정(교과목)의 관계
2606,Department,Depa016,국립한밭대_중국어과,Course,Cour3566,고급중국어회화Ⅰ,offers,학과와 교육과정(교과목)의 관계
2607,Department,Depa016,국립한밭대_중국어과,Course,Cour3567,중국어문법Ⅰ,offers,학과와 교육과정(교과목)의 관계
2608,Department,Depa016,국립한밭대_중국어과,Course,Cour3568,중국문학개론Ⅰ,offers,학과와 교육과정(교과목)의 관계
2609,Department,Depa016,국립한밭대_중국어과,Course,Cour3569,캡스톤디자인(중국문화)Ⅰ,offers,학과와 교육과정(교과목)의 관계
2610,Department,Depa016,국립한밭대_중국어과,Course,Cour3570,중국과세계의영화와소설,offers,학과와 교육과정(교과목)의 관계
2611,Department,Depa016,국립한밭대_중국어과,Course,Cour3571,스토리텔링중국어Ⅲ,offers,학과와 교육과정(교과목)의 관계
2612,Department,Depa016,국립한밭대_중국어과,Course,Cour3572,고급중국어강독Ⅱ,offers,학과와 교육과정(교과목)의 관계
2613,Department,Depa016,국립한밭대_중국어과,Course,Cour3573,고급중국어회화Ⅱ,offers,학과와 교육과정(교과목)의 관계
2614,Department,Depa016,국립한밭대_중국어과,Course,Cour3574,중국어문법Ⅱ,offers,학과와 교육과정(교과목)의 관계
2615,Department,Depa016,국립한밭대_중국어과,Course,Cour3575,현대중국의이해,offers,학과와 교육과정(교과목)의 관계
2616,Department,Depa016,국립한밭대_중국어과,Course,Cour3576,캡스톤디자인(중국문화)Ⅱ,offers,학과와 교육과정(교과목)의 관계
2617,Department,Depa016,국립한밭대_중국어과,Course,Cour3577,스토리텔링중국어Ⅳ,offers,학과와 교육과정(교과목)의 관계
2618,Department,Depa016,국립한밭대_중국어과,Course,Cour3578,진로설계Ⅳ(취업역량과실전취업),offers,학과와 교육과정(교과목)의 관계
2619,Department,Depa016,국립한밭대_중국어과,Course,Cour3579,졸업과진로지도,offers,학과와 교육과정(교과목)의 관계
2620,Department,Depa016,국립한밭대_중국어과,Course,Cour3580,현장실습과연수Ⅰ,offers,학과와 교육과정(교과목)의 관계
2621,Department,Depa016,국립한밭대_중국어과,Course,Cour3581,현장실습과연수Ⅱ,offers,학과와 교육과정(교과목)의 관계
2622,Department,Depa016,국립한밭대_중국어과,Course,Cour3582,현장실습과연수Ⅲ,offers,학과와 교육과정(교과목)의 관계
2623,Department,Depa016,국립한밭대_중국어과,Course,Cour3583,현장실습과연수Ⅳ,offers,학과와 교육과정(교과목)의 관계
2624,Department,Depa016,국립한밭대_중국어과,Course,Cour3584,시사중국어,offers,학과와 교육과정(교과목)의 관계
2625,Department,Depa016,국립한밭대_중국어과,Course,Cour3585,중국어작문Ⅰ,offers,학과와 교육과정(교과목)의 관계
2626,Department,Depa016,국립한밭대_중국어과,Course,Cour3586,"중국문학작품감상Ⅰ-시가,비평",offers,학과와 교육과정(교과목)의 관계
2627,Department,Depa016,국립한밭대_중국어과,Course,Cour3587,연강중국어,offers,학과와 교육과정(교과목)의 관계
2628,Department,Depa016,국립한밭대_중국어과,Course,Cour3588,고전산문깊이읽기,offers,학과와 교육과정(교과목)의 관계
2629,Department,Depa016,국립한밭대_중국어과,Course,Cour3589,중국문학개론Ⅱ,offers,학과와 교육과정(교과목)의 관계
2630,Department,Depa016,국립한밭대_중국어과,Course,Cour3590,중국어교과교재연구법,offers,학과와 교육과정(교과목)의 관계
2631,Department,Depa016,국립한밭대_중국어과,Course,Cour3591,중국명작의현대적이해,offers,학과와 교육과정(교과목)의 관계
2632,Department,Depa016,국립한밭대_중국어과,Course,Cour3592,중국어교과논리및논술,offers,학과와 교육과정(교과목)의 관계
2633,Department,Depa016,국립한밭대_중국어과,Course,Cour3593,실전중국어회화Ⅰ,offers,학과와 교육과정(교과목)의 관계
2634,Department,Depa016,국립한밭대_중국어과,Course,Cour3594,중국어통역과번역,offers,학과와 교육과정(교과목)의 관계
2635,Department,Depa016,국립한밭대_중국어과,Course,Cour3595,여행과중국문학,offers,학과와 교육과정(교과목)의 관계
2636,Department,Depa016,국립한밭대_중국어과,Course,Cour3596,비즈니스중국어Ⅰ,offers,학과와 교육과정(교과목)의 관계
2637,Department,Depa016,국립한밭대_중국어과,Course,Cour3597,실전중국어회화Ⅱ,offers,학과와 교육과정(교과목)의 관계
2638,Department,Depa016,국립한밭대_중국어과,Course,Cour3598,중국어작문Ⅱ,offers,학과와 교육과정(교과목)의 관계
2639,Department,Depa016,국립한밭대_중국어과,Course,Cour3599,"중국문학작품감상Ⅱ-소설,희곡",offers,학과와 교육과정(교과목)의 관계
2640,Department,Depa016,국립한밭대_중국어과,Course,Cour3600,중국어교과교육론,offers,학과와 교육과정(교과목)의 관계
2641,Department,Depa016,국립한밭대_중국어과,Course,Cour3601,비즈니스중국어Ⅱ,offers,학과와 교육과정(교과목)의 관계
2642,Department,Depa052,한서대_항공외국어학과,Course,Cour3602,초급항공영어Ⅰ,offers,학과와 교육과정(교과목)의 관계
2643,Department,Depa052,한서대_항공외국어학과,Course,Cour3603,초급항공중국어Ⅰ,offers,학과와 교육과정(교과목)의 관계
2644,Department,Depa052,한서대_항공외국어학과,Course,Cour3604,초급항공일본어Ⅰ,offers,학과와 교육과정(교과목)의 관계
2645,Department,Depa052,한서대_항공외국어학과,Course,Cour3605,글로벌문화Ⅰ,offers,학과와 교육과정(교과목)의 관계
2646,Department,Depa052,한서대_항공외국어학과,Course,Cour3606,중급항공영어Ⅰ,offers,학과와 교육과정(교과목)의 관계
2647,Department,Depa052,한서대_항공외국어학과,Course,Cour3607,중급항공중국어Ⅰ,offers,학과와 교육과정(교과목)의 관계
2648,Department,Depa052,한서대_항공외국어학과,Course,Cour3608,중급항공일본어Ⅰ,offers,학과와 교육과정(교과목)의 관계
2649,Department,Depa052,한서대_항공외국어학과,Course,Cour3609,중국어커뮤니케이션Ⅰ,offers,학과와 교육과정(교과목)의 관계
2650,Department,Depa052,한서대_항공외국어학과,Course,Cour3610,일본어커뮤니케이션Ⅰ,offers,학과와 교육과정(교과목)의 관계
2651,Department,Depa052,한서대_항공외국어학과,Course,Cour3611,중급항공영어Ⅱ,offers,학과와 교육과정(교과목)의 관계
2652,Department,Depa052,한서대_항공외국어학과,Course,Cour3612,중급항공중국어Ⅱ,offers,학과와 교육과정(교과목)의 관계
2653,Department,Depa052,한서대_항공외국어학과,Course,Cour3613,중급항공일본어Ⅱ,offers,학과와 교육과정(교과목)의 관계
2654,Department,Depa052,한서대_항공외국어학과,Course,Cour3614,중국어커뮤니케이션Ⅱ,offers,학과와 교육과정(교과목)의 관계
2655,Department,Depa052,한서대_항공외국어학과,Course,Cour3615,일본어커뮤니케이션Ⅱ,offers,학과와 교육과정(교과목)의 관계
2656,Department,Depa053,한세대_중국어학과,Course,Cour3616,중국어전공진로탐색세미나,offers,학과와 교육과정(교과목)의 관계
2657,Department,Depa053,한세대_중국어학과,Course,Cour3617,왕초보중국어,offers,학과와 교육과정(교과목)의 관계
2658,Department,Depa053,한세대_중국어학과,Course,Cour3618,기초중국어회화Ⅰ,offers,학과와 교육과정(교과목)의 관계
2659,Department,Depa053,한세대_중국어학과,Course,Cour3619,기초중국어회화Ⅱ,offers,학과와 교육과정(교과목)의 관계
2660,Department,Depa053,한세대_중국어학과,Course,Cour3620,테마로배우는중국문화Ⅰ,offers,학과와 교육과정(교과목)의 관계
2661,Department,Depa053,한세대_중국어학과,Course,Cour3621,생활중국어회화,offers,학과와 교육과정(교과목)의 관계
2662,Department,Depa053,한세대_중국어학과,Course,Cour3622,여행중국어회화,offers,학과와 교육과정(교과목)의 관계
2663,Department,Depa053,한세대_중국어학과,Course,Cour3623,초급중국어,offers,학과와 교육과정(교과목)의 관계
2664,Department,Depa053,한세대_중국어학과,Course,Cour3624,중급중국어회화Ⅰ,offers,학과와 교육과정(교과목)의 관계
2665,Department,Depa053,한세대_중국어학과,Course,Cour3625,중국교과서강독,offers,학과와 교육과정(교과목)의 관계
2666,Department,Depa053,한세대_중국어학과,Course,Cour3626,실용중국어작문,offers,학과와 교육과정(교과목)의 관계
2667,Department,Depa053,한세대_중국어학과,Course,Cour3627,HSK전문가Ⅰ,offers,학과와 교육과정(교과목)의 관계
2668,Department,Depa053,한세대_중국어학과,Course,Cour3628,실용중국어회화,offers,학과와 교육과정(교과목)의 관계
2669,Department,Depa053,한세대_중국어학과,Course,Cour3629,중국문학작품강독,offers,학과와 교육과정(교과목)의 관계
2670,Department,Depa053,한세대_중국어학과,Course,Cour3630,중국비즈니스와문화의이해,offers,학과와 교육과정(교과목)의 관계
2671,Department,Depa053,한세대_중국어학과,Course,Cour3631,HSK전문가Ⅱ,offers,학과와 교육과정(교과목)의 관계
2672,Department,Depa053,한세대_중국어학과,Course,Cour3632,스토리텔링중국어,offers,학과와 교육과정(교과목)의 관계
2673,Department,Depa053,한세대_중국어학과,Course,Cour3633,역사와문화로이해하는중국성(省)과도시,offers,학과와 교육과정(교과목)의 관계
2674,Department,Depa053,한세대_중국어학과,Course,Cour3634,뉴스로이해하는중국시사,offers,학과와 교육과정(교과목)의 관계
2675,Department,Depa053,한세대_중국어학과,Course,Cour3635,HSK특강Ⅰ,offers,학과와 교육과정(교과목)의 관계
2676,Department,Depa053,한세대_중국어학과,Course,Cour3636,드라마로배우는중국어,offers,학과와 교육과정(교과목)의 관계
2677,Department,Depa053,한세대_중국어학과,Course,Cour3637,산학연계형캡스톤디자인,offers,학과와 교육과정(교과목)의 관계
2678,Department,Depa053,한세대_중국어학과,Course,Cour3638,중국4차산업의이해,offers,학과와 교육과정(교과목)의 관계
2679,Department,Depa053,한세대_중국어학과,Course,Cour3639,G2역사와문화Ⅱ,offers,학과와 교육과정(교과목)의 관계
2680,Department,Depa053,한세대_중국어학과,Course,Cour3640,HSK특강Ⅱ,offers,학과와 교육과정(교과목)의 관계
2681,Department,Depa053,한세대_중국어학과,Course,Cour3641,영상으로배우는중국어회화Ⅰ,offers,학과와 교육과정(교과목)의 관계
2682,Department,Depa053,한세대_중국어학과,Course,Cour3642,중국언론속4차산업동향,offers,학과와 교육과정(교과목)의 관계
2683,Department,Depa053,한세대_중국어학과,Course,Cour3643,글로벌외국어캡스톤디자인,offers,학과와 교육과정(교과목)의 관계
2684,Department,Depa053,한세대_중국어학과,Course,Cour3644,HSK전문가Ⅲ,offers,학과와 교육과정(교과목)의 관계
2685,Department,Depa053,한세대_중국어학과,Course,Cour3645,프리젠테이션중국어,offers,학과와 교육과정(교과목)의 관계
2686,Department,Depa053,한세대_중국어학과,Course,Cour3646,영화로이해하는중국근현대사,offers,학과와 교육과정(교과목)의 관계
2687,Department,Depa053,한세대_중국어학과,Course,Cour3647,중국경제신문읽기,offers,학과와 교육과정(교과목)의 관계
2688,Department,Depa053,한세대_중국어학과,Course,Cour3648,HSK특강Ⅲ,offers,학과와 교육과정(교과목)의 관계
2689,Department,Depa055,한신대_동아시아통상학,Course,Cour3753,동아시아경제입문,offers,학과와 교육과정(교과목)의 관계
2690,Department,Depa055,한신대_동아시아통상학,Course,Cour3754,중국어회화,offers,학과와 교육과정(교과목)의 관계
2691,Department,Depa055,한신대_동아시아통상학,Course,Cour3755,동아시아연구워크숍Ⅰ,offers,학과와 교육과정(교과목)의 관계
2692,Department,Depa055,한신대_동아시아통상학,Course,Cour3756,동아시아연구워크숍Ⅱ,offers,학과와 교육과정(교과목)의 관계
2693,Department,Depa055,한신대_동아시아통상학,Course,Cour3757,동아시아연구워크숍Ⅲ,offers,학과와 교육과정(교과목)의 관계
2694,Department,Depa055,한신대_동아시아통상학,Course,Cour3758,동아시아연구워크숍Ⅳ,offers,학과와 교육과정(교과목)의 관계
2695,Department,Depa055,한신대_동아시아통상학,Course,Cour3759,동아시아국제비교,offers,학과와 교육과정(교과목)의 관계
2696,Department,Depa055,한신대_동아시아통상학,Course,Cour3760,중국현지연구및실습Ⅰ,offers,학과와 교육과정(교과목)의 관계
2697,Department,Depa055,한신대_동아시아통상학,Course,Cour3761,대만현지연구및실습Ⅰ,offers,학과와 교육과정(교과목)의 관계
2698,Department,Depa055,한신대_동아시아통상학,Course,Cour3762,동아시아문화개론,offers,학과와 교육과정(교과목)의 관계
2699,Department,Depa055,한신대_동아시아통상학,Course,Cour3763,동아시아국제관계,offers,학과와 교육과정(교과목)의 관계
2700,Department,Depa055,한신대_동아시아통상학,Course,Cour3764,세계문명과음식경제,offers,학과와 교육과정(교과목)의 관계
2701,Department,Depa055,한신대_동아시아통상학,Course,Cour3765,동아시아경제지리,offers,학과와 교육과정(교과목)의 관계
2702,Department,Depa055,한신대_동아시아통상학,Course,Cour3766,세계경제와중국경제개론,offers,학과와 교육과정(교과목)의 관계
2703,Department,Depa055,한신대_동아시아통상학,Course,Cour3767,동아시아사회개론,offers,학과와 교육과정(교과목)의 관계
2704,Department,Depa055,한신대_동아시아통상학,Course,Cour3768,현대동아시아인물탐구,offers,학과와 교육과정(교과목)의 관계
2705,Department,Depa055,한신대_동아시아통상학,Course,Cour3769,콘텐츠비즈니스중국어,offers,학과와 교육과정(교과목)의 관계
2706,Department,Depa055,한신대_동아시아통상학,Course,Cour3770,대만사회와문화,offers,학과와 교육과정(교과목)의 관계
2707,Department,Depa055,한신대_동아시아통상학,Course,Cour3771,중국현지연구및실습Ⅱ,offers,학과와 교육과정(교과목)의 관계
2708,Department,Depa055,한신대_동아시아통상학,Course,Cour3772,대만현지연구및실습Ⅱ,offers,학과와 교육과정(교과목)의 관계
2709,Department,Depa055,한신대_동아시아통상학,Course,Cour3773,국제통상이슈,offers,학과와 교육과정(교과목)의 관계
2710,Department,Depa055,한신대_동아시아통상학,Course,Cour3774,무역통상규범,offers,학과와 교육과정(교과목)의 관계
2711,Department,Depa055,한신대_동아시아통상학,Course,Cour3775,중국시장의이해,offers,학과와 교육과정(교과목)의 관계
2712,Department,Depa055,한신대_동아시아통상학,Course,Cour3776,글로벌경제의역사외리더십,offers,학과와 교육과정(교과목)의 관계
2713,Department,Depa055,한신대_동아시아통상학,Course,Cour3777,무역통상영어,offers,학과와 교육과정(교과목)의 관계
2714,Department,Depa055,한신대_동아시아통상학,Course,Cour3778,한류브랜드전략,offers,학과와 교육과정(교과목)의 관계
2715,Department,Depa055,한신대_동아시아통상학,Course,Cour3779,미디어중국어Ⅰ,offers,학과와 교육과정(교과목)의 관계
2716,Department,Depa055,한신대_동아시아통상학,Course,Cour3780,혁신경제리더쉽,offers,학과와 교육과정(교과목)의 관계
2717,Department,Depa055,한신대_동아시아통상학,Course,Cour3781,K-컬처트렌드이해,offers,학과와 교육과정(교과목)의 관계
2718,Department,Depa055,한신대_동아시아통상학,Course,Cour3782,동아시아소비트렌드분석,offers,학과와 교육과정(교과목)의 관계
2719,Department,Depa055,한신대_동아시아통상학,Course,Cour3783,동아시아글로벌기업탐구,offers,학과와 교육과정(교과목)의 관계
2720,Department,Depa055,한신대_동아시아통상학,Course,Cour3784,통상중국어Ⅰ,offers,학과와 교육과정(교과목)의 관계
2721,Department,Depa055,한신대_동아시아통상학,Course,Cour3785,IPP(장기현장실습)Ⅰ,offers,학과와 교육과정(교과목)의 관계
2722,Department,Depa055,한신대_동아시아통상학,Course,Cour3786,IPP(장기현장실습)Ⅲ,offers,학과와 교육과정(교과목)의 관계
2723,Department,Depa055,한신대_동아시아통상학,Course,Cour3787,IPP(장기현장실습)Ⅳ,offers,학과와 교육과정(교과목)의 관계
2724,Department,Depa055,한신대_동아시아통상학,Course,Cour3788,동아시아시사이슈분석,offers,학과와 교육과정(교과목)의 관계
2725,Department,Depa055,한신대_동아시아통상학,Course,Cour3789,동아시아통상환경론,offers,학과와 교육과정(교과목)의 관계
2726,Department,Depa055,한신대_동아시아통상학,Course,Cour3790,중화권문화론,offers,학과와 교육과정(교과목)의 관계
2727,Department,Depa055,한신대_동아시아통상학,Course,Cour3791,경제통상이론과실무,offers,학과와 교육과정(교과목)의 관계
2728,Department,Depa055,한신대_동아시아통상학,Course,Cour3792,한중일부동산경제의이해,offers,학과와 교육과정(교과목)의 관계
2729,Department,Depa055,한신대_동아시아통상학,Course,Cour3793,동남아와인도의이해,offers,학과와 교육과정(교과목)의 관계
2730,Department,Depa055,한신대_동아시아통상학,Course,Cour3794,동아시아전쟁과평화,offers,학과와 교육과정(교과목)의 관계
2731,Department,Depa055,한신대_동아시아통상학,Course,Cour3795,한중일음식콘텐츠산업,offers,학과와 교육과정(교과목)의 관계
2732,Department,Depa055,한신대_동아시아통상학,Course,Cour3796,한류와문화산업,offers,학과와 교육과정(교과목)의 관계
2733,Department,Depa055,한신대_동아시아통상학,Course,Cour3797,동아시아도시탐구,offers,학과와 교육과정(교과목)의 관계
2734,Department,Depa055,한신대_동아시아통상학,Course,Cour3798,미디어중국어Ⅱ,offers,학과와 교육과정(교과목)의 관계
2735,Department,Depa055,한신대_동아시아통상학,Course,Cour3799,통상중국어Ⅱ,offers,학과와 교육과정(교과목)의 관계
2736,Department,Depa055,한신대_동아시아통상학,Course,Cour3800,IPP(장기현장실습)Ⅰ,offers,학과와 교육과정(교과목)의 관계
2737,Department,Depa055,한신대_동아시아통상학,Course,Cour3801,IPP(장기현장실습)Ⅲ,offers,학과와 교육과정(교과목)의 관계
2738,Department,Depa055,한신대_동아시아통상학,Course,Cour3802,IPP(장기현장실습)Ⅳ,offers,학과와 교육과정(교과목)의 관계
2739,Department,Depa055,한신대_동아시아통상학,Course,Cour3803,한중일문화교류사,offers,학과와 교육과정(교과목)의 관계
2740,Department,Depa055,한신대_동아시아통상학,Course,Cour3804,영화와현대동아시아,offers,학과와 교육과정(교과목)의 관계
2741,Department,Depa055,한신대_동아시아통상학,Course,Cour3805,동아시아와세계,offers,학과와 교육과정(교과목)의 관계
2742,Department,Depa055,한신대_동아시아통상학,Course,Cour3806,졸업논문,offers,학과와 교육과정(교과목)의 관계
2743,Department,Depa055,한신대_동아시아통상학,Course,Cour3807,현장실무실습Ⅰ,offers,학과와 교육과정(교과목)의 관계
2744,Department,Depa055,한신대_동아시아통상학,Course,Cour3808,IPP(장기현장실습)Ⅱ,offers,학과와 교육과정(교과목)의 관계
2745,Department,Depa055,한신대_동아시아통상학,Course,Cour3809,IPP(장기현장실습)Ⅴ,offers,학과와 교육과정(교과목)의 관계
2746,Department,Depa055,한신대_동아시아통상학,Course,Cour3810,졸업논문,offers,학과와 교육과정(교과목)의 관계
2747,Department,Depa055,한신대_동아시아통상학,Course,Cour3811,현장실무실습Ⅱ,offers,학과와 교육과정(교과목)의 관계
2748,Department,Depa055,한신대_동아시아통상학,Course,Cour3812,IPP(장기현장실습)Ⅱ,offers,학과와 교육과정(교과목)의 관계
2749,Department,Depa055,한신대_동아시아통상학,Course,Cour3813,IPP(장기현장실습)Ⅴ,offers,학과와 교육과정(교과목)의 관계
2750,Department,Depa056,한양대_중어중문학과,Course,Cour3814,커리어개발Ⅰ:취.창업진로로드맵,offers,학과와 교육과정(교과목)의 관계
2751,Department,Depa056,한양대_중어중문학과,Course,Cour3815,문화기술인간,offers,학과와 교육과정(교과목)의 관계
2752,Department,Depa056,한양대_중어중문학과,Course,Cour3816,창의적컴퓨팅,offers,학과와 교육과정(교과목)의 관계
2753,Department,Depa056,한양대_중어중문학과,Course,Cour3817,중국의역사와사상,offers,학과와 교육과정(교과목)의 관계
2754,Department,Depa056,한양대_중어중문학과,Course,Cour3818,한자한문의이해,offers,학과와 교육과정(교과목)의 관계
2755,Department,Depa056,한양대_중어중문학과,Course,Cour3819,중국어입문,offers,학과와 교육과정(교과목)의 관계
2756,Department,Depa056,한양대_중어중문학과,Course,Cour3820,통합사고와읽기의기술,offers,학과와 교육과정(교과목)의 관계
2757,Department,Depa056,한양대_중어중문학과,Course,Cour3821,말과글,offers,학과와 교육과정(교과목)의 관계
2758,Department,Depa056,한양대_중어중문학과,Course,Cour3822,중국어음성학,offers,학과와 교육과정(교과목)의 관계
2759,Department,Depa056,한양대_중어중문학과,Course,Cour3823,중국고대문학의이해,offers,학과와 교육과정(교과목)의 관계
2760,Department,Depa056,한양대_중어중문학과,Course,Cour3824,집중중국어연습,offers,학과와 교육과정(교과목)의 관계
2761,Department,Depa056,한양대_중어중문학과,Course,Cour3825,전문학술영어,offers,학과와 교육과정(교과목)의 관계
2762,Department,Depa056,한양대_중어중문학과,Course,Cour3826,인공지능과기계학습,offers,학과와 교육과정(교과목)의 관계
2763,Department,Depa056,한양대_중어중문학과,Course,Cour3827,중국어학의이해,offers,학과와 교육과정(교과목)의 관계
2764,Department,Depa056,한양대_중어중문학과,Course,Cour3828,현대중국어문법,offers,학과와 교육과정(교과목)의 관계
2765,Department,Depa056,한양대_중어중문학과,Course,Cour3829,실용중국어회화Ⅰ,offers,학과와 교육과정(교과목)의 관계
2766,Department,Depa056,한양대_중어중문학과,Course,Cour3830,중급중국어Ⅰ,offers,학과와 교육과정(교과목)의 관계
2767,Department,Depa056,한양대_중어중문학과,Course,Cour3831,중국어작문Ⅰ,offers,학과와 교육과정(교과목)의 관계
2768,Department,Depa056,한양대_중어중문학과,Course,Cour3832,중국근대문학의이해,offers,학과와 교육과정(교과목)의 관계
2769,Department,Depa056,한양대_중어중문학과,Course,Cour3833,사마천의사기와현대사회,offers,학과와 교육과정(교과목)의 관계
2770,Department,Depa056,한양대_중어중문학과,Course,Cour3834,창의적프로그래밍,offers,학과와 교육과정(교과목)의 관계
2771,Department,Depa056,한양대_중어중문학과,Course,Cour3835,실무중국어,offers,학과와 교육과정(교과목)의 관계
2772,Department,Depa056,한양대_중어중문학과,Course,Cour3836,중국고전읽기,offers,학과와 교육과정(교과목)의 관계
2773,Department,Depa056,한양대_중어중문학과,Course,Cour3837,현대중국어독해,offers,학과와 교육과정(교과목)의 관계
2774,Department,Depa056,한양대_중어중문학과,Course,Cour3838,실용중국어회화Ⅱ,offers,학과와 교육과정(교과목)의 관계
2775,Department,Depa056,한양대_중어중문학과,Course,Cour3839,중급중국어Ⅱ,offers,학과와 교육과정(교과목)의 관계
2776,Department,Depa056,한양대_중어중문학과,Course,Cour3840,중국어작문Ⅱ,offers,학과와 교육과정(교과목)의 관계
2777,Department,Depa056,한양대_중어중문학과,Course,Cour3841,외국어교과교육론,offers,학과와 교육과정(교과목)의 관계
2778,Department,Depa056,한양대_중어중문학과,Course,Cour3842,한자의세계와한중한자어비교,offers,학과와 교육과정(교과목)의 관계
2779,Department,Depa056,한양대_중어중문학과,Course,Cour3843,중국민간가요,offers,학과와 교육과정(교과목)의 관계
2780,Department,Depa056,한양대_중어중문학과,Course,Cour3844,중국어연극제작실습,offers,학과와 교육과정(교과목)의 관계
2781,Department,Depa056,한양대_중어중문학과,Course,Cour3845,고급중국어연습Ⅰ,offers,학과와 교육과정(교과목)의 관계
2782,Department,Depa056,한양대_중어중문학과,Course,Cour3846,외국어논리및논술,offers,학과와 교육과정(교과목)의 관계
2783,Department,Depa056,한양대_중어중문학과,Course,Cour3847,커리어개발Ⅱ:취.창업진로포트폴리오,offers,학과와 교육과정(교과목)의 관계
2784,Department,Depa056,한양대_중어중문학과,Course,Cour3848,중국공연예술과미디어문화,offers,학과와 교육과정(교과목)의 관계
2785,Department,Depa056,한양대_중어중문학과,Course,Cour3849,중국음운의세계,offers,학과와 교육과정(교과목)의 관계
2786,Department,Depa056,한양대_중어중문학과,Course,Cour3850,고급중국어연습Ⅱ,offers,학과와 교육과정(교과목)의 관계
2787,Department,Depa056,한양대_중어중문학과,Course,Cour3851,당송시가감상,offers,학과와 교육과정(교과목)의 관계
2788,Department,Depa056,한양대_중어중문학과,Course,Cour3852,현대중국의문학과사회문화,offers,학과와 교육과정(교과목)의 관계
2789,Department,Depa056,한양대_중어중문학과,Course,Cour3853,외국어교과교재연구및지도,offers,학과와 교육과정(교과목)의 관계
2790,Department,Depa056,한양대_중어중문학과,Course,Cour3854,중국현대문학감상,offers,학과와 교육과정(교과목)의 관계
2791,Department,Depa056,한양대_중어중문학과,Course,Cour3855,중국소설의세계,offers,학과와 교육과정(교과목)의 관계
2792,Department,Depa056,한양대_중어중문학과,Course,Cour3856,중어중문학HY-UROP(실용연구심화),offers,학과와 교육과정(교과목)의 관계
2793,Department,Depa056,한양대_중어중문학과,Course,Cour3857,중국도시발전과지역문화의이해,offers,학과와 교육과정(교과목)의 관계
2794,Department,Depa056,한양대_중어중문학과,Course,Cour3858,한중언어비교와브랜드네이밍,offers,학과와 교육과정(교과목)의 관계
2795,Department,Depa056,한양대_중어중문학과,Course,Cour3859,사랑의실천Ⅳ(미래실용인재),offers,학과와 교육과정(교과목)의 관계
2796,Department,Depa056,한양대_중어중문학과,Course,Cour3860,사랑의실천Ⅰ(한양나눔),offers,학과와 교육과정(교과목)의 관계
2797,Department,Depa056,한양대_중어중문학과,Course,Cour3861,사랑의실천Ⅲ(기업가정신),offers,학과와 교육과정(교과목)의 관계
2798,Department,Depa056,한양대_중어중문학과,Course,Cour3862,사랑의실천Ⅱ(스마트커뮤니케이션),offers,학과와 교육과정(교과목)의 관계
2799,Department,Depa057,협성대_중국어문화학과,Course,Cour3863,전공진로설계와상담Ⅰ,offers,학과와 교육과정(교과목)의 관계
2800,Department,Depa057,협성대_중국어문화학과,Course,Cour3864,중국어연습Ⅰ,offers,학과와 교육과정(교과목)의 관계
2801,Department,Depa057,협성대_중국어문화학과,Course,Cour3865,초급중국어Ⅰ,offers,학과와 교육과정(교과목)의 관계
2802,Department,Depa057,협성대_중국어문화학과,Course,Cour3866,중국어쓰기연습,offers,학과와 교육과정(교과목)의 관계
2803,Department,Depa057,협성대_중국어문화학과,Course,Cour3867,중국어연습Ⅱ,offers,학과와 교육과정(교과목)의 관계
2804,Department,Depa057,협성대_중국어문화학과,Course,Cour3868,초급중국어Ⅱ,offers,학과와 교육과정(교과목)의 관계
2805,Department,Depa057,협성대_중국어문화학과,Course,Cour3869,현대중국의이해,offers,학과와 교육과정(교과목)의 관계
2806,Department,Depa057,협성대_중국어문화학과,Course,Cour3870,초급중국어회화,offers,학과와 교육과정(교과목)의 관계
2807,Department,Depa057,협성대_중국어문화학과,Course,Cour3871,중급중국어Ⅰ,offers,학과와 교육과정(교과목)의 관계
2808,Department,Depa057,협성대_중국어문화학과,Course,Cour3872,중국어청취Ⅰ,offers,학과와 교육과정(교과목)의 관계
2809,Department,Depa057,협성대_중국어문화학과,Course,Cour3873,중국어문법,offers,학과와 교육과정(교과목)의 관계
2810,Department,Depa057,협성대_중국어문화학과,Course,Cour3874,실전중국어,offers,학과와 교육과정(교과목)의 관계
2811,Department,Depa057,협성대_중국어문화학과,Course,Cour3875,중국지역의이해,offers,학과와 교육과정(교과목)의 관계
2812,Department,Depa057,협성대_중국어문화학과,Course,Cour3876,전공진로설계와상담Ⅱ,offers,학과와 교육과정(교과목)의 관계
2813,Department,Depa057,협성대_중국어문화학과,Course,Cour3877,중급중국어회화,offers,학과와 교육과정(교과목)의 관계
2814,Department,Depa057,협성대_중국어문화학과,Course,Cour3878,중급중국어Ⅱ,offers,학과와 교육과정(교과목)의 관계
2815,Department,Depa057,협성대_중국어문화학과,Course,Cour3879,중국어청취Ⅱ,offers,학과와 교육과정(교과목)의 관계
2816,Department,Depa057,협성대_중국어문화학과,Course,Cour3880,호텔관광중국어회화,offers,학과와 교육과정(교과목)의 관계
2817,Department,Depa057,협성대_중국어문화학과,Course,Cour3881,중국문화의이해,offers,학과와 교육과정(교과목)의 관계
2818,Department,Depa057,협성대_중국어문화학과,Course,Cour3882,중국언어문화와창의성,offers,학과와 교육과정(교과목)의 관계
2819,Department,Depa057,협성대_중국어문화학과,Course,Cour3883,비즈니스중국어회화Ⅰ,offers,학과와 교육과정(교과목)의 관계
2820,Department,Depa057,협성대_중국어문화학과,Course,Cour3884,중국문화와영화,offers,학과와 교육과정(교과목)의 관계
2821,Department,Depa057,협성대_중국어문화학과,Course,Cour3885,HSK연습Ⅰ,offers,학과와 교육과정(교과목)의 관계
2822,Department,Depa057,협성대_중국어문화학과,Course,Cour3886,실용중국어작문,offers,학과와 교육과정(교과목)의 관계
2823,Department,Depa057,협성대_중국어문화학과,Course,Cour3887,문화중국어,offers,학과와 교육과정(교과목)의 관계
2824,Department,Depa057,협성대_중국어문화학과,Course,Cour3888,중국공연예술문화,offers,학과와 교육과정(교과목)의 관계
2825,Department,Depa057,협성대_중국어문화학과,Course,Cour3889,전공진로설계와상담Ⅱ,offers,학과와 교육과정(교과목)의 관계
2826,Department,Depa057,협성대_중국어문화학과,Course,Cour3890,비즈니스중국어회화Ⅱ,offers,학과와 교육과정(교과목)의 관계
2827,Department,Depa057,협성대_중국어문화학과,Course,Cour3891,항공면세점중국어,offers,학과와 교육과정(교과목)의 관계
2828,Department,Depa057,협성대_중국어문화학과,Course,Cour3892,HSK연습Ⅱ,offers,학과와 교육과정(교과목)의 관계
2829,Department,Depa057,협성대_중국어문화학과,Course,Cour3893,AI활용중국어번역연습,offers,학과와 교육과정(교과목)의 관계
2830,Department,Depa057,협성대_중국어문화학과,Course,Cour3894,시사중국어,offers,학과와 교육과정(교과목)의 관계
2831,Department,Depa057,협성대_중국어문화학과,Course,Cour3895,전공진로설계와상담Ⅰ,offers,학과와 교육과정(교과목)의 관계
2832,Department,Depa057,협성대_중국어문화학과,Course,Cour3896,포커스중국어,offers,학과와 교육과정(교과목)의 관계
2833,Department,Depa057,협성대_중국어문화학과,Course,Cour3897,실용중국어마스터,offers,학과와 교육과정(교과목)의 관계
2834,Department,Depa057,협성대_중국어문화학과,Course,Cour3898,의료서비스중국어,offers,학과와 교육과정(교과목)의 관계
2835,Department,Depa057,협성대_중국어문화학과,Course,Cour3899,중국어관광캡스톤디자인,offers,학과와 교육과정(교과목)의 관계
2836,Department,Depa057,협성대_중국어문화학과,Course,Cour3900,실전비즈니스중국어,offers,학과와 교육과정(교과목)의 관계
2837,Department,Depa057,협성대_중국어문화학과,Course,Cour3901,스피킹중국어,offers,학과와 교육과정(교과목)의 관계
2838,Department,Depa057,협성대_중국어문화학과,Course,Cour3902,중국어교육과중국문화,offers,학과와 교육과정(교과목)의 관계
2839,Major,Majo001,강원대_중어중문학전공,EduGoal,EduG004,강원대_중어중문학전공_교육목표,hasContent,전공과 교육목표의 관계
2840,Major,Majo002,경기대_중어중문전공,EduGoal,EduG006,경기대_중어중문전공_교육목표,hasContent,전공과 교육목표의 관계
2841,Major,Majo003,고려대_중국학전공,EduGoal,EduG013,고려대_중국학전공_교육목표,hasContent,전공과 교육목표의 관계
2842,Major,Majo004,국립목포대_동아시아문화전공,EduGoal,EduG017,국립목포대_동아시아문화전공_교육목표,hasContent,전공과 교육목표의 관계
2843,Major,Majo005,국립순천대_글로벌중국학전공,EduGoal,EduG019,국립순천대_글로벌중국학전공_교육목표,hasContent,전공과 교육목표의 관계
2844,Major,Majo006,국민대_중국어문전공,EduGoal,EduG022,국민대_중국어문전공_교육목표,hasContent,전공과 교육목표의 관계
2845,Major,Majo007,국민대_중국정경전공,EduGoal,EduG023,국민대_중국정경전공_교육목표,hasContent,전공과 교육목표의 관계
2846,Major,Majo008,단국대_중국학전공,EduGoal,EduG024,단국대_중국학전공_교육목표,hasContent,전공과 교육목표의 관계
2847,Major,Majo009,대진대_중국학전공,EduGoal,EduG025,대진대_중국학전공_교육목표,hasContent,전공과 교육목표의 관계
2848,Major,Majo010,덕성여자대_중어중문학전공,EduGoal,EduG026,덕성여자대_중어중문학전공_교육목표,hasContent,전공과 교육목표의 관계
2849,Major,Majo011,동덕여자대_중어중국학전공,EduGoal,EduG029,동덕여자대_중어중국학전공_교육목표,hasContent,전공과 교육목표의 관계
2850,Major,Majo012,명지대_중어중문학전공,EduGoal,EduG033,명지대_중어중문학전공_교육목표,hasContent,전공과 교육목표의 관계
2851,Major,Majo013,부산외국어대_중국어전공,EduGoal,EduG035,부산외국어대_중국어전공_교육목표,hasContent,전공과 교육목표의 관계
2852,Major,Majo014,부산외국어대_중국지역통상전공,EduGoal,EduG036,부산외국어대_중국지역통상전공_교육목표,hasContent,전공과 교육목표의 관계
2853,Major,Majo015,삼육대_동양어문화전공,EduGoal,EduG037,삼육대_동양어문화전공_교육목표,hasContent,전공과 교육목표의 관계
2854,Major,Majo016,상명대_중국어권지역학전공,EduGoal,EduG038,상명대_중국어권지역학전공_교육목표,hasContent,전공과 교육목표의 관계
2855,Major,Majo017,선문대_중국어문화전공,EduGoal,EduG044,선문대_중국어문화전공_교육목표,hasContent,전공과 교육목표의 관계
2856,Major,Majo018,성공회대_중어중국학전공,EduGoal,EduG046,성공회대_중어중국학전공_교육목표,hasContent,전공과 교육목표의 관계
2857,Major,Majo019,세명대_중국언어문화전공,EduGoal,EduG049,세명대_중국언어문화전공_교육목표,hasContent,전공과 교육목표의 관계
2858,Major,Majo020,수원대_중국언어문화,EduGoal,EduG050,수원대_중국언어문화_교육목표,hasContent,전공과 교육목표의 관계
2859,Major,Majo021,영남대_응용중국어통번역전공,EduGoal,EduG057,영남대_응용중국어통번역전공_교육목표,hasContent,전공과 교육목표의 관계
2860,Major,Majo022,전남대_중국학전공,EduGoal,EduG064,전남대_중국학전공_교육목표,hasContent,전공과 교육목표의 관계
2861,Major,Majo023,조선대_중국어문화학전공,EduGoal,EduG068,조선대_중국어문화학전공_교육목표,hasContent,전공과 교육목표의 관계
2862,Major,Majo024,중앙대_중국어문학전공,EduGoal,EduG069,중앙대_중국어문학전공_교육목표,hasContent,전공과 교육목표의 관계
2863,Major,Majo025,평택대_중국학전공,EduGoal,EduG073,평택대_중국학전공_교육목표,hasContent,전공과 교육목표의 관계
2864,Major,Majo028,한국외국어대_중국외교통상전공,EduGoal,EduG077,한국외국어대_중국외교통상전공_교육목표,hasContent,전공과 교육목표의 관계
2865,Major,Majo029,한국외국어대_중국어교육전공,EduGoal,EduG078,한국외국어대_중국어교육전공_교육목표,hasContent,전공과 교육목표의 관계
2866,Major,Majo030,한신대_중국어문전공,EduGoal,EduG083,한신대_중국어문전공_교육목표,hasContent,전공과 교육목표의 관계
2867,Major,Majo031,한신대_한중콘텐츠전공,EduGoal,EduG084,한신대_한중콘텐츠전공_교육목표,hasContent,전공과 교육목표의 관계
2868,Major,Majo009,대진대_중국학전공,Course,Cour0930,기초중국어회화Ⅰ,offers,전공과 교육과정(교과목)의 관계
2869,Major,Majo009,대진대_중국학전공,Course,Cour0931,초급중국어Ⅰ,offers,전공과 교육과정(교과목)의 관계
2870,Major,Majo009,대진대_중국학전공,Course,Cour0932,기초중국어회화Ⅱ,offers,전공과 교육과정(교과목)의 관계
2871,Major,Majo009,대진대_중국학전공,Course,Cour0933,현대중국사회의이해,offers,전공과 교육과정(교과목)의 관계
2872,Major,Majo009,대진대_중국학전공,Course,Cour0934,초급중국어Ⅱ,offers,전공과 교육과정(교과목)의 관계
2873,Major,Majo009,대진대_중국학전공,Course,Cour0935,중국경제입문,offers,전공과 교육과정(교과목)의 관계
2874,Major,Majo009,대진대_중국학전공,Course,Cour0936,중국지역학입문,offers,전공과 교육과정(교과목)의 관계
2875,Major,Majo009,대진대_중국학전공,Course,Cour0937,중급중국어Ⅰ,offers,전공과 교육과정(교과목)의 관계
2876,Major,Majo009,대진대_중국학전공,Course,Cour0938,한중무역실무,offers,전공과 교육과정(교과목)의 관계
2877,Major,Majo009,대진대_중국학전공,Course,Cour0939,중국문학개론,offers,전공과 교육과정(교과목)의 관계
2878,Major,Majo009,대진대_중국학전공,Course,Cour0940,중급중국어회화Ⅰ,offers,전공과 교육과정(교과목)의 관계
2879,Major,Majo009,대진대_중국학전공,Course,Cour0941,중국경영학원론,offers,전공과 교육과정(교과목)의 관계
2880,Major,Majo009,대진대_중국학전공,Course,Cour0942,중급중국어Ⅱ,offers,전공과 교육과정(교과목)의 관계
2881,Major,Majo009,대진대_중국학전공,Course,Cour0943,중국경제론,offers,전공과 교육과정(교과목)의 관계
2882,Major,Majo009,대진대_중국학전공,Course,Cour0944,중급중국어회화Ⅱ,offers,전공과 교육과정(교과목)의 관계
2883,Major,Majo009,대진대_중국학전공,Course,Cour0945,중국문화의이해,offers,전공과 교육과정(교과목)의 관계
2884,Major,Majo009,대진대_중국학전공,Course,Cour0946,외국어교과교육론,offers,전공과 교육과정(교과목)의 관계
2885,Major,Majo009,대진대_중국학전공,Course,Cour0947,외국어교과논리및논술,offers,전공과 교육과정(교과목)의 관계
2886,Major,Majo009,대진대_중국학전공,Course,Cour0948,미디어중국어,offers,전공과 교육과정(교과목)의 관계
2887,Major,Majo009,대진대_중국학전공,Course,Cour0949,중국기업분석,offers,전공과 교육과정(교과목)의 관계
2888,Major,Majo009,대진대_중국학전공,Course,Cour0950,중국어작문Ⅰ,offers,전공과 교육과정(교과목)의 관계
2889,Major,Majo009,대진대_중국학전공,Course,Cour0951,중국어문법,offers,전공과 교육과정(교과목)의 관계
2890,Major,Majo009,대진대_중국학전공,Course,Cour0952,차이나마케팅사례연구,offers,전공과 교육과정(교과목)의 관계
2891,Major,Majo009,대진대_중국학전공,Course,Cour0953,중급HSK연습,offers,전공과 교육과정(교과목)의 관계
2892,Major,Majo009,대진대_중국학전공,Course,Cour0954,중국어작문Ⅱ,offers,전공과 교육과정(교과목)의 관계
2893,Major,Majo009,대진대_중국학전공,Course,Cour0955,외국어교과교재연구및지도법,offers,전공과 교육과정(교과목)의 관계
2894,Major,Majo009,대진대_중국학전공,Course,Cour0956,고급HSK연습,offers,전공과 교육과정(교과목)의 관계
2895,Major,Majo009,대진대_중국학전공,Course,Cour0957,취창업세미나(중국학),offers,전공과 교육과정(교과목)의 관계
2896,Major,Majo009,대진대_중국학전공,Course,Cour0958,고급중국어,offers,전공과 교육과정(교과목)의 관계
2897,Major,Majo009,대진대_중국학전공,Course,Cour0959,중국CEO연구,offers,전공과 교육과정(교과목)의 관계
2898,Major,Majo009,대진대_중국학전공,Course,Cour0960,중국문화콘텐츠,offers,전공과 교육과정(교과목)의 관계
2899,Major,Majo009,대진대_중국학전공,Course,Cour0961,캡스톤디자인(중국학),offers,전공과 교육과정(교과목)의 관계
2900,Major,Majo009,대진대_중국학전공,Course,Cour0962,SNS중국어,offers,전공과 교육과정(교과목)의 관계
2901,Major,Majo001,강원대_중어중문학전공,Course,Cour0206,인문학탐색,offers,전공과 교육과정(교과목)의 관계
2902,Major,Majo001,강원대_중어중문학전공,Course,Cour0207,진로탐색과꿈-설계,offers,전공과 교육과정(교과목)의 관계
2903,Major,Majo001,강원대_중어중문학전공,Course,Cour0208,인문학영역탐구,offers,전공과 교육과정(교과목)의 관계
2904,Major,Majo001,강원대_중어중문학전공,Course,Cour0209,인문학고전읽기,offers,전공과 교육과정(교과목)의 관계
2905,Major,Majo001,강원대_중어중문학전공,Course,Cour0210,취업·창업과꿈-설계,offers,전공과 교육과정(교과목)의 관계
2906,Major,Majo001,강원대_중어중문학전공,Course,Cour0211,중국어발음원리및연습,offers,전공과 교육과정(교과목)의 관계
2907,Major,Majo001,강원대_중어중문학전공,Course,Cour0212,초급중국어회화,offers,전공과 교육과정(교과목)의 관계
2908,Major,Majo001,강원대_중어중문학전공,Course,Cour0213,초급중국어어법,offers,전공과 교육과정(교과목)의 관계
2909,Major,Majo001,강원대_중어중문학전공,Course,Cour0214,중국의말·글자와문화,offers,전공과 교육과정(교과목)의 관계
2910,Major,Majo001,강원대_중어중문학전공,Course,Cour0215,중국서사예술의이해,offers,전공과 교육과정(교과목)의 관계
2911,Major,Majo001,강원대_중어중문학전공,Course,Cour0216,중국어기초어휘와문형,offers,전공과 교육과정(교과목)의 관계
2912,Major,Majo001,강원대_중어중문학전공,Course,Cour0217,중국고대문학의이해,offers,전공과 교육과정(교과목)의 관계
2913,Major,Majo001,강원대_중어중문학전공,Course,Cour0218,초급중국어작문,offers,전공과 교육과정(교과목)의 관계
2914,Major,Majo001,강원대_중어중문학전공,Course,Cour0219,고사성어중국어,offers,전공과 교육과정(교과목)의 관계
2915,Major,Majo001,강원대_중어중문학전공,Course,Cour0220,중급중국어회화,offers,전공과 교육과정(교과목)의 관계
2916,Major,Majo001,강원대_중어중문학전공,Course,Cour0221,중국어학의이해,offers,전공과 교육과정(교과목)의 관계
2917,Major,Majo001,강원대_중어중문학전공,Course,Cour0222,중국시와시인의삶,offers,전공과 교육과정(교과목)의 관계
2918,Major,Majo001,강원대_중어중문학전공,Course,Cour0223,중국문화입문,offers,전공과 교육과정(교과목)의 관계
2919,Major,Majo001,강원대_중어중문학전공,Course,Cour0224,중국현대문학의이해,offers,전공과 교육과정(교과목)의 관계
2920,Major,Majo001,강원대_중어중문학전공,Course,Cour0225,심화중국어문법,offers,전공과 교육과정(교과목)의 관계
2921,Major,Majo001,강원대_중어중문학전공,Course,Cour0226,문화중국어,offers,전공과 교육과정(교과목)의 관계
2922,Major,Majo001,강원대_중어중문학전공,Course,Cour0227,당·송시감상,offers,전공과 교육과정(교과목)의 관계
2923,Major,Majo001,강원대_중어중문학전공,Course,Cour0228,중국어교육론,offers,전공과 교육과정(교과목)의 관계
2924,Major,Majo001,강원대_중어중문학전공,Course,Cour0229,고급중국어회화,offers,전공과 교육과정(교과목)의 관계
2925,Major,Majo001,강원대_중어중문학전공,Course,Cour0230,중국현대명작의세계,offers,전공과 교육과정(교과목)의 관계
2926,Major,Majo001,강원대_중어중문학전공,Course,Cour0231,중국고전소설Ⅰ,offers,전공과 교육과정(교과목)의 관계
2927,Major,Majo001,강원대_중어중문학전공,Course,Cour0232,중국신문강독,offers,전공과 교육과정(교과목)의 관계
2928,Major,Majo001,강원대_중어중문학전공,Course,Cour0233,심화중국어작문,offers,전공과 교육과정(교과목)의 관계
2929,Major,Majo001,강원대_중어중문학전공,Course,Cour0234,중국어교재연구및지도법,offers,전공과 교육과정(교과목)의 관계
2930,Major,Majo001,강원대_중어중문학전공,Course,Cour0235,비즈니스중국어회화,offers,전공과 교육과정(교과목)의 관계
2931,Major,Majo001,강원대_중어중문학전공,Course,Cour0236,중국고전소설Ⅱ,offers,전공과 교육과정(교과목)의 관계
2932,Major,Majo001,강원대_중어중문학전공,Course,Cour0237,중국어방언과지역문화(캡스톤디자인),offers,전공과 교육과정(교과목)의 관계
2933,Major,Majo001,강원대_중어중문학전공,Course,Cour0238,중국문학·문화콘텐츠감상,offers,전공과 교육과정(교과목)의 관계
2934,Major,Majo001,강원대_중어중문학전공,Course,Cour0239,시사중국어,offers,전공과 교육과정(교과목)의 관계
2935,Major,Majo001,강원대_중어중문학전공,Course,Cour0240,중국어논리및논술,offers,전공과 교육과정(교과목)의 관계
2936,Major,Majo001,강원대_중어중문학전공,Course,Cour0241,중국어번역실습,offers,전공과 교육과정(교과목)의 관계
2937,Major,Majo001,강원대_중어중문학전공,Course,Cour0242,중국현대사회와문화(캡스톤디자인),offers,전공과 교육과정(교과목)의 관계
2938,Major,Majo001,강원대_중어중문학전공,Course,Cour0243,관광중국어회화(캡스톤디자인),offers,전공과 교육과정(교과목)의 관계
2939,Major,Majo001,강원대_중어중문학전공,Course,Cour0244,중국현대문학강독,offers,전공과 교육과정(교과목)의 관계
2940,Major,Majo001,강원대_중어중문학전공,Course,Cour0245,중국어발표와토론,offers,전공과 교육과정(교과목)의 관계
2941,Major,Majo002,경기대_중어중문전공,Course,Cour0286,글로벌어문학부전공및진로탐색,offers,전공과 교육과정(교과목)의 관계
2942,Major,Majo002,경기대_중어중문전공,Course,Cour0287,글로벌문화의이해,offers,전공과 교육과정(교과목)의 관계
2943,Major,Majo002,경기대_중어중문전공,Course,Cour0288,독일인의생활과문화,offers,전공과 교육과정(교과목)의 관계
2944,Major,Majo002,경기대_중어중문전공,Course,Cour0289,프랑스문화테마기행,offers,전공과 교육과정(교과목)의 관계
2945,Major,Majo002,경기대_중어중문전공,Course,Cour0290,일본어첫걸음,offers,전공과 교육과정(교과목)의 관계
2946,Major,Majo002,경기대_중어중문전공,Course,Cour0291,중국어첫걸음,offers,전공과 교육과정(교과목)의 관계
2947,Major,Majo002,경기대_중어중문전공,Course,Cour0292,러시아와예술산책,offers,전공과 교육과정(교과목)의 관계
2948,Major,Majo002,경기대_중어중문전공,Course,Cour0293,기초중국어,offers,전공과 교육과정(교과목)의 관계
2949,Major,Majo002,경기대_중어중문전공,Course,Cour0294,기초독일어,offers,전공과 교육과정(교과목)의 관계
2950,Major,Majo002,경기대_중어중문전공,Course,Cour0295,기초프랑스어,offers,전공과 교육과정(교과목)의 관계
2951,Major,Majo002,경기대_중어중문전공,Course,Cour0296,기초러시아어,offers,전공과 교육과정(교과목)의 관계
2952,Major,Majo002,경기대_중어중문전공,Course,Cour0297,기초일본어,offers,전공과 교육과정(교과목)의 관계
2953,Major,Majo002,경기대_중어중문전공,Course,Cour0298,초급중국어회화,offers,전공과 교육과정(교과목)의 관계
2954,Major,Majo002,경기대_중어중문전공,Course,Cour0299,초급중국어듣기,offers,전공과 교육과정(교과목)의 관계
2955,Major,Majo002,경기대_중어중문전공,Course,Cour0300,초급중국어강독,offers,전공과 교육과정(교과목)의 관계
2956,Major,Majo002,경기대_중어중문전공,Course,Cour0301,중국사회문화입문,offers,전공과 교육과정(교과목)의 관계
2957,Major,Majo002,경기대_중어중문전공,Course,Cour0302,중급중국어회화연습,offers,전공과 교육과정(교과목)의 관계
2958,Major,Majo002,경기대_중어중문전공,Course,Cour0303,중급중국어듣기와쓰기,offers,전공과 교육과정(교과목)의 관계
2959,Major,Majo002,경기대_중어중문전공,Course,Cour0304,중급중국어강독,offers,전공과 교육과정(교과목)의 관계
2960,Major,Majo002,경기대_중어중문전공,Course,Cour0305,이슈로보는중국현당대문화,offers,전공과 교육과정(교과목)의 관계
2961,Major,Majo002,경기대_중어중문전공,Course,Cour0306,중국사회빅데이터분석(캡스톤디자인),offers,전공과 교육과정(교과목)의 관계
2962,Major,Majo002,경기대_중어중문전공,Course,Cour0307,고급중국어강독,offers,전공과 교육과정(교과목)의 관계
2963,Major,Majo002,경기대_중어중문전공,Course,Cour0308,실용중국어어법,offers,전공과 교육과정(교과목)의 관계
2964,Major,Majo002,경기대_중어중문전공,Course,Cour0309,중국어교육론,offers,전공과 교육과정(교과목)의 관계
2965,Major,Majo002,경기대_중어중문전공,Course,Cour0310,중국문학의이해,offers,전공과 교육과정(교과목)의 관계
2966,Major,Majo002,경기대_중어중문전공,Course,Cour0311,중어중문전공개별진로연구,offers,전공과 교육과정(교과목)의 관계
2967,Major,Majo002,경기대_중어중문전공,Course,Cour0312,중국시장빅데이터분석,offers,전공과 교육과정(교과목)의 관계
2968,Major,Majo002,경기대_중어중문전공,Course,Cour0313,중국어문화콘텐츠분석(캡스톤디자인),offers,전공과 교육과정(교과목)의 관계
2969,Major,Majo002,경기대_중어중문전공,Course,Cour0314,중국어학의이해,offers,전공과 교육과정(교과목)의 관계
2970,Major,Majo002,경기대_중어중문전공,Course,Cour0315,중국어교재연구및지도법,offers,전공과 교육과정(교과목)의 관계
2971,Major,Majo002,경기대_중어중문전공,Course,Cour0316,중국고전명작과콘텐츠,offers,전공과 교육과정(교과목)의 관계
2972,Major,Majo002,경기대_중어중문전공,Course,Cour0317,고급중국어회화,offers,전공과 교육과정(교과목)의 관계
2973,Major,Majo002,경기대_중어중문전공,Course,Cour0318,비즈니스중국어,offers,전공과 교육과정(교과목)의 관계
2974,Major,Majo002,경기대_중어중문전공,Course,Cour0319,시사실용중국어,offers,전공과 교육과정(교과목)의 관계
2975,Major,Majo002,경기대_중어중문전공,Course,Cour0320,중국현당대명작과콘텐츠,offers,전공과 교육과정(교과목)의 관계
2976,Major,Majo002,경기대_중어중문전공,Course,Cour0321,미디어중국어,offers,전공과 교육과정(교과목)의 관계
2977,Major,Majo002,경기대_중어중문전공,Course,Cour0322,중국어AI번역작문,offers,전공과 교육과정(교과목)의 관계
2978,Major,Majo002,경기대_중어중문전공,Course,Cour0323,제자백가의이해,offers,전공과 교육과정(교과목)의 관계
2979,Major,Majo002,경기대_중어중문전공,Course,Cour0324,중국사회문화주제별탐구,offers,전공과 교육과정(교과목)의 관계
2980,Major,Majo003,고려대_중국학전공,Course,Cour0654,글쓰기Ⅰ,offers,전공과 교육과정(교과목)의 관계
2981,Major,Majo003,고려대_중국학전공,Course,Cour0655,GlobalEnglishⅠ,offers,전공과 교육과정(교과목)의 관계
2982,Major,Majo003,고려대_중국학전공,Course,Cour0656,1학년세미나,offers,전공과 교육과정(교과목)의 관계
2983,Major,Majo003,고려대_중국학전공,Course,Cour0657,디지털리터러시입문,offers,전공과 교육과정(교과목)의 관계
2984,Major,Majo003,고려대_중국학전공,Course,Cour0658,실용중국어입문Ⅰ,offers,전공과 교육과정(교과목)의 관계
2985,Major,Majo003,고려대_중국학전공,Course,Cour0659,실용중국어연습Ⅰ,offers,전공과 교육과정(교과목)의 관계
2986,Major,Majo003,고려대_중국학전공,Course,Cour0660,현대중국개황,offers,전공과 교육과정(교과목)의 관계
2987,Major,Majo003,고려대_중국학전공,Course,Cour0661,글쓰기Ⅱ,offers,전공과 교육과정(교과목)의 관계
2988,Major,Majo003,고려대_중국학전공,Course,Cour0662,GlobalEnglishⅡ,offers,전공과 교육과정(교과목)의 관계
2989,Major,Majo003,고려대_중국학전공,Course,Cour0663,창업과진로,offers,전공과 교육과정(교과목)의 관계
2990,Major,Majo003,고려대_중국학전공,Course,Cour0664,실용중국어입문Ⅱ,offers,전공과 교육과정(교과목)의 관계
2991,Major,Majo003,고려대_중국학전공,Course,Cour0665,실용중국어연습Ⅱ,offers,전공과 교육과정(교과목)의 관계
2992,Major,Majo003,고려대_중국학전공,Course,Cour0666,중국학입문,offers,전공과 교육과정(교과목)의 관계
2993,Major,Majo003,고려대_중국학전공,Course,Cour0667,GlobalEnglishⅢ,offers,전공과 교육과정(교과목)의 관계
2994,Major,Majo003,고려대_중국학전공,Course,Cour0668,중국문화기초독해,offers,전공과 교육과정(교과목)의 관계
2995,Major,Majo003,고려대_중국학전공,Course,Cour0669,중국어문장구조의이해및작성법입문,offers,전공과 교육과정(교과목)의 관계
2996,Major,Majo003,고려대_중국학전공,Course,Cour0670,중급중국어회화Ⅰ,offers,전공과 교육과정(교과목)의 관계
2997,Major,Majo003,고려대_중국학전공,Course,Cour0671,중국정치체제의구조와특성,offers,전공과 교육과정(교과목)의 관계
2998,Major,Majo003,고려대_중국학전공,Course,Cour0672,중국문화정보정독,offers,전공과 교육과정(교과목)의 관계
2999,Major,Majo003,고려대_중국학전공,Course,Cour0673,실용한문특강Ⅰ,offers,전공과 교육과정(교과목)의 관계
3000,Major,Majo003,고려대_중국학전공,Course,Cour0674,고대중국역사개관,offers,전공과 교육과정(교과목)의 관계
3001,Major,Majo003,고려대_중국학전공,Course,Cour0675,GlobalEnglishⅣ,offers,전공과 교육과정(교과목)의 관계
3002,Major,Majo003,고려대_중국학전공,Course,Cour0676,중국사회기초독해,offers,전공과 교육과정(교과목)의 관계
3003,Major,Majo003,고려대_중국학전공,Course,Cour0677,중급중국어문장구조의이해및작성법,offers,전공과 교육과정(교과목)의 관계
3004,Major,Majo003,고려대_중국학전공,Course,Cour0678,중급중국어회화Ⅱ,offers,전공과 교육과정(교과목)의 관계
3005,Major,Majo003,고려대_중국학전공,Course,Cour0679,한중크림슨메이트,offers,전공과 교육과정(교과목)의 관계
3006,Major,Majo003,고려대_중국학전공,Course,Cour0680,중국사회정보정독,offers,전공과 교육과정(교과목)의 관계
3007,Major,Majo003,고려대_중국학전공,Course,Cour0681,중국어로배우는경제학기초,offers,전공과 교육과정(교과목)의 관계
3008,Major,Majo003,고려대_중국학전공,Course,Cour0682,정치지도자와중국정치,offers,전공과 교육과정(교과목)의 관계
3009,Major,Majo003,고려대_중국학전공,Course,Cour0683,실용한문특강Ⅱ,offers,전공과 교육과정(교과목)의 관계
3010,Major,Majo003,고려대_중국학전공,Course,Cour0684,현대중국역사개관,offers,전공과 교육과정(교과목)의 관계
3011,Major,Majo003,고려대_중국학전공,Course,Cour0685,한중문화기행중국어,offers,전공과 교육과정(교과목)의 관계
3012,Major,Majo003,고려대_중국학전공,Course,Cour0686,중국어문법특강,offers,전공과 교육과정(교과목)의 관계
3013,Major,Majo003,고려대_중국학전공,Course,Cour0687,중국문화지리개설,offers,전공과 교육과정(교과목)의 관계
3014,Major,Majo003,고려대_중국학전공,Course,Cour0688,중국음식문화,offers,전공과 교육과정(교과목)의 관계
3015,Major,Majo003,고려대_중국학전공,Course,Cour0689,"중국,백년의삶과문화",offers,전공과 교육과정(교과목)의 관계
3016,Major,Majo003,고려대_중국학전공,Course,Cour0690,중국시사읽기,offers,전공과 교육과정(교과목)의 관계
3017,Major,Majo003,고려대_중국학전공,Course,Cour0691,커리어비전세미나Ⅰ,offers,전공과 교육과정(교과목)의 관계
3018,Major,Majo003,고려대_중국학전공,Course,Cour0692,중국경제론,offers,전공과 교육과정(교과목)의 관계
3019,Major,Majo003,고려대_중국학전공,Course,Cour0693,사회주의시장경제와중국영화산업의발전,offers,전공과 교육과정(교과목)의 관계
3020,Major,Majo003,고려대_중국학전공,Course,Cour0694,21세기중국사회의주요문제,offers,전공과 교육과정(교과목)의 관계
3021,Major,Majo003,고려대_중국학전공,Course,Cour0695,중국고급정보정독,offers,전공과 교육과정(교과목)의 관계
3022,Major,Majo003,고려대_중국학전공,Course,Cour0696,HSK작문,offers,전공과 교육과정(교과목)의 관계
3023,Major,Majo003,고려대_중국학전공,Course,Cour0697,신조어로중국사회읽기,offers,전공과 교육과정(교과목)의 관계
3024,Major,Majo003,고려대_중국학전공,Course,Cour0698,중국어번역연습,offers,전공과 교육과정(교과목)의 관계
3025,Major,Majo003,고려대_중국학전공,Course,Cour0699,커리어비전세미나Ⅱ,offers,전공과 교육과정(교과목)의 관계
3026,Major,Majo003,고려대_중국학전공,Course,Cour0700,21세기중국정치철학유파,offers,전공과 교육과정(교과목)의 관계
3027,Major,Majo003,고려대_중국학전공,Course,Cour0701,중국기업의발전전망탐색,offers,전공과 교육과정(교과목)의 관계
3028,Major,Majo003,고려대_중국학전공,Course,Cour0702,현대중국의국제관계,offers,전공과 교육과정(교과목)의 관계
3029,Major,Majo003,고려대_중국학전공,Course,Cour0703,중국어교과교육론,offers,전공과 교육과정(교과목)의 관계
3030,Major,Majo003,고려대_중국학전공,Course,Cour0704,중국고전문학사,offers,전공과 교육과정(교과목)의 관계
3031,Major,Majo003,고려대_중국학전공,Course,Cour0705,중국어프리젠테이션연습,offers,전공과 교육과정(교과목)의 관계
3032,Major,Majo003,고려대_중국학전공,Course,Cour0706,캡스톤디자인,offers,전공과 교육과정(교과목)의 관계
3033,Major,Majo003,고려대_중국학전공,Course,Cour0707,중국의지역경제와비즈니스문화,offers,전공과 교육과정(교과목)의 관계
3034,Major,Majo003,고려대_중국학전공,Course,Cour0708,중국현대문학사,offers,전공과 교육과정(교과목)의 관계
3035,Major,Majo003,고려대_중국학전공,Course,Cour0709,시사이슈중국어토론,offers,전공과 교육과정(교과목)의 관계
3036,Major,Majo003,고려대_중국학전공,Course,Cour0710,중국산업동향보고제작PBL,offers,전공과 교육과정(교과목)의 관계
3037,Major,Majo003,고려대_중국학전공,Course,Cour0711,글로벌시대의중국경제이슈,offers,전공과 교육과정(교과목)의 관계
3038,Major,Majo006,국민대_중국어문전공,Course,Cour0748,글쓰기,offers,전공과 교육과정(교과목)의 관계
3039,Major,Majo006,국민대_중국어문전공,Course,Cour0749,CollegeEnglishⅠ,offers,전공과 교육과정(교과목)의 관계
3040,Major,Majo006,국민대_중국어문전공,Course,Cour0750,CollegeEnglishⅡ,offers,전공과 교육과정(교과목)의 관계
3041,Major,Majo006,국민대_중국어문전공,Course,Cour0751,컴퓨터프로그래밍Ⅰ,offers,전공과 교육과정(교과목)의 관계
3042,Major,Majo006,국민대_중국어문전공,Course,Cour0752,중국어발음연습,offers,전공과 교육과정(교과목)의 관계
3043,Major,Majo006,국민대_중국어문전공,Course,Cour0753,초급중국어회화Ⅰ,offers,전공과 교육과정(교과목)의 관계
3044,Major,Majo006,국민대_중국어문전공,Course,Cour0754,기초한문,offers,전공과 교육과정(교과목)의 관계
3045,Major,Majo006,국민대_중국어문전공,Course,Cour0755,S-TEAMClass,offers,전공과 교육과정(교과목)의 관계
3046,Major,Majo006,국민대_중국어문전공,Course,Cour0756,EnglishconversationⅠ(Advanced),offers,전공과 교육과정(교과목)의 관계
3047,Major,Majo006,국민대_중국어문전공,Course,Cour0757,EnglishconversationⅡ(Advanced),offers,전공과 교육과정(교과목)의 관계
3048,Major,Majo006,국민대_중국어문전공,Course,Cour0758,컴퓨터프로그래밍Ⅱ,offers,전공과 교육과정(교과목)의 관계
3049,Major,Majo006,국민대_중국어문전공,Course,Cour0759,인생설계와진로,offers,전공과 교육과정(교과목)의 관계
3050,Major,Majo006,국민대_중국어문전공,Course,Cour0760,기초중국어강독연습,offers,전공과 교육과정(교과목)의 관계
3051,Major,Majo006,국민대_중국어문전공,Course,Cour0761,초급중국어회화Ⅱ,offers,전공과 교육과정(교과목)의 관계
3052,Major,Majo006,국민대_중국어문전공,Course,Cour0762,기초중국어청취,offers,전공과 교육과정(교과목)의 관계
3053,Major,Majo006,국민대_중국어문전공,Course,Cour0763,중국어작문Ⅰ,offers,전공과 교육과정(교과목)의 관계
3054,Major,Majo006,국민대_중국어문전공,Course,Cour0764,중급중국어회화Ⅰ,offers,전공과 교육과정(교과목)의 관계
3055,Major,Majo006,국민대_중국어문전공,Course,Cour0765,중국어문법,offers,전공과 교육과정(교과목)의 관계
3056,Major,Majo006,국민대_중국어문전공,Course,Cour0766,중국현대문학과영화,offers,전공과 교육과정(교과목)의 관계
3057,Major,Majo006,국민대_중국어문전공,Course,Cour0767,명.청소설,offers,전공과 교육과정(교과목)의 관계
3058,Major,Majo006,국민대_중국어문전공,Course,Cour0768,중문학개론Ⅰ,offers,전공과 교육과정(교과목)의 관계
3059,Major,Majo006,국민대_중국어문전공,Course,Cour0769,중국어작문Ⅱ,offers,전공과 교육과정(교과목)의 관계
3060,Major,Majo006,국민대_중국어문전공,Course,Cour0770,중급중국어회화Ⅱ,offers,전공과 교육과정(교과목)의 관계
3061,Major,Majo006,국민대_중국어문전공,Course,Cour0771,중·한통역연습,offers,전공과 교육과정(교과목)의 관계
3062,Major,Majo006,국민대_중국어문전공,Course,Cour0772,당송시가,offers,전공과 교육과정(교과목)의 관계
3063,Major,Majo006,국민대_중국어문전공,Course,Cour0773,중국현대소설,offers,전공과 교육과정(교과목)의 관계
3064,Major,Majo006,국민대_중국어문전공,Course,Cour0774,중문학개론Ⅱ,offers,전공과 교육과정(교과목)의 관계
3065,Major,Majo006,국민대_중국어문전공,Course,Cour0775,고급중국어청취Ⅰ,offers,전공과 교육과정(교과목)의 관계
3066,Major,Majo006,국민대_중국어문전공,Course,Cour0776,고급중국어회화Ⅰ,offers,전공과 교육과정(교과목)의 관계
3067,Major,Majo006,국민대_중국어문전공,Course,Cour0777,비즈니스중국어,offers,전공과 교육과정(교과목)의 관계
3068,Major,Majo006,국민대_중국어문전공,Course,Cour0778,고문선독,offers,전공과 교육과정(교과목)의 관계
3069,Major,Majo006,국민대_중국어문전공,Course,Cour0779,송사원곡,offers,전공과 교육과정(교과목)의 관계
3070,Major,Majo006,국민대_중국어문전공,Course,Cour0780,중국문언소설,offers,전공과 교육과정(교과목)의 관계
3071,Major,Majo006,국민대_중국어문전공,Course,Cour0781,중국문학사Ⅰ,offers,전공과 교육과정(교과목)의 관계
3072,Major,Majo006,국민대_중국어문전공,Course,Cour0782,고급중국어청취Ⅱ,offers,전공과 교육과정(교과목)의 관계
3073,Major,Majo006,국민대_중국어문전공,Course,Cour0783,고급중국어회화Ⅱ,offers,전공과 교육과정(교과목)의 관계
3074,Major,Majo006,국민대_중국어문전공,Course,Cour0784,중국역사와서사문학,offers,전공과 교육과정(교과목)의 관계
3075,Major,Majo006,국민대_중국어문전공,Course,Cour0785,중국역대산문,offers,전공과 교육과정(교과목)의 관계
3076,Major,Majo006,국민대_중국어문전공,Course,Cour0786,중국문학사Ⅱ,offers,전공과 교육과정(교과목)의 관계
3077,Major,Majo006,국민대_중국어문전공,Course,Cour0787,중국고대시가,offers,전공과 교육과정(교과목)의 관계
3078,Major,Majo006,국민대_중국어문전공,Course,Cour0788,중국현대산문,offers,전공과 교육과정(교과목)의 관계
3079,Major,Majo006,국민대_중국어문전공,Course,Cour0789,시사중국어,offers,전공과 교육과정(교과목)의 관계
3080,Major,Majo006,국민대_중국어문전공,Course,Cour0790,중국문화의이해,offers,전공과 교육과정(교과목)의 관계
3081,Major,Majo006,국민대_중국어문전공,Course,Cour0791,중국문학비평,offers,전공과 교육과정(교과목)의 관계
3082,Major,Majo006,국민대_중국어문전공,Course,Cour0792,사제동행세미나,offers,전공과 교육과정(교과목)의 관계
3083,Major,Majo006,국민대_중국어문전공,Course,Cour0793,중국어교육론,offers,전공과 교육과정(교과목)의 관계
3084,Major,Majo006,국민대_중국어문전공,Course,Cour0794,실용중국어,offers,전공과 교육과정(교과목)의 관계
3085,Major,Majo006,국민대_중국어문전공,Course,Cour0795,중국어교재연구및지도법,offers,전공과 교육과정(교과목)의 관계
3086,Major,Majo006,국민대_중국어문전공,Course,Cour0796,중국어교과논리및논술,offers,전공과 교육과정(교과목)의 관계
3087,Major,Majo007,국민대_중국정경전공,Course,Cour0797,CollegeEnglishⅠ,offers,전공과 교육과정(교과목)의 관계
3088,Major,Majo007,국민대_중국정경전공,Course,Cour0798,CollegeEnglishⅡ,offers,전공과 교육과정(교과목)의 관계
3089,Major,Majo007,국민대_중국정경전공,Course,Cour0799,글쓰기,offers,전공과 교육과정(교과목)의 관계
3090,Major,Majo007,국민대_중국정경전공,Course,Cour0800,컴퓨터프로그래밍Ⅰ,offers,전공과 교육과정(교과목)의 관계
3091,Major,Majo007,국민대_중국정경전공,Course,Cour0801,국제경제와중국,offers,전공과 교육과정(교과목)의 관계
3092,Major,Majo007,국민대_중국정경전공,Course,Cour0802,초급중국어,offers,전공과 교육과정(교과목)의 관계
3093,Major,Majo007,국민대_중국정경전공,Course,Cour0803,S-TEAMClass,offers,전공과 교육과정(교과목)의 관계
3094,Major,Majo007,국민대_중국정경전공,Course,Cour0804,EnglishconversationⅠ(Advanced),offers,전공과 교육과정(교과목)의 관계
3095,Major,Majo007,국민대_중국정경전공,Course,Cour0805,EnglishconversationⅡ(Advanced),offers,전공과 교육과정(교과목)의 관계
3096,Major,Majo007,국민대_중국정경전공,Course,Cour0806,컴퓨터프로그래밍Ⅱ,offers,전공과 교육과정(교과목)의 관계
3097,Major,Majo007,국민대_중국정경전공,Course,Cour0807,국제정치와중국,offers,전공과 교육과정(교과목)의 관계
3098,Major,Majo007,국민대_중국정경전공,Course,Cour0808,혁명기의중국,offers,전공과 교육과정(교과목)의 관계
3099,Major,Majo007,국민대_중국정경전공,Course,Cour0809,중국사회의변동과사회정책,offers,전공과 교육과정(교과목)의 관계
3100,Major,Majo007,국민대_중국정경전공,Course,Cour0810,한중무역통상론,offers,전공과 교육과정(교과목)의 관계
3101,Major,Majo007,국민대_중국정경전공,Course,Cour0811,실용중국어회화,offers,전공과 교육과정(교과목)의 관계
3102,Major,Majo007,국민대_중국정경전공,Course,Cour0812,중국현대사,offers,전공과 교육과정(교과목)의 관계
3103,Major,Majo007,국민대_중국정경전공,Course,Cour0813,중국경제론,offers,전공과 교육과정(교과목)의 관계
3104,Major,Majo007,국민대_중국정경전공,Course,Cour0814,중국과한반도의관계,offers,전공과 교육과정(교과목)의 관계
3105,Major,Majo007,국민대_중국정경전공,Course,Cour0815,중국사회문화연구,offers,전공과 교육과정(교과목)의 관계
3106,Major,Majo007,국민대_중국정경전공,Course,Cour0816,중국의기업문화와상관행,offers,전공과 교육과정(교과목)의 관계
3107,Major,Majo007,국민대_중국정경전공,Course,Cour0817,중국연구특강(캡스톤디자인),offers,전공과 교육과정(교과목)의 관계
3108,Major,Majo007,국민대_중국정경전공,Course,Cour0818,중국의경제성장과혁신,offers,전공과 교육과정(교과목)의 관계
3109,Major,Majo007,국민대_중국정경전공,Course,Cour0819,중국전통시대의삶과문화,offers,전공과 교육과정(교과목)의 관계
3110,Major,Majo007,국민대_중국정경전공,Course,Cour0820,현대중국정치의이해,offers,전공과 교육과정(교과목)의 관계
3111,Major,Majo007,국민대_중국정경전공,Course,Cour0821,중국의기업과경영환경,offers,전공과 교육과정(교과목)의 관계
3112,Major,Majo007,국민대_중국정경전공,Course,Cour0822,화교경제권의이해,offers,전공과 교육과정(교과목)의 관계
3113,Major,Majo007,국민대_중국정경전공,Course,Cour0823,중국과아시아,offers,전공과 교육과정(교과목)의 관계
3114,Major,Majo007,국민대_중국정경전공,Course,Cour0824,중화제국과동아시아,offers,전공과 교육과정(교과목)의 관계
3115,Major,Majo007,국민대_중국정경전공,Course,Cour0825,중국외교와국제관계,offers,전공과 교육과정(교과목)의 관계
3116,Major,Majo007,국민대_중국정경전공,Course,Cour0826,중국금융의이해와과제,offers,전공과 교육과정(교과목)의 관계
3117,Major,Majo007,국민대_중국정경전공,Course,Cour0827,서구매체속의현대중국,offers,전공과 교육과정(교과목)의 관계
3118,Major,Majo007,국민대_중국정경전공,Course,Cour0828,세계속의중국문화(캡스톤디자인),offers,전공과 교육과정(교과목)의 관계
3119,Major,Majo007,국민대_중국정경전공,Course,Cour0829,사제동행세미나,offers,전공과 교육과정(교과목)의 관계
3120,Major,Majo007,국민대_중국정경전공,Course,Cour0830,현대중국어어법의이해,offers,전공과 교육과정(교과목)의 관계
3121,Major,Majo007,국민대_중국정경전공,Course,Cour0831,중국학을위한경제학에센스,offers,전공과 교육과정(교과목)의 관계
3122,Major,Majo007,국민대_중국정경전공,Course,Cour0832,멀티미디어중국어,offers,전공과 교육과정(교과목)의 관계
3123,Major,Majo007,국민대_중국정경전공,Course,Cour0833,비즈니스중국어,offers,전공과 교육과정(교과목)의 관계
3124,Major,Majo007,국민대_중국정경전공,Course,Cour0834,언어로본중국현대사회문화,offers,전공과 교육과정(교과목)의 관계
3125,Major,Majo007,국민대_중국정경전공,Course,Cour0835,글로벌기업의중국전략연구,offers,전공과 교육과정(교과목)의 관계
3126,Major,Majo007,국민대_중국정경전공,Course,Cour0836,중국의탈탄소전략과신에너지산업,offers,전공과 교육과정(교과목)의 관계
3127,Major,Majo008,단국대_중국학전공,Course,Cour0892,중국어입문,offers,전공과 교육과정(교과목)의 관계
3128,Major,Majo008,단국대_중국학전공,Course,Cour0893,중국의이해,offers,전공과 교육과정(교과목)의 관계
3129,Major,Majo008,단국대_중국학전공,Course,Cour0894,현대중국의사회와문화,offers,전공과 교육과정(교과목)의 관계
3130,Major,Majo008,단국대_중국학전공,Course,Cour0895,핵심한자와중국어기초어휘,offers,전공과 교육과정(교과목)의 관계
3131,Major,Majo008,단국대_중국학전공,Course,Cour0896,중국문학개론,offers,전공과 교육과정(교과목)의 관계
3132,Major,Majo008,단국대_중국학전공,Course,Cour0897,현대중국어문법,offers,전공과 교육과정(교과목)의 관계
3133,Major,Majo008,단국대_중국학전공,Course,Cour0898,실용중국어작문,offers,전공과 교육과정(교과목)의 관계
3134,Major,Majo008,단국대_중국학전공,Course,Cour0899,실용중국어회화,offers,전공과 교육과정(교과목)의 관계
3135,Major,Majo008,단국대_중국학전공,Course,Cour0900,중국어학개론,offers,전공과 교육과정(교과목)의 관계
3136,Major,Majo008,단국대_중국학전공,Course,Cour0901,중국어명작중한번역,offers,전공과 교육과정(교과목)의 관계
3137,Major,Majo008,단국대_중국학전공,Course,Cour0902,비즈니스중국어,offers,전공과 교육과정(교과목)의 관계
3138,Major,Majo008,단국대_중국학전공,Course,Cour0903,테마중국어작문,offers,전공과 교육과정(교과목)의 관계
3139,Major,Majo008,단국대_중국학전공,Course,Cour0904,테마중국어회화,offers,전공과 교육과정(교과목)의 관계
3140,Major,Majo008,단국대_중국학전공,Course,Cour0905,중국어실습Ⅰ,offers,전공과 교육과정(교과목)의 관계
3141,Major,Majo008,단국대_중국학전공,Course,Cour0906,중국어실습Ⅱ,offers,전공과 교육과정(교과목)의 관계
3142,Major,Majo008,단국대_중국학전공,Course,Cour0907,중국어교과교육론,offers,전공과 교육과정(교과목)의 관계
3143,Major,Majo008,단국대_중국학전공,Course,Cour0908,중국언어문화강독,offers,전공과 교육과정(교과목)의 관계
3144,Major,Majo008,단국대_중국학전공,Course,Cour0909,고급중국어회화작문,offers,전공과 교육과정(교과목)의 관계
3145,Major,Majo008,단국대_중국학전공,Course,Cour0910,중국어통역의이론과실제,offers,전공과 교육과정(교과목)의 관계
3146,Major,Majo008,단국대_중국학전공,Course,Cour0911,IT실무중국어,offers,전공과 교육과정(교과목)의 관계
3147,Major,Majo008,단국대_중국학전공,Course,Cour0912,삶과철학중국어강독,offers,전공과 교육과정(교과목)의 관계
3148,Major,Majo008,단국대_중국학전공,Course,Cour0913,취창업·진로세미나Ⅰ,offers,전공과 교육과정(교과목)의 관계
3149,Major,Majo008,단국대_중국학전공,Course,Cour0914,중국역사와문명교류,offers,전공과 교육과정(교과목)의 관계
3150,Major,Majo008,단국대_중국학전공,Course,Cour0915,교과논리및논술,offers,전공과 교육과정(교과목)의 관계
3151,Major,Majo008,단국대_중국학전공,Course,Cour0916,중국어교재연구및지도법,offers,전공과 교육과정(교과목)의 관계
3152,Major,Majo008,단국대_중국학전공,Course,Cour0917,중국경제개관강독,offers,전공과 교육과정(교과목)의 관계
3153,Major,Majo008,단국대_중국학전공,Course,Cour0918,심화중국어회화작문,offers,전공과 교육과정(교과목)의 관계
3154,Major,Majo008,단국대_중국학전공,Course,Cour0919,중국어통번역특강,offers,전공과 교육과정(교과목)의 관계
3155,Major,Majo008,단국대_중국학전공,Course,Cour0920,중국통상및시사,offers,전공과 교육과정(교과목)의 관계
3156,Major,Majo008,단국대_중국학전공,Course,Cour0921,취창업·진로세미나Ⅱ,offers,전공과 교육과정(교과목)의 관계
3157,Major,Majo008,단국대_중국학전공,Course,Cour0922,고전중국어문법,offers,전공과 교육과정(교과목)의 관계
3158,Major,Majo008,단국대_중국학전공,Course,Cour0923,중국문학과스토리텔링,offers,전공과 교육과정(교과목)의 관계
3159,Major,Majo008,단국대_중국학전공,Course,Cour0924,중국언어문자학특강,offers,전공과 교육과정(교과목)의 관계
3160,Major,Majo008,단국대_중국학전공,Course,Cour0925,미디어와중국대중문화,offers,전공과 교육과정(교과목)의 관계
3161,Major,Majo008,단국대_중국학전공,Course,Cour0926,중국고전시가선독,offers,전공과 교육과정(교과목)의 관계
3162,Major,Majo008,단국대_중국학전공,Course,Cour0927,중국어권사회와문화,offers,전공과 교육과정(교과목)의 관계
3163,Major,Majo008,단국대_중국학전공,Course,Cour0928,중국역사문헌강독,offers,전공과 교육과정(교과목)의 관계
3164,Major,Majo008,단국대_중국학전공,Course,Cour0929,AI시대중국학,offers,전공과 교육과정(교과목)의 관계
3165,Major,Majo010,덕성여자대_중어중문학전공,Course,Cour0963,중국어회화,offers,전공과 교육과정(교과목)의 관계
3166,Major,Majo010,덕성여자대_중어중문학전공,Course,Cour0964,중국문화산책,offers,전공과 교육과정(교과목)의 관계
3167,Major,Majo010,덕성여자대_중어중문학전공,Course,Cour0965,기초중국어,offers,전공과 교육과정(교과목)의 관계
3168,Major,Majo010,덕성여자대_중어중문학전공,Course,Cour0966,기초중국어회화,offers,전공과 교육과정(교과목)의 관계
3169,Major,Majo010,덕성여자대_중어중문학전공,Course,Cour0967,중국고전문학사,offers,전공과 교육과정(교과목)의 관계
3170,Major,Majo010,덕성여자대_중어중문학전공,Course,Cour0968,시사중국어,offers,전공과 교육과정(교과목)의 관계
3171,Major,Majo010,덕성여자대_중어중문학전공,Course,Cour0969,중국당대문학사,offers,전공과 교육과정(교과목)의 관계
3172,Major,Majo010,덕성여자대_중어중문학전공,Course,Cour0970,중국어작문,offers,전공과 교육과정(교과목)의 관계
3173,Major,Majo010,덕성여자대_중어중문학전공,Course,Cour0971,중국어학입문,offers,전공과 교육과정(교과목)의 관계
3174,Major,Majo010,덕성여자대_중어중문학전공,Course,Cour0972,중국역대명시감상,offers,전공과 교육과정(교과목)의 관계
3175,Major,Majo010,덕성여자대_중어중문학전공,Course,Cour0973,중급중국어,offers,전공과 교육과정(교과목)의 관계
3176,Major,Majo010,덕성여자대_중어중문학전공,Course,Cour0974,중급중국어회화,offers,전공과 교육과정(교과목)의 관계
3177,Major,Majo010,덕성여자대_중어중문학전공,Course,Cour0975,실무중국어,offers,전공과 교육과정(교과목)의 관계
3178,Major,Majo010,덕성여자대_중어중문학전공,Course,Cour0976,언어와문자로이해하는중국,offers,전공과 교육과정(교과목)의 관계
3179,Major,Majo010,덕성여자대_중어중문학전공,Course,Cour0977,영상으로배우는스마트중국어,offers,전공과 교육과정(교과목)의 관계
3180,Major,Majo010,덕성여자대_중어중문학전공,Course,Cour0978,현대시선독,offers,전공과 교육과정(교과목)의 관계
3181,Major,Majo010,덕성여자대_중어중문학전공,Course,Cour0979,미디어로보는중국,offers,전공과 교육과정(교과목)의 관계
3182,Major,Majo010,덕성여자대_중어중문학전공,Course,Cour0980,중국근.현대문학사,offers,전공과 교육과정(교과목)의 관계
3183,Major,Majo010,덕성여자대_중어중문학전공,Course,Cour0981,중국역대명구선독,offers,전공과 교육과정(교과목)의 관계
3184,Major,Majo010,덕성여자대_중어중문학전공,Course,Cour0982,초급중국어,offers,전공과 교육과정(교과목)의 관계
3185,Major,Majo010,덕성여자대_중어중문학전공,Course,Cour0983,초급중국어강독,offers,전공과 교육과정(교과목)의 관계
3186,Major,Majo010,덕성여자대_중어중문학전공,Course,Cour0984,초급중국어회화,offers,전공과 교육과정(교과목)의 관계
3187,Major,Majo010,덕성여자대_중어중문학전공,Course,Cour0985,고급중국어,offers,전공과 교육과정(교과목)의 관계
3188,Major,Majo010,덕성여자대_중어중문학전공,Course,Cour0986,고급중국어강독,offers,전공과 교육과정(교과목)의 관계
3189,Major,Majo010,덕성여자대_중어중문학전공,Course,Cour0987,고급중국어회화,offers,전공과 교육과정(교과목)의 관계
3190,Major,Majo010,덕성여자대_중어중문학전공,Course,Cour0988,중국어어법,offers,전공과 교육과정(교과목)의 관계
3191,Major,Majo010,덕성여자대_중어중문학전공,Course,Cour0989,중국어통번역,offers,전공과 교육과정(교과목)의 관계
3192,Major,Majo010,덕성여자대_중어중문학전공,Course,Cour0990,중국역대명문감상,offers,전공과 교육과정(교과목)의 관계
3193,Major,Majo010,덕성여자대_중어중문학전공,Course,Cour0991,현대산문,offers,전공과 교육과정(교과목)의 관계
3194,Major,Majo010,덕성여자대_중어중문학전공,Course,Cour0992,명.청소설선독,offers,전공과 교육과정(교과목)의 관계
3195,Major,Majo010,덕성여자대_중어중문학전공,Course,Cour0993,중국지역문화기행,offers,전공과 교육과정(교과목)의 관계
3196,Major,Majo010,덕성여자대_중어중문학전공,Course,Cour0994,현대소설선독,offers,전공과 교육과정(교과목)의 관계
3197,Major,Majo010,덕성여자대_중어중문학전공,Course,Cour0995,교양중국어,offers,전공과 교육과정(교과목)의 관계
3198,Major,Majo010,덕성여자대_중어중문학전공,Course,Cour0996,중국문화의이해,offers,전공과 교육과정(교과목)의 관계
3199,Major,Majo010,덕성여자대_중어중문학전공,Course,Cour0997,테마중국기행,offers,전공과 교육과정(교과목)의 관계
3200,Major,Majo011,동덕여자대_중어중국학전공,Course,Cour1065,중국학입문,offers,전공과 교육과정(교과목)의 관계
3201,Major,Majo011,동덕여자대_중어중국학전공,Course,Cour1066,중국어실습,offers,전공과 교육과정(교과목)의 관계
3202,Major,Majo011,동덕여자대_중어중국학전공,Course,Cour1067,AI시사중국,offers,전공과 교육과정(교과목)의 관계
3203,Major,Majo011,동덕여자대_중어중국학전공,Course,Cour1068,기초중국어Ⅰ,offers,전공과 교육과정(교과목)의 관계
3204,Major,Majo011,동덕여자대_중어중국학전공,Course,Cour1069,기초중국어회화,offers,전공과 교육과정(교과목)의 관계
3205,Major,Majo011,동덕여자대_중어중국학전공,Course,Cour1070,현대중국의이해,offers,전공과 교육과정(교과목)의 관계
3206,Major,Majo011,동덕여자대_중어중국학전공,Course,Cour1071,기초중국어Ⅱ,offers,전공과 교육과정(교과목)의 관계
3207,Major,Majo011,동덕여자대_중어중국학전공,Course,Cour1072,중국근현대사,offers,전공과 교육과정(교과목)의 관계
3208,Major,Majo011,동덕여자대_중어중국학전공,Course,Cour1073,중국지역탐구,offers,전공과 교육과정(교과목)의 관계
3209,Major,Majo011,동덕여자대_중어중국학전공,Course,Cour1074,중급중국어Ⅰ,offers,전공과 교육과정(교과목)의 관계
3210,Major,Majo011,동덕여자대_중어중국학전공,Course,Cour1075,중급중국어회화,offers,전공과 교육과정(교과목)의 관계
3211,Major,Majo011,동덕여자대_중어중국학전공,Course,Cour1076,중급중국어Ⅱ,offers,전공과 교육과정(교과목)의 관계
3212,Major,Majo011,동덕여자대_중어중국학전공,Course,Cour1077,현대중국문학의이해,offers,전공과 교육과정(교과목)의 관계
3213,Major,Majo011,동덕여자대_중어중국학전공,Course,Cour1078,중국과국제사회,offers,전공과 교육과정(교과목)의 관계
3214,Major,Majo011,동덕여자대_중어중국학전공,Course,Cour1079,중국사회론,offers,전공과 교육과정(교과목)의 관계
3215,Major,Majo011,동덕여자대_중어중국학전공,Course,Cour1080,중국문화특강,offers,전공과 교육과정(교과목)의 관계
3216,Major,Majo011,동덕여자대_중어중국학전공,Course,Cour1081,현대중국어문법,offers,전공과 교육과정(교과목)의 관계
3217,Major,Majo011,동덕여자대_중어중국학전공,Course,Cour1082,소수민족연구,offers,전공과 교육과정(교과목)의 관계
3218,Major,Majo011,동덕여자대_중어중국학전공,Course,Cour1083,한중관계론,offers,전공과 교육과정(교과목)의 관계
3219,Major,Majo011,동덕여자대_중어중국학전공,Course,Cour1084,고급중국어회화,offers,전공과 교육과정(교과목)의 관계
3220,Major,Majo011,동덕여자대_중어중국학전공,Course,Cour1085,중국어학개론,offers,전공과 교육과정(교과목)의 관계
3221,Major,Majo011,동덕여자대_중어중국학전공,Course,Cour1086,중국경제입문,offers,전공과 교육과정(교과목)의 관계
3222,Major,Majo011,동덕여자대_중어중국학전공,Course,Cour1087,중국시사경제연구,offers,전공과 교육과정(교과목)의 관계
3223,Major,Majo011,동덕여자대_중어중국학전공,Course,Cour1088,중국의기업과경영,offers,전공과 교육과정(교과목)의 관계
3224,Major,Majo011,동덕여자대_중어중국학전공,Course,Cour1089,초급중국어회화,offers,전공과 교육과정(교과목)의 관계
3225,Major,Majo011,동덕여자대_중어중국학전공,Course,Cour1090,비즈니스중국어회화,offers,전공과 교육과정(교과목)의 관계
3226,Major,Majo011,동덕여자대_중어중국학전공,Course,Cour1091,미디어중국어,offers,전공과 교육과정(교과목)의 관계
3227,Major,Majo011,동덕여자대_중어중국학전공,Course,Cour1092,대만과화교사회의이해,offers,전공과 교육과정(교과목)의 관계
3228,Major,Majo011,동덕여자대_중어중국학전공,Course,Cour1093,고급중국어,offers,전공과 교육과정(교과목)의 관계
3229,Major,Majo011,동덕여자대_중어중국학전공,Course,Cour1094,중국과동아시아,offers,전공과 교육과정(교과목)의 관계
3230,Major,Majo011,동덕여자대_중어중국학전공,Course,Cour1095,진로설계세미나,offers,전공과 교육과정(교과목)의 관계
3231,Major,Majo011,동덕여자대_중어중국학전공,Course,Cour1096,중국대중문화와문화산업의이해,offers,전공과 교육과정(교과목)의 관계
3232,Major,Majo011,동덕여자대_중어중국학전공,Course,Cour1097,중국플랫폼서비스산업의이해,offers,전공과 교육과정(교과목)의 관계
3233,Major,Majo011,동덕여자대_중어중국학전공,Course,Cour1098,미디어현대중국의이해,offers,전공과 교육과정(교과목)의 관계
3234,Major,Majo011,동덕여자대_중어중국학전공,Course,Cour1099,중한번역연습(캡스톤디자인),offers,전공과 교육과정(교과목)의 관계
3235,Major,Majo011,동덕여자대_중어중국학전공,Course,Cour1100,인터넷시사중국,offers,전공과 교육과정(교과목)의 관계
3236,Major,Majo011,동덕여자대_중어중국학전공,Course,Cour1101,전공진로탐색,offers,전공과 교육과정(교과목)의 관계
3237,Major,Majo011,동덕여자대_중어중국학전공,Course,Cour1102,중국문학의이해,offers,전공과 교육과정(교과목)의 관계
3238,Major,Majo012,명지대_중어중문학전공,Course,Cour1268,중국대중문화,offers,전공과 교육과정(교과목)의 관계
3239,Major,Majo012,명지대_중어중문학전공,Course,Cour1269,중국인문기행,offers,전공과 교육과정(교과목)의 관계
3240,Major,Majo012,명지대_중어중문학전공,Course,Cour1270,초급중국어회화Ⅰ,offers,전공과 교육과정(교과목)의 관계
3241,Major,Majo012,명지대_중어중문학전공,Course,Cour1271,초급중국어회화Ⅱ,offers,전공과 교육과정(교과목)의 관계
3242,Major,Majo012,명지대_중어중문학전공,Course,Cour1272,중급중국어회화Ⅰ,offers,전공과 교육과정(교과목)의 관계
3243,Major,Majo012,명지대_중어중문학전공,Course,Cour1273,중급중국어회화Ⅱ,offers,전공과 교육과정(교과목)의 관계
3244,Major,Majo012,명지대_중어중문학전공,Course,Cour1274,중국어청취Ⅰ,offers,전공과 교육과정(교과목)의 관계
3245,Major,Majo012,명지대_중어중문학전공,Course,Cour1275,중국어청취Ⅱ,offers,전공과 교육과정(교과목)의 관계
3246,Major,Majo012,명지대_중어중문학전공,Course,Cour1276,중국문학개론,offers,전공과 교육과정(교과목)의 관계
3247,Major,Majo012,명지대_중어중문학전공,Course,Cour1277,중국어학개론,offers,전공과 교육과정(교과목)의 관계
3248,Major,Majo012,명지대_중어중문학전공,Course,Cour1278,중국의서사와스토리텔링,offers,전공과 교육과정(교과목)의 관계
3249,Major,Majo012,명지대_중어중문학전공,Course,Cour1279,중국의시와노래,offers,전공과 교육과정(교과목)의 관계
3250,Major,Majo012,명지대_중어중문학전공,Course,Cour1280,현대문학과중국인,offers,전공과 교육과정(교과목)의 관계
3251,Major,Majo012,명지대_중어중문학전공,Course,Cour1281,중국어문법,offers,전공과 교육과정(교과목)의 관계
3252,Major,Majo012,명지대_중어중문학전공,Course,Cour1282,중국어작문,offers,전공과 교육과정(교과목)의 관계
3253,Major,Majo012,명지대_중어중문학전공,Course,Cour1283,시사중국어독해,offers,전공과 교육과정(교과목)의 관계
3254,Major,Majo012,명지대_중어중문학전공,Course,Cour1284,미래산업중국어,offers,전공과 교육과정(교과목)의 관계
3255,Major,Majo012,명지대_중어중문학전공,Course,Cour1285,HSK어법중국어,offers,전공과 교육과정(교과목)의 관계
3256,Major,Majo012,명지대_중어중문학전공,Course,Cour1286,중국영화의안과밖,offers,전공과 교육과정(교과목)의 관계
3257,Major,Majo012,명지대_중어중문학전공,Course,Cour1287,중국미디어콘텐츠,offers,전공과 교육과정(교과목)의 관계
3258,Major,Majo012,명지대_중어중문학전공,Course,Cour1288,중국고문의이해,offers,전공과 교육과정(교과목)의 관계
3259,Major,Majo012,명지대_중어중문학전공,Course,Cour1289,중문취업세미나,offers,전공과 교육과정(교과목)의 관계
3260,Major,Majo012,명지대_중어중문학전공,Course,Cour1290,중국음운의이해,offers,전공과 교육과정(교과목)의 관계
3261,Major,Majo012,명지대_중어중문학전공,Course,Cour1291,중국어문학주제탐구(캡스톤디자인),offers,전공과 교육과정(교과목)의 관계
3262,Major,Majo012,명지대_중어중문학전공,Course,Cour1292,현대중국사회의이해,offers,전공과 교육과정(교과목)의 관계
3263,Major,Majo012,명지대_중어중문학전공,Course,Cour1293,비즈니스중국어실용문,offers,전공과 교육과정(교과목)의 관계
3264,Major,Majo012,명지대_중어중문학전공,Course,Cour1294,통역의실제,offers,전공과 교육과정(교과목)의 관계
3265,Major,Majo012,명지대_중어중문학전공,Course,Cour1295,인터뷰중국어,offers,전공과 교육과정(교과목)의 관계
3266,Major,Majo012,명지대_중어중문학전공,Course,Cour1296,비즈니스중국어회화,offers,전공과 교육과정(교과목)의 관계
3267,Major,Majo012,명지대_중어중문학전공,Course,Cour1297,미디어중한번역,offers,전공과 교육과정(교과목)의 관계
3268,Major,Majo012,명지대_중어중문학전공,Course,Cour1298,중국어교재연구및지도법,offers,전공과 교육과정(교과목)의 관계
3269,Major,Majo012,명지대_중어중문학전공,Course,Cour1299,중국어논리및논술,offers,전공과 교육과정(교과목)의 관계
3270,Major,Majo012,명지대_중어중문학전공,Course,Cour1300,중국어교과교육론,offers,전공과 교육과정(교과목)의 관계
3271,Major,Majo004,국립목포대_동아시아문화전공,Course,Cour1301,중국어회화Ⅰ,offers,전공과 교육과정(교과목)의 관계
3272,Major,Majo004,국립목포대_동아시아문화전공,Course,Cour1302,동아시아문화이해,offers,전공과 교육과정(교과목)의 관계
3273,Major,Majo004,국립목포대_동아시아문화전공,Course,Cour1303,동아시아대중문화트렌드읽기,offers,전공과 교육과정(교과목)의 관계
3274,Major,Majo004,국립목포대_동아시아문화전공,Course,Cour1304,중국어권문화,offers,전공과 교육과정(교과목)의 관계
3275,Major,Majo004,국립목포대_동아시아문화전공,Course,Cour1305,동아시아해양문화의이해,offers,전공과 교육과정(교과목)의 관계
3276,Major,Majo004,국립목포대_동아시아문화전공,Course,Cour1306,글로벌문화의이해Ⅰ,offers,전공과 교육과정(교과목)의 관계
3277,Major,Majo004,국립목포대_동아시아문화전공,Course,Cour1307,글로벌문화의이해Ⅱ,offers,전공과 교육과정(교과목)의 관계
3278,Major,Majo004,국립목포대_동아시아문화전공,Course,Cour1308,중국어문법Ⅰ,offers,전공과 교육과정(교과목)의 관계
3279,Major,Majo004,국립목포대_동아시아문화전공,Course,Cour1309,중국문학개론,offers,전공과 교육과정(교과목)의 관계
3280,Major,Majo004,국립목포대_동아시아문화전공,Course,Cour1310,동아시아지역과문화,offers,전공과 교육과정(교과목)의 관계
3281,Major,Majo004,국립목포대_동아시아문화전공,Course,Cour1311,OTT로보는동아시아문화,offers,전공과 교육과정(교과목)의 관계
3282,Major,Majo004,국립목포대_동아시아문화전공,Course,Cour1312,중국어학개론,offers,전공과 교육과정(교과목)의 관계
3283,Major,Majo004,국립목포대_동아시아문화전공,Course,Cour1313,동남아시아의이해,offers,전공과 교육과정(교과목)의 관계
3284,Major,Majo004,국립목포대_동아시아문화전공,Course,Cour1314,한국의문화와사상,offers,전공과 교육과정(교과목)의 관계
3285,Major,Majo004,국립목포대_동아시아문화전공,Course,Cour1315,중국어문법Ⅱ,offers,전공과 교육과정(교과목)의 관계
3286,Major,Majo004,국립목포대_동아시아문화전공,Course,Cour1316,중국어회화Ⅱ,offers,전공과 교육과정(교과목)의 관계
3287,Major,Majo004,국립목포대_동아시아문화전공,Course,Cour1317,문화이론산책,offers,전공과 교육과정(교과목)의 관계
3288,Major,Majo004,국립목포대_동아시아문화전공,Course,Cour1318,중국어교육론,offers,전공과 교육과정(교과목)의 관계
3289,Major,Majo004,국립목포대_동아시아문화전공,Course,Cour1319,신HSK특강(초급),offers,전공과 교육과정(교과목)의 관계
3290,Major,Majo004,국립목포대_동아시아문화전공,Course,Cour1320,중국어강독Ⅰ,offers,전공과 교육과정(교과목)의 관계
3291,Major,Majo004,국립목포대_동아시아문화전공,Course,Cour1321,동아시아테마관광중국어회화,offers,전공과 교육과정(교과목)의 관계
3292,Major,Majo004,국립목포대_동아시아문화전공,Course,Cour1322,중국고전문화강독,offers,전공과 교육과정(교과목)의 관계
3293,Major,Majo004,국립목포대_동아시아문화전공,Course,Cour1323,콘텐츠로읽는동아시아,offers,전공과 교육과정(교과목)의 관계
3294,Major,Majo004,국립목포대_동아시아문화전공,Course,Cour1324,중국어강독Ⅱ,offers,전공과 교육과정(교과목)의 관계
3295,Major,Majo004,국립목포대_동아시아문화전공,Course,Cour1325,신HSK특강(중급),offers,전공과 교육과정(교과목)의 관계
3296,Major,Majo004,국립목포대_동아시아문화전공,Course,Cour1326,중국어교재연구및지도법,offers,전공과 교육과정(교과목)의 관계
3297,Major,Majo004,국립목포대_동아시아문화전공,Course,Cour1327,중국어비즈니스커뮤니케이션Ⅰ,offers,전공과 교육과정(교과목)의 관계
3298,Major,Majo004,국립목포대_동아시아문화전공,Course,Cour1328,영화로보는현대중국,offers,전공과 교육과정(교과목)의 관계
3299,Major,Majo004,국립목포대_동아시아문화전공,Course,Cour1329,중국어논리및논술,offers,전공과 교육과정(교과목)의 관계
3300,Major,Majo004,국립목포대_동아시아문화전공,Course,Cour1330,지역발전과차문화(캡스톤디자인),offers,전공과 교육과정(교과목)의 관계
3301,Major,Majo004,국립목포대_동아시아문화전공,Course,Cour1331,중국어비즈니스커뮤니케이션Ⅱ,offers,전공과 교육과정(교과목)의 관계
3302,Major,Majo004,국립목포대_동아시아문화전공,Course,Cour1332,동아시아경제와문화네트워크,offers,전공과 교육과정(교과목)의 관계
3303,Major,Majo013,부산외국어대_중국어전공,Course,Cour1409,중국어강독Ⅰ,offers,전공과 교육과정(교과목)의 관계
3304,Major,Majo013,부산외국어대_중국어전공,Course,Cour1410,중국어회화Ⅰ,offers,전공과 교육과정(교과목)의 관계
3305,Major,Majo013,부산외국어대_중국어전공,Course,Cour1411,중국어기초문법과작문,offers,전공과 교육과정(교과목)의 관계
3306,Major,Majo013,부산외국어대_중국어전공,Course,Cour1412,영화로배우는중국문화,offers,전공과 교육과정(교과목)의 관계
3307,Major,Majo013,부산외국어대_중국어전공,Course,Cour1413,중국어-한국어TandemⅠ,offers,전공과 교육과정(교과목)의 관계
3308,Major,Majo013,부산외국어대_중국어전공,Course,Cour1414,진로탐색,offers,전공과 교육과정(교과목)의 관계
3309,Major,Majo013,부산외국어대_중국어전공,Course,Cour1415,중국어발음과어휘,offers,전공과 교육과정(교과목)의 관계
3310,Major,Majo013,부산외국어대_중국어전공,Course,Cour1416,중국어강독Ⅱ,offers,전공과 교육과정(교과목)의 관계
3311,Major,Majo013,부산외국어대_중국어전공,Course,Cour1417,중국한자의이해,offers,전공과 교육과정(교과목)의 관계
3312,Major,Majo013,부산외국어대_중국어전공,Course,Cour1418,중국언어문화실습,offers,전공과 교육과정(교과목)의 관계
3313,Major,Majo013,부산외국어대_중국어전공,Course,Cour1419,HSK중국어,offers,전공과 교육과정(교과목)의 관계
3314,Major,Majo013,부산외국어대_중국어전공,Course,Cour1420,중국어-한국어TandemⅡ,offers,전공과 교육과정(교과목)의 관계
3315,Major,Majo013,부산외국어대_중국어전공,Course,Cour1421,진로설정,offers,전공과 교육과정(교과목)의 관계
3316,Major,Majo013,부산외국어대_중국어전공,Course,Cour1422,중국어회화Ⅱ,offers,전공과 교육과정(교과목)의 관계
3317,Major,Majo013,부산외국어대_중국어전공,Course,Cour1423,현대중국어의이해,offers,전공과 교육과정(교과목)의 관계
3318,Major,Majo013,부산외국어대_중국어전공,Course,Cour1424,중국지역문화여행,offers,전공과 교육과정(교과목)의 관계
3319,Major,Majo013,부산외국어대_중국어전공,Course,Cour1425,영상중국어번역,offers,전공과 교육과정(교과목)의 관계
3320,Major,Majo013,부산외국어대_중국어전공,Course,Cour1426,관광중국어콘텐츠기획(캡스톤디자인),offers,전공과 교육과정(교과목)의 관계
3321,Major,Majo013,부산외국어대_중국어전공,Course,Cour1427,중국어교과교육론,offers,전공과 교육과정(교과목)의 관계
3322,Major,Majo013,부산외국어대_중국어전공,Course,Cour1428,중국어듣고쓰기,offers,전공과 교육과정(교과목)의 관계
3323,Major,Majo013,부산외국어대_중국어전공,Course,Cour1429,중국문학과문화,offers,전공과 교육과정(교과목)의 관계
3324,Major,Majo013,부산외국어대_중국어전공,Course,Cour1430,인터뷰중국어통역연습,offers,전공과 교육과정(교과목)의 관계
3325,Major,Majo013,부산외국어대_중국어전공,Course,Cour1431,호텔항공중국어콘텐츠실무,offers,전공과 교육과정(교과목)의 관계
3326,Major,Majo013,부산외국어대_중국어전공,Course,Cour1432,중국어교과교재연구및지도법,offers,전공과 교육과정(교과목)의 관계
3327,Major,Majo013,부산외국어대_중국어전공,Course,Cour1433,취업커뮤니티Ⅰ,offers,전공과 교육과정(교과목)의 관계
3328,Major,Majo013,부산외국어대_중국어전공,Course,Cour1434,이슈로읽는중국어,offers,전공과 교육과정(교과목)의 관계
3329,Major,Majo013,부산외국어대_중국어전공,Course,Cour1435,중국어교과논리및논술,offers,전공과 교육과정(교과목)의 관계
3330,Major,Majo013,부산외국어대_중국어전공,Course,Cour1436,중국어콘텐츠AI번역(캡스톤디자인),offers,전공과 교육과정(교과목)의 관계
3331,Major,Majo013,부산외국어대_중국어전공,Course,Cour1437,취업커뮤니티Ⅱ,offers,전공과 교육과정(교과목)의 관계
3332,Major,Majo014,부산외국어대_중국지역통상전공,Course,Cour1438,중국어강독Ⅰ,offers,전공과 교육과정(교과목)의 관계
3333,Major,Majo014,부산외국어대_중국지역통상전공,Course,Cour1439,중국어회화Ⅰ,offers,전공과 교육과정(교과목)의 관계
3334,Major,Majo014,부산외국어대_중국지역통상전공,Course,Cour1440,중국사회의이해,offers,전공과 교육과정(교과목)의 관계
3335,Major,Majo014,부산외국어대_중국지역통상전공,Course,Cour1441,현대중국경제의이해,offers,전공과 교육과정(교과목)의 관계
3336,Major,Majo014,부산외국어대_중국지역통상전공,Course,Cour1442,진로탐색,offers,전공과 교육과정(교과목)의 관계
3337,Major,Majo014,부산외국어대_중국지역통상전공,Course,Cour1443,중국어발음과어휘,offers,전공과 교육과정(교과목)의 관계
3338,Major,Majo014,부산외국어대_중국지역통상전공,Course,Cour1444,중국역사의이해,offers,전공과 교육과정(교과목)의 관계
3339,Major,Majo014,부산외국어대_중국지역통상전공,Course,Cour1445,중국어비즈니스문서작성,offers,전공과 교육과정(교과목)의 관계
3340,Major,Majo014,부산외국어대_중국지역통상전공,Course,Cour1446,중국디지털문화의이해,offers,전공과 교육과정(교과목)의 관계
3341,Major,Majo014,부산외국어대_중국지역통상전공,Course,Cour1447,진로설정,offers,전공과 교육과정(교과목)의 관계
3342,Major,Majo014,부산외국어대_중국지역통상전공,Course,Cour1448,현대중국정치의이해,offers,전공과 교육과정(교과목)의 관계
3343,Major,Majo014,부산외국어대_중국지역통상전공,Course,Cour1449,실용마케팅중국어,offers,전공과 교육과정(교과목)의 관계
3344,Major,Majo014,부산외국어대_중국지역통상전공,Course,Cour1450,중국통상의이해,offers,전공과 교육과정(교과목)의 관계
3345,Major,Majo014,부산외국어대_중국지역통상전공,Course,Cour1451,중국어E-비즈니스실무,offers,전공과 교육과정(교과목)의 관계
3346,Major,Majo014,부산외국어대_중국지역통상전공,Course,Cour1452,취업커뮤니티Ⅰ,offers,전공과 교육과정(교과목)의 관계
3347,Major,Majo014,부산외국어대_중국지역통상전공,Course,Cour1453,중국지리의이해,offers,전공과 교육과정(교과목)의 관계
3348,Major,Majo014,부산외국어대_중국지역통상전공,Course,Cour1454,실용비즈니스중국어,offers,전공과 교육과정(교과목)의 관계
3349,Major,Majo014,부산외국어대_중국지역통상전공,Course,Cour1455,한중문화산업,offers,전공과 교육과정(교과목)의 관계
3350,Major,Majo014,부산외국어대_중국지역통상전공,Course,Cour1456,중국SNS플랫폼,offers,전공과 교육과정(교과목)의 관계
3351,Major,Majo014,부산외국어대_중국지역통상전공,Course,Cour1457,ITT비즈니스중국어,offers,전공과 교육과정(교과목)의 관계
3352,Major,Majo014,부산외국어대_중국지역통상전공,Course,Cour1458,중국어PPT기법,offers,전공과 교육과정(교과목)의 관계
3353,Major,Majo014,부산외국어대_중국지역통상전공,Course,Cour1459,한중경제론,offers,전공과 교육과정(교과목)의 관계
3354,Major,Majo014,부산외국어대_중국지역통상전공,Course,Cour1460,캡스톤디자인Ⅰ,offers,전공과 교육과정(교과목)의 관계
3355,Major,Majo014,부산외국어대_중국지역통상전공,Course,Cour1461,취업커뮤니티Ⅱ,offers,전공과 교육과정(교과목)의 관계
3356,Major,Majo015,삼육대_동양어문화전공,Course,Cour1462,중국문화와언어,offers,전공과 교육과정(교과목)의 관계
3357,Major,Majo015,삼육대_동양어문화전공,Course,Cour1463,일본문화와언어,offers,전공과 교육과정(교과목)의 관계
3358,Major,Majo015,삼육대_동양어문화전공,Course,Cour1464,글로벌매너와이미지메이킹,offers,전공과 교육과정(교과목)의 관계
3359,Major,Majo015,삼육대_동양어문화전공,Course,Cour1465,기초중국어회화,offers,전공과 교육과정(교과목)의 관계
3360,Major,Majo015,삼육대_동양어문화전공,Course,Cour1466,기초일본어표현,offers,전공과 교육과정(교과목)의 관계
3361,Major,Majo015,삼육대_동양어문화전공,Course,Cour1467,항공서비스커뮤니케이션,offers,전공과 교육과정(교과목)의 관계
3362,Major,Majo015,삼육대_동양어문화전공,Course,Cour1468,초급중국어연습,offers,전공과 교육과정(교과목)의 관계
3363,Major,Majo015,삼육대_동양어문화전공,Course,Cour1469,중국문학의이해,offers,전공과 교육과정(교과목)의 관계
3364,Major,Majo015,삼육대_동양어문화전공,Course,Cour1470,기초일본어회화,offers,전공과 교육과정(교과목)의 관계
3365,Major,Majo015,삼육대_동양어문화전공,Course,Cour1471,초급시청각일본어,offers,전공과 교육과정(교과목)의 관계
3366,Major,Majo015,삼육대_동양어문화전공,Course,Cour1472,일본문화의이해,offers,전공과 교육과정(교과목)의 관계
3367,Major,Majo015,삼육대_동양어문화전공,Course,Cour1473,항공서비스업무론,offers,전공과 교육과정(교과목)의 관계
3368,Major,Majo015,삼육대_동양어문화전공,Course,Cour1474,관광경영의이해,offers,전공과 교육과정(교과목)의 관계
3369,Major,Majo015,삼육대_동양어문화전공,Course,Cour1475,초급중국어회화,offers,전공과 교육과정(교과목)의 관계
3370,Major,Majo015,삼육대_동양어문화전공,Course,Cour1476,중국어문법,offers,전공과 교육과정(교과목)의 관계
3371,Major,Majo015,삼육대_동양어문화전공,Course,Cour1477,중국어원어연극,offers,전공과 교육과정(교과목)의 관계
3372,Major,Majo015,삼육대_동양어문화전공,Course,Cour1478,초급일본어회화,offers,전공과 교육과정(교과목)의 관계
3373,Major,Majo015,삼육대_동양어문화전공,Course,Cour1479,기초일본어문법,offers,전공과 교육과정(교과목)의 관계
3374,Major,Majo015,삼육대_동양어문화전공,Course,Cour1480,일본어원어연극,offers,전공과 교육과정(교과목)의 관계
3375,Major,Majo015,삼육대_동양어문화전공,Course,Cour1481,항공식음료실습,offers,전공과 교육과정(교과목)의 관계
3376,Major,Majo015,삼육대_동양어문화전공,Course,Cour1482,서비스경영론,offers,전공과 교육과정(교과목)의 관계
3377,Major,Majo015,삼육대_동양어문화전공,Course,Cour1483,정보기술과활용,offers,전공과 교육과정(교과목)의 관계
3378,Major,Majo015,삼육대_동양어문화전공,Course,Cour1484,중급중국어회화,offers,전공과 교육과정(교과목)의 관계
3379,Major,Majo015,삼육대_동양어문화전공,Course,Cour1485,중국어독해,offers,전공과 교육과정(교과목)의 관계
3380,Major,Majo015,삼육대_동양어문화전공,Course,Cour1486,현장어학실습Ⅰ,offers,전공과 교육과정(교과목)의 관계
3381,Major,Majo015,삼육대_동양어문화전공,Course,Cour1487,중급일본어회화,offers,전공과 교육과정(교과목)의 관계
3382,Major,Majo015,삼육대_동양어문화전공,Course,Cour1488,미디어일본어,offers,전공과 교육과정(교과목)의 관계
3383,Major,Majo015,삼육대_동양어문화전공,Course,Cour1489,항공관광일본어독해,offers,전공과 교육과정(교과목)의 관계
3384,Major,Majo015,삼육대_동양어문화전공,Course,Cour1490,항공관광실무영어Ⅰ,offers,전공과 교육과정(교과목)의 관계
3385,Major,Majo015,삼육대_동양어문화전공,Course,Cour1491,항공기구조및안전보안,offers,전공과 교육과정(교과목)의 관계
3386,Major,Majo015,삼육대_동양어문화전공,Course,Cour1492,고객행동론,offers,전공과 교육과정(교과목)의 관계
3387,Major,Majo015,삼육대_동양어문화전공,Course,Cour1493,문화관광캡스톤디자인,offers,전공과 교육과정(교과목)의 관계
3388,Major,Majo015,삼육대_동양어문화전공,Course,Cour1494,실용중국어회화,offers,전공과 교육과정(교과목)의 관계
3389,Major,Majo015,삼육대_동양어문화전공,Course,Cour1495,미디어중국어,offers,전공과 교육과정(교과목)의 관계
3390,Major,Majo015,삼육대_동양어문화전공,Course,Cour1496,실용일본어회화,offers,전공과 교육과정(교과목)의 관계
3391,Major,Majo015,삼육대_동양어문화전공,Course,Cour1497,비즈니스일본어,offers,전공과 교육과정(교과목)의 관계
3392,Major,Majo015,삼육대_동양어문화전공,Course,Cour1498,일본인의심리와언어행동,offers,전공과 교육과정(교과목)의 관계
3393,Major,Majo015,삼육대_동양어문화전공,Course,Cour1499,현장어학실습Ⅱ,offers,전공과 교육과정(교과목)의 관계
3394,Major,Majo015,삼육대_동양어문화전공,Course,Cour1500,항공관광실무영어Ⅱ,offers,전공과 교육과정(교과목)의 관계
3395,Major,Majo015,삼육대_동양어문화전공,Course,Cour1501,관광데이터활용,offers,전공과 교육과정(교과목)의 관계
3396,Major,Majo015,삼육대_동양어문화전공,Course,Cour1502,서비스마케팅,offers,전공과 교육과정(교과목)의 관계
3397,Major,Majo015,삼육대_동양어문화전공,Course,Cour1503,한중번역및통역,offers,전공과 교육과정(교과목)의 관계
3398,Major,Majo015,삼육대_동양어문화전공,Course,Cour1504,고급중국어,offers,전공과 교육과정(교과목)의 관계
3399,Major,Majo015,삼육대_동양어문화전공,Course,Cour1505,항공관광일본어번역및통역,offers,전공과 교육과정(교과목)의 관계
3400,Major,Majo015,삼육대_동양어문화전공,Course,Cour1506,실무일본어,offers,전공과 교육과정(교과목)의 관계
3401,Major,Majo015,삼육대_동양어문화전공,Course,Cour1507,인턴십Ⅰ,offers,전공과 교육과정(교과목)의 관계
3402,Major,Majo015,삼육대_동양어문화전공,Course,Cour1508,서비스roleplay,offers,전공과 교육과정(교과목)의 관계
3403,Major,Majo015,삼육대_동양어문화전공,Course,Cour1509,서비스혁신,offers,전공과 교육과정(교과목)의 관계
3404,Major,Majo015,삼육대_동양어문화전공,Course,Cour1510,항공인터뷰영어,offers,전공과 교육과정(교과목)의 관계
3405,Major,Majo015,삼육대_동양어문화전공,Course,Cour1511,산업체현장실습Ⅰ,offers,전공과 교육과정(교과목)의 관계
3406,Major,Majo015,삼육대_동양어문화전공,Course,Cour1512,중국어인터뷰,offers,전공과 교육과정(교과목)의 관계
3407,Major,Majo015,삼육대_동양어문화전공,Course,Cour1513,실무중국어,offers,전공과 교육과정(교과목)의 관계
3408,Major,Majo015,삼육대_동양어문화전공,Course,Cour1514,일본어면접및인터뷰,offers,전공과 교육과정(교과목)의 관계
3409,Major,Majo015,삼육대_동양어문화전공,Course,Cour1515,융합캡스톤디자인,offers,전공과 교육과정(교과목)의 관계
3410,Major,Majo015,삼육대_동양어문화전공,Course,Cour1516,인턴십Ⅱ,offers,전공과 교육과정(교과목)의 관계
3411,Major,Majo015,삼육대_동양어문화전공,Course,Cour1517,항공관광서비스세미나,offers,전공과 교육과정(교과목)의 관계
3412,Major,Majo015,삼육대_동양어문화전공,Course,Cour1518,호텔업무론,offers,전공과 교육과정(교과목)의 관계
3413,Major,Majo015,삼육대_동양어문화전공,Course,Cour1519,산업체현장실습Ⅱ,offers,전공과 교육과정(교과목)의 관계
3414,Major,Majo016,상명대_중국어권지역학전공,Course,Cour1520,글로벌사회와지역문화,offers,전공과 교육과정(교과목)의 관계
3415,Major,Majo016,상명대_중국어권지역학전공,Course,Cour1521,글로벌시대의인문학,offers,전공과 교육과정(교과목)의 관계
3416,Major,Majo016,상명대_중국어권지역학전공,Course,Cour1522,전공체험(중국어권지역학전공),offers,전공과 교육과정(교과목)의 관계
3417,Major,Majo016,상명대_중국어권지역학전공,Course,Cour1523,기초중국어Ⅰ,offers,전공과 교육과정(교과목)의 관계
3418,Major,Majo016,상명대_중국어권지역학전공,Course,Cour1524,기초중국어Ⅱ,offers,전공과 교육과정(교과목)의 관계
3419,Major,Majo016,상명대_중국어권지역학전공,Course,Cour1525,전공체험(중국어권지역학전공),offers,전공과 교육과정(교과목)의 관계
3420,Major,Majo016,상명대_중국어권지역학전공,Course,Cour1526,초급중국어Ⅰ,offers,전공과 교육과정(교과목)의 관계
3421,Major,Majo016,상명대_중국어권지역학전공,Course,Cour1527,중국어회화Ⅰ,offers,전공과 교육과정(교과목)의 관계
3422,Major,Majo016,상명대_중국어권지역학전공,Course,Cour1528,현대중국의형성과변화,offers,전공과 교육과정(교과목)의 관계
3423,Major,Majo016,상명대_중국어권지역학전공,Course,Cour1529,중국문학의이해,offers,전공과 교육과정(교과목)의 관계
3424,Major,Majo016,상명대_중국어권지역학전공,Course,Cour1530,초급중국어Ⅱ,offers,전공과 교육과정(교과목)의 관계
3425,Major,Majo016,상명대_중국어권지역학전공,Course,Cour1531,중국어회화Ⅱ,offers,전공과 교육과정(교과목)의 관계
3426,Major,Majo016,상명대_중국어권지역학전공,Course,Cour1532,중국예술과문화콘텐츠(PBL),offers,전공과 교육과정(교과목)의 관계
3427,Major,Majo016,상명대_중국어권지역학전공,Course,Cour1533,현대중국사회의이해,offers,전공과 교육과정(교과목)의 관계
3428,Major,Majo016,상명대_중국어권지역학전공,Course,Cour1534,중급중국어,offers,전공과 교육과정(교과목)의 관계
3429,Major,Majo016,상명대_중국어권지역학전공,Course,Cour1535,중국어어법,offers,전공과 교육과정(교과목)의 관계
3430,Major,Majo016,상명대_중국어권지역학전공,Course,Cour1536,한중문화비교,offers,전공과 교육과정(교과목)의 관계
3431,Major,Majo016,상명대_중국어권지역학전공,Course,Cour1537,중국영화와글로벌마케팅,offers,전공과 교육과정(교과목)의 관계
3432,Major,Majo016,상명대_중국어권지역학전공,Course,Cour1538,중국문화산업의이해,offers,전공과 교육과정(교과목)의 관계
3433,Major,Majo016,상명대_중국어권지역학전공,Course,Cour1539,HSK중급,offers,전공과 교육과정(교과목)의 관계
3434,Major,Majo016,상명대_중국어권지역학전공,Course,Cour1540,TSC중급,offers,전공과 교육과정(교과목)의 관계
3435,Major,Majo016,상명대_중국어권지역학전공,Course,Cour1541,중국기업의발전과쟁점들,offers,전공과 교육과정(교과목)의 관계
3436,Major,Majo016,상명대_중국어권지역학전공,Course,Cour1542,관광중국어,offers,전공과 교육과정(교과목)의 관계
3437,Major,Majo016,상명대_중국어권지역학전공,Course,Cour1543,비즈니스중국어,offers,전공과 교육과정(교과목)의 관계
3438,Major,Majo016,상명대_중국어권지역학전공,Course,Cour1544,중국시장마케팅(캡스톤디자인),offers,전공과 교육과정(교과목)의 관계
3439,Major,Majo016,상명대_중국어권지역학전공,Course,Cour1545,이슈로보는중국경제,offers,전공과 교육과정(교과목)의 관계
3440,Major,Majo016,상명대_중국어권지역학전공,Course,Cour1546,중국문화와인물,offers,전공과 교육과정(교과목)의 관계
3441,Major,Majo032,서강대_문화학전공,Course,Cour1547,전공기초중국어Ⅰ,offers,전공과 교육과정(교과목)의 관계
3442,Major,Majo032,서강대_문화학전공,Course,Cour1548,전공기초중국어Ⅱ,offers,전공과 교육과정(교과목)의 관계
3443,Major,Majo032,서강대_문화학전공,Course,Cour1549,천자문의세계,offers,전공과 교육과정(교과목)의 관계
3444,Major,Majo032,서강대_문화학전공,Course,Cour1550,중국문학의세계,offers,전공과 교육과정(교과목)의 관계
3445,Major,Majo032,서강대_문화학전공,Course,Cour1551,"오늘의중국,중국인",offers,전공과 교육과정(교과목)의 관계
3446,Major,Majo032,서강대_문화학전공,Course,Cour1552,중국문화의이해,offers,전공과 교육과정(교과목)의 관계
3447,Major,Majo032,서강대_문화학전공,Course,Cour1553,중국학입문,offers,전공과 교육과정(교과목)의 관계
3448,Major,Majo032,서강대_문화학전공,Course,Cour1554,중국어회화Ⅰ,offers,전공과 교육과정(교과목)의 관계
3449,Major,Majo032,서강대_문화학전공,Course,Cour1555,중국어Ⅲ,offers,전공과 교육과정(교과목)의 관계
3450,Major,Majo032,서강대_문화학전공,Course,Cour1556,중국어작문Ⅰ,offers,전공과 교육과정(교과목)의 관계
3451,Major,Majo032,서강대_문화학전공,Course,Cour1557,기초한문,offers,전공과 교육과정(교과목)의 관계
3452,Major,Majo032,서강대_문화학전공,Course,Cour1558,중국문화의역사적이해,offers,전공과 교육과정(교과목)의 관계
3453,Major,Majo032,서강대_문화학전공,Course,Cour1559,중국문화의철학적이해,offers,전공과 교육과정(교과목)의 관계
3454,Major,Majo032,서강대_문화학전공,Course,Cour1560,중국어회화Ⅱ,offers,전공과 교육과정(교과목)의 관계
3455,Major,Majo032,서강대_문화학전공,Course,Cour1561,중국어Ⅳ,offers,전공과 교육과정(교과목)의 관계
3456,Major,Majo032,서강대_문화학전공,Course,Cour1562,중국어작문Ⅱ,offers,전공과 교육과정(교과목)의 관계
3457,Major,Majo032,서강대_문화학전공,Course,Cour1563,중국언어로보는중국문화,offers,전공과 교육과정(교과목)의 관계
3458,Major,Majo032,서강대_문화학전공,Course,Cour1564,한자로읽는중국문화코드,offers,전공과 교육과정(교과목)의 관계
3459,Major,Majo032,서강대_문화학전공,Course,Cour1565,중국고전명문,offers,전공과 교육과정(교과목)의 관계
3460,Major,Majo032,서강대_문화학전공,Course,Cour1566,중국신화와내러티브,offers,전공과 교육과정(교과목)의 관계
3461,Major,Majo032,서강대_문화학전공,Course,Cour1567,중국의공연예술,offers,전공과 교육과정(교과목)의 관계
3462,Major,Majo032,서강대_문화학전공,Course,Cour1568,유교와도교,offers,전공과 교육과정(교과목)의 관계
3463,Major,Majo032,서강대_문화학전공,Course,Cour1569,중국의현대와문학,offers,전공과 교육과정(교과목)의 관계
3464,Major,Majo032,서강대_문화학전공,Course,Cour1570,중국의대중문화,offers,전공과 교육과정(교과목)의 관계
3465,Major,Majo032,서강대_문화학전공,Course,Cour1571,영화와현대중국,offers,전공과 교육과정(교과목)의 관계
3466,Major,Majo032,서강대_문화학전공,Course,Cour1572,오늘의중국경제,offers,전공과 교육과정(교과목)의 관계
3467,Major,Majo032,서강대_문화학전공,Course,Cour1573,현대중국:구조와쟁점,offers,전공과 교육과정(교과목)의 관계
3468,Major,Majo032,서강대_문화학전공,Course,Cour1574,중국인의생활문화,offers,전공과 교육과정(교과목)의 관계
3469,Major,Majo032,서강대_문화학전공,Course,Cour1575,동아시아개론,offers,전공과 교육과정(교과목)의 관계
3470,Major,Majo032,서강대_문화학전공,Course,Cour1576,중국정치의이해,offers,전공과 교육과정(교과목)의 관계
3471,Major,Majo032,서강대_문화학전공,Course,Cour1577,고급중국어,offers,전공과 교육과정(교과목)의 관계
3472,Major,Majo032,서강대_문화학전공,Course,Cour1578,중국문화텍스트읽기,offers,전공과 교육과정(교과목)의 관계
3473,Major,Majo032,서강대_문화학전공,Course,Cour1579,중국시사,offers,전공과 교육과정(교과목)의 관계
3474,Major,Majo032,서강대_문화학전공,Course,Cour1580,중국어문법의이해,offers,전공과 교육과정(교과목)의 관계
3475,Major,Majo032,서강대_문화학전공,Course,Cour1581,중국고전시의세계,offers,전공과 교육과정(교과목)의 관계
3476,Major,Majo032,서강대_문화학전공,Course,Cour1582,사서와현대인의수양,offers,전공과 교육과정(교과목)의 관계
3477,Major,Majo032,서강대_문화학전공,Course,Cour1583,유가철학,offers,전공과 교육과정(교과목)의 관계
3478,Major,Majo032,서강대_문화학전공,Course,Cour1584,도가철학,offers,전공과 교육과정(교과목)의 관계
3479,Major,Majo032,서강대_문화학전공,Course,Cour1585,포스트사회주의시대중국이해,offers,전공과 교육과정(교과목)의 관계
3480,Major,Majo032,서강대_문화학전공,Course,Cour1586,대만사회와문화,offers,전공과 교육과정(교과목)의 관계
3481,Major,Majo032,서강대_문화학전공,Course,Cour1587,중국의현대사,offers,전공과 교육과정(교과목)의 관계
3482,Major,Majo032,서강대_문화학전공,Course,Cour1588,루쉰과현대,offers,전공과 교육과정(교과목)의 관계
3483,Major,Majo032,서강대_문화학전공,Course,Cour1589,그림속의중국,offers,전공과 교육과정(교과목)의 관계
3484,Major,Majo032,서강대_문화학전공,Course,Cour1590,중국경영의이해,offers,전공과 교육과정(교과목)의 관계
3485,Major,Majo032,서강대_문화학전공,Course,Cour1591,중국어통번역,offers,전공과 교육과정(교과목)의 관계
3486,Major,Majo032,서강대_문화학전공,Course,Cour1592,중국언어의이해,offers,전공과 교육과정(교과목)의 관계
3487,Major,Majo032,서강대_문화학전공,Course,Cour1593,중국문학사,offers,전공과 교육과정(교과목)의 관계
3488,Major,Majo032,서강대_문화학전공,Course,Cour1594,중국문학연구방법론,offers,전공과 교육과정(교과목)의 관계
3489,Major,Majo032,서강대_문화학전공,Course,Cour1595,중국현대문화분석,offers,전공과 교육과정(교과목)의 관계
3490,Major,Majo032,서강대_문화학전공,Course,Cour1596,문화연구서설,offers,전공과 교육과정(교과목)의 관계
3491,Major,Majo032,서강대_문화학전공,Course,Cour1597,문화연구주제특강,offers,전공과 교육과정(교과목)의 관계
3492,Major,Majo032,서강대_문화학전공,Course,Cour1598,중국어학주제특강,offers,전공과 교육과정(교과목)의 관계
3493,Major,Majo032,서강대_문화학전공,Course,Cour1599,중국어학연구입문,offers,전공과 교육과정(교과목)의 관계
3494,Major,Majo032,서강대_문화학전공,Course,Cour1600,중국문학주제특강,offers,전공과 교육과정(교과목)의 관계
3495,Major,Majo032,서강대_문화학전공,Course,Cour1601,중국문헌조사연구,offers,전공과 교육과정(교과목)의 관계
3496,Major,Majo032,서강대_문화학전공,Course,Cour1602,중국문헌조사연구,offers,전공과 교육과정(교과목)의 관계
3497,Major,Majo032,서강대_문화학전공,Course,Cour1603,개별연구논문,offers,전공과 교육과정(교과목)의 관계
3498,Major,Majo033,서강대_지역학전공,Course,Cour1604,전공기초중국어Ⅰ,offers,전공과 교육과정(교과목)의 관계
3499,Major,Majo033,서강대_지역학전공,Course,Cour1605,전공기초중국어Ⅱ,offers,전공과 교육과정(교과목)의 관계
3500,Major,Majo033,서강대_지역학전공,Course,Cour1606,중국문학의세계,offers,전공과 교육과정(교과목)의 관계
3501,Major,Majo033,서강대_지역학전공,Course,Cour1607,"오늘의중국,중국인",offers,전공과 교육과정(교과목)의 관계
3502,Major,Majo033,서강대_지역학전공,Course,Cour1608,중국문화의이해,offers,전공과 교육과정(교과목)의 관계
3503,Major,Majo033,서강대_지역학전공,Course,Cour1609,중국학입문,offers,전공과 교육과정(교과목)의 관계
3504,Major,Majo033,서강대_지역학전공,Course,Cour1610,중국어회화Ⅰ,offers,전공과 교육과정(교과목)의 관계
3505,Major,Majo033,서강대_지역학전공,Course,Cour1611,중국어Ⅲ,offers,전공과 교육과정(교과목)의 관계
3506,Major,Majo033,서강대_지역학전공,Course,Cour1612,중국어작문Ⅰ,offers,전공과 교육과정(교과목)의 관계
3507,Major,Majo033,서강대_지역학전공,Course,Cour1613,기초한문,offers,전공과 교육과정(교과목)의 관계
3508,Major,Majo033,서강대_지역학전공,Course,Cour1614,중국문화의역사적이해,offers,전공과 교육과정(교과목)의 관계
3509,Major,Majo033,서강대_지역학전공,Course,Cour1615,중국문화의철학적이해,offers,전공과 교육과정(교과목)의 관계
3510,Major,Majo033,서강대_지역학전공,Course,Cour1616,중국어회화Ⅱ,offers,전공과 교육과정(교과목)의 관계
3511,Major,Majo033,서강대_지역학전공,Course,Cour1617,중국어Ⅳ,offers,전공과 교육과정(교과목)의 관계
3512,Major,Majo033,서강대_지역학전공,Course,Cour1618,중국어작문Ⅱ,offers,전공과 교육과정(교과목)의 관계
3513,Major,Majo033,서강대_지역학전공,Course,Cour1619,중국언어로보는중국문화,offers,전공과 교육과정(교과목)의 관계
3514,Major,Majo033,서강대_지역학전공,Course,Cour1620,한자와중국문화,offers,전공과 교육과정(교과목)의 관계
3515,Major,Majo033,서강대_지역학전공,Course,Cour1621,중국고전명문,offers,전공과 교육과정(교과목)의 관계
3516,Major,Majo033,서강대_지역학전공,Course,Cour1622,중국신화와내러티브,offers,전공과 교육과정(교과목)의 관계
3517,Major,Majo033,서강대_지역학전공,Course,Cour1623,중국의공연예술,offers,전공과 교육과정(교과목)의 관계
3518,Major,Majo033,서강대_지역학전공,Course,Cour1624,유교와도교,offers,전공과 교육과정(교과목)의 관계
3519,Major,Majo033,서강대_지역학전공,Course,Cour1625,중국의현대와문학,offers,전공과 교육과정(교과목)의 관계
3520,Major,Majo033,서강대_지역학전공,Course,Cour1626,중국의대중문화,offers,전공과 교육과정(교과목)의 관계
3521,Major,Majo033,서강대_지역학전공,Course,Cour1627,영화와현대중국,offers,전공과 교육과정(교과목)의 관계
3522,Major,Majo033,서강대_지역학전공,Course,Cour1628,오늘의중국경제,offers,전공과 교육과정(교과목)의 관계
3523,Major,Majo033,서강대_지역학전공,Course,Cour1629,현대중국:구조와쟁점,offers,전공과 교육과정(교과목)의 관계
3524,Major,Majo033,서강대_지역학전공,Course,Cour1630,중국인의생활문화,offers,전공과 교육과정(교과목)의 관계
3525,Major,Majo033,서강대_지역학전공,Course,Cour1631,동아시아개론,offers,전공과 교육과정(교과목)의 관계
3526,Major,Majo033,서강대_지역학전공,Course,Cour1632,중국정치의이해,offers,전공과 교육과정(교과목)의 관계
3527,Major,Majo033,서강대_지역학전공,Course,Cour1633,고급중국어,offers,전공과 교육과정(교과목)의 관계
3528,Major,Majo033,서강대_지역학전공,Course,Cour1634,중국문화텍스트읽기,offers,전공과 교육과정(교과목)의 관계
3529,Major,Majo033,서강대_지역학전공,Course,Cour1635,중국시사,offers,전공과 교육과정(교과목)의 관계
3530,Major,Majo033,서강대_지역학전공,Course,Cour1636,중국어문법의이해,offers,전공과 교육과정(교과목)의 관계
3531,Major,Majo033,서강대_지역학전공,Course,Cour1637,중국고전시의세계,offers,전공과 교육과정(교과목)의 관계
3532,Major,Majo033,서강대_지역학전공,Course,Cour1638,사서와현대인의수양,offers,전공과 교육과정(교과목)의 관계
3533,Major,Majo033,서강대_지역학전공,Course,Cour1639,유가철학,offers,전공과 교육과정(교과목)의 관계
3534,Major,Majo033,서강대_지역학전공,Course,Cour1640,도가철학,offers,전공과 교육과정(교과목)의 관계
3535,Major,Majo033,서강대_지역학전공,Course,Cour1641,포스트사회주의시대중국이해,offers,전공과 교육과정(교과목)의 관계
3536,Major,Majo033,서강대_지역학전공,Course,Cour1642,대만사회변천과문화트렌드,offers,전공과 교육과정(교과목)의 관계
3537,Major,Majo033,서강대_지역학전공,Course,Cour1643,중국의현대사,offers,전공과 교육과정(교과목)의 관계
3538,Major,Majo033,서강대_지역학전공,Course,Cour1644,루쉰과현대,offers,전공과 교육과정(교과목)의 관계
3539,Major,Majo033,서강대_지역학전공,Course,Cour1645,그림속의중국,offers,전공과 교육과정(교과목)의 관계
3540,Major,Majo033,서강대_지역학전공,Course,Cour1646,중국경영의이해,offers,전공과 교육과정(교과목)의 관계
3541,Major,Majo033,서강대_지역학전공,Course,Cour1647,중국문화현장실습,offers,전공과 교육과정(교과목)의 관계
3542,Major,Majo033,서강대_지역학전공,Course,Cour1648,무역중국어,offers,전공과 교육과정(교과목)의 관계
3543,Major,Majo033,서강대_지역학전공,Course,Cour1649,중국언어의이해,offers,전공과 교육과정(교과목)의 관계
3544,Major,Majo033,서강대_지역학전공,Course,Cour1650,제자백가의이해,offers,전공과 교육과정(교과목)의 관계
3545,Major,Majo033,서강대_지역학전공,Course,Cour1651,중화권문화콘텐츠,offers,전공과 교육과정(교과목)의 관계
3546,Major,Majo033,서강대_지역학전공,Course,Cour1652,중국미디어와도시,offers,전공과 교육과정(교과목)의 관계
3547,Major,Majo033,서강대_지역학전공,Course,Cour1653,중국근현대인물과사상,offers,전공과 교육과정(교과목)의 관계
3548,Major,Majo033,서강대_지역학전공,Course,Cour1654,글로벌라이제이션과중국,offers,전공과 교육과정(교과목)의 관계
3549,Major,Majo033,서강대_지역학전공,Course,Cour1655,젠더와중국사회,offers,전공과 교육과정(교과목)의 관계
3550,Major,Majo033,서강대_지역학전공,Course,Cour1656,중국진출기업의문화적현지화(캡스톤디자인),offers,전공과 교육과정(교과목)의 관계
3551,Major,Majo033,서강대_지역학전공,Course,Cour1657,중국지역학방법론,offers,전공과 교육과정(교과목)의 관계
3552,Major,Majo033,서강대_지역학전공,Course,Cour1658,현대중국연구의방법과쟁점,offers,전공과 교육과정(교과목)의 관계
3553,Major,Majo033,서강대_지역학전공,Course,Cour1659,중국연수,offers,전공과 교육과정(교과목)의 관계
3554,Major,Majo017,선문대_중국어문화전공,Course,Cour1824,현대문화와통일사상Ⅰ,offers,전공과 교육과정(교과목)의 관계
3555,Major,Majo017,선문대_중국어문화전공,Course,Cour1825,현대문화와통일사상Ⅱ,offers,전공과 교육과정(교과목)의 관계
3556,Major,Majo017,선문대_중국어문화전공,Course,Cour1826,인성채플,offers,전공과 교육과정(교과목)의 관계
3557,Major,Majo017,선문대_중국어문화전공,Course,Cour1827,공동체와세계시민,offers,전공과 교육과정(교과목)의 관계
3558,Major,Majo017,선문대_중국어문화전공,Course,Cour1828,사회봉사,offers,전공과 교육과정(교과목)의 관계
3559,Major,Majo017,선문대_중국어문화전공,Course,Cour1829,EnglishListeningandSpeakingⅠ,offers,전공과 교육과정(교과목)의 관계
3560,Major,Majo017,선문대_중국어문화전공,Course,Cour1830,EnglishListeningandSpeakingⅡ,offers,전공과 교육과정(교과목)의 관계
3561,Major,Majo017,선문대_중국어문화전공,Course,Cour1831,EnglishListeningandSpeakingⅢ,offers,전공과 교육과정(교과목)의 관계
3562,Major,Majo017,선문대_중국어문화전공,Course,Cour1832,EnglishReadingandWritingⅠ,offers,전공과 교육과정(교과목)의 관계
3563,Major,Majo017,선문대_중국어문화전공,Course,Cour1833,EnglishReadingandWritingⅡ,offers,전공과 교육과정(교과목)의 관계
3564,Major,Majo017,선문대_중국어문화전공,Course,Cour1834,EnglishReadingandWritingⅢ,offers,전공과 교육과정(교과목)의 관계
3565,Major,Majo017,선문대_중국어문화전공,Course,Cour1835,창의적사고와글쓰기,offers,전공과 교육과정(교과목)의 관계
3566,Major,Majo017,선문대_중국어문화전공,Course,Cour1836,읽기와토론,offers,전공과 교육과정(교과목)의 관계
3567,Major,Majo017,선문대_중국어문화전공,Course,Cour1837,테크니컬라이팅,offers,전공과 교육과정(교과목)의 관계
3568,Major,Majo017,선문대_중국어문화전공,Course,Cour1838,[계열필수],offers,전공과 교육과정(교과목)의 관계
3569,Major,Majo017,선문대_중국어문화전공,Course,Cour1839,[공통선택필수],offers,전공과 교육과정(교과목)의 관계
3570,Major,Majo017,선문대_중국어문화전공,Course,Cour1840,상담,offers,전공과 교육과정(교과목)의 관계
3571,Major,Majo017,선문대_중국어문화전공,Course,Cour1841,대학생활과취·창업진로설계,offers,전공과 교육과정(교과목)의 관계
3572,Major,Majo017,선문대_중국어문화전공,Course,Cour1842,취업전략과경력개발,offers,전공과 교육과정(교과목)의 관계
3573,Major,Majo017,선문대_중국어문화전공,Course,Cour1843,[인문학]영역,offers,전공과 교육과정(교과목)의 관계
3574,Major,Majo017,선문대_중국어문화전공,Course,Cour1844,[사회과학]영역,offers,전공과 교육과정(교과목)의 관계
3575,Major,Majo017,선문대_중국어문화전공,Course,Cour1845,[자연과학]영역,offers,전공과 교육과정(교과목)의 관계
3576,Major,Majo017,선문대_중국어문화전공,Course,Cour1846,[미래와융복합]영역,offers,전공과 교육과정(교과목)의 관계
3577,Major,Majo017,선문대_중국어문화전공,Course,Cour1847,[예술과건강]영역,offers,전공과 교육과정(교과목)의 관계
3578,Major,Majo017,선문대_중국어문화전공,Course,Cour1848,입문중국어,offers,전공과 교육과정(교과목)의 관계
3579,Major,Majo017,선문대_중국어문화전공,Course,Cour1849,중국을여는문(TIPS),offers,전공과 교육과정(교과목)의 관계
3580,Major,Majo017,선문대_중국어문화전공,Course,Cour1850,입문중국어실습,offers,전공과 교육과정(교과목)의 관계
3581,Major,Majo017,선문대_중국어문화전공,Course,Cour1851,중국인의삶과문화,offers,전공과 교육과정(교과목)의 관계
3582,Major,Majo017,선문대_중국어문화전공,Course,Cour1852,기초중국어독해,offers,전공과 교육과정(교과목)의 관계
3583,Major,Majo017,선문대_중국어문화전공,Course,Cour1853,기초중국어회화·청취,offers,전공과 교육과정(교과목)의 관계
3584,Major,Majo017,선문대_중국어문화전공,Course,Cour1854,기초중국어실습,offers,전공과 교육과정(교과목)의 관계
3585,Major,Majo017,선문대_중국어문화전공,Course,Cour1855,중국어신화와동화,offers,전공과 교육과정(교과목)의 관계
3586,Major,Majo017,선문대_중국어문화전공,Course,Cour1856,실용중국어독해,offers,전공과 교육과정(교과목)의 관계
3587,Major,Majo017,선문대_중국어문화전공,Course,Cour1857,실용중국어회화·청취,offers,전공과 교육과정(교과목)의 관계
3588,Major,Majo017,선문대_중국어문화전공,Course,Cour1858,AI중국어문화,offers,전공과 교육과정(교과목)의 관계
3589,Major,Majo017,선문대_중국어문화전공,Course,Cour1859,중국문학의이해,offers,전공과 교육과정(교과목)의 관계
3590,Major,Majo017,선문대_중국어문화전공,Course,Cour1860,응용중국어독해,offers,전공과 교육과정(교과목)의 관계
3591,Major,Majo017,선문대_중국어문화전공,Course,Cour1861,응용중국어회화·청취,offers,전공과 교육과정(교과목)의 관계
3592,Major,Majo017,선문대_중국어문화전공,Course,Cour1862,중국어작문,offers,전공과 교육과정(교과목)의 관계
3593,Major,Majo017,선문대_중국어문화전공,Course,Cour1863,중국스토리텔링,offers,전공과 교육과정(교과목)의 관계
3594,Major,Majo017,선문대_중국어문화전공,Course,Cour1864,중국문화특강(PBL),offers,전공과 교육과정(교과목)의 관계
3595,Major,Majo017,선문대_중국어문화전공,Course,Cour1865,중국정치·경제의이해,offers,전공과 교육과정(교과목)의 관계
3596,Major,Majo017,선문대_중국어문화전공,Course,Cour1866,시사중국어,offers,전공과 교육과정(교과목)의 관계
3597,Major,Majo017,선문대_중국어문화전공,Course,Cour1867,중국어문법,offers,전공과 교육과정(교과목)의 관계
3598,Major,Majo017,선문대_중국어문화전공,Course,Cour1868,중국어청취심화,offers,전공과 교육과정(교과목)의 관계
3599,Major,Majo017,선문대_중국어문화전공,Course,Cour1869,중국어학의이해,offers,전공과 교육과정(교과목)의 관계
3600,Major,Majo017,선문대_중국어문화전공,Course,Cour1870,중국대중문화읽기(PBL),offers,전공과 교육과정(교과목)의 관계
3601,Major,Majo017,선문대_중국어문화전공,Course,Cour1871,한중문화콘텐츠,offers,전공과 교육과정(교과목)의 관계
3602,Major,Majo017,선문대_중국어문화전공,Course,Cour1872,영상중국어,offers,전공과 교육과정(교과목)의 관계
3603,Major,Majo017,선문대_중국어문화전공,Course,Cour1873,무역중국어,offers,전공과 교육과정(교과목)의 관계
3604,Major,Majo017,선문대_중국어문화전공,Course,Cour1874,중국전문가Ⅰ(캡스톤디자인),offers,전공과 교육과정(교과목)의 관계
3605,Major,Majo017,선문대_중국어문화전공,Course,Cour1875,중국4차산업과혁신기업(창업),offers,전공과 교육과정(교과목)의 관계
3606,Major,Majo017,선문대_중국어문화전공,Course,Cour1876,중국어회화,offers,전공과 교육과정(교과목)의 관계
3607,Major,Majo017,선문대_중국어문화전공,Course,Cour1877,HSK,offers,전공과 교육과정(교과목)의 관계
3608,Major,Majo017,선문대_중국어문화전공,Course,Cour1878,중국공연문화,offers,전공과 교육과정(교과목)의 관계
3609,Major,Majo017,선문대_중국어문화전공,Course,Cour1879,중국어통역과번역,offers,전공과 교육과정(교과목)의 관계
3610,Major,Majo017,선문대_중국어문화전공,Course,Cour1880,중국전문가Ⅱ(캡스톤디자인),offers,전공과 교육과정(교과목)의 관계
3611,Major,Majo017,선문대_중국어문화전공,Course,Cour1881,중국마케팅실무(창업),offers,전공과 교육과정(교과목)의 관계
3612,Major,Majo017,선문대_중국어문화전공,Course,Cour1882,중국어프리젠테이션,offers,전공과 교육과정(교과목)의 관계
3613,Major,Majo018,성공회대_중어중국학전공,Course,Cour1910,문화코드로본현대중국,offers,전공과 교육과정(교과목)의 관계
3614,Major,Majo018,성공회대_중어중국학전공,Course,Cour1911,중국과세계,offers,전공과 교육과정(교과목)의 관계
3615,Major,Majo018,성공회대_중어중국학전공,Course,Cour1912,중국지역톺아보기,offers,전공과 교육과정(교과목)의 관계
3616,Major,Majo018,성공회대_중어중국학전공,Course,Cour1913,중국과동아시아사,offers,전공과 교육과정(교과목)의 관계
3617,Major,Majo018,성공회대_중어중국학전공,Course,Cour1914,중국영화의이해,offers,전공과 교육과정(교과목)의 관계
3618,Major,Majo018,성공회대_중어중국학전공,Course,Cour1915,중국사회와문화,offers,전공과 교육과정(교과목)의 관계
3619,Major,Majo018,성공회대_중어중국학전공,Course,Cour1916,중국어회화Ⅱ,offers,전공과 교육과정(교과목)의 관계
3620,Major,Majo018,성공회대_중어중국학전공,Course,Cour1917,스크린중국어,offers,전공과 교육과정(교과목)의 관계
3621,Major,Majo018,성공회대_중어중국학전공,Course,Cour1918,HSK연습,offers,전공과 교육과정(교과목)의 관계
3622,Major,Majo018,성공회대_중어중국학전공,Course,Cour1919,중급중국어,offers,전공과 교육과정(교과목)의 관계
3623,Major,Majo018,성공회대_중어중국학전공,Course,Cour1920,키워드로본오늘의중국,offers,전공과 교육과정(교과목)의 관계
3624,Major,Majo018,성공회대_중어중국학전공,Course,Cour1921,쉽게배우는중국어,offers,전공과 교육과정(교과목)의 관계
3625,Major,Majo018,성공회대_중어중국학전공,Course,Cour1922,중국고전을읽다,offers,전공과 교육과정(교과목)의 관계
3626,Major,Majo018,성공회대_중어중국학전공,Course,Cour1923,중국사회사정,offers,전공과 교육과정(교과목)의 관계
3627,Major,Majo018,성공회대_중어중국학전공,Course,Cour1924,중국문화사업,offers,전공과 교육과정(교과목)의 관계
3628,Major,Majo018,성공회대_중어중국학전공,Course,Cour1925,중국현대문화의세계,offers,전공과 교육과정(교과목)의 관계
3629,Major,Majo018,성공회대_중어중국학전공,Course,Cour1926,중국의경제정책,offers,전공과 교육과정(교과목)의 관계
3630,Major,Majo018,성공회대_중어중국학전공,Course,Cour1927,중국어회화Ⅰ,offers,전공과 교육과정(교과목)의 관계
3631,Major,Majo018,성공회대_중어중국학전공,Course,Cour1928,중국어회화Ⅲ,offers,전공과 교육과정(교과목)의 관계
3632,Major,Majo018,성공회대_중어중국학전공,Course,Cour1929,중국어작문연습,offers,전공과 교육과정(교과목)의 관계
3633,Major,Majo018,성공회대_중어중국학전공,Course,Cour1930,한중번역연습,offers,전공과 교육과정(교과목)의 관계
3634,Major,Majo018,성공회대_중어중국학전공,Course,Cour1931,중국신문분석,offers,전공과 교육과정(교과목)의 관계
3635,Major,Majo019,세명대_중국언어문화전공,Course,Cour2029,중국언어문화의이해,offers,전공과 교육과정(교과목)의 관계
3636,Major,Majo019,세명대_중국언어문화전공,Course,Cour2030,일본언어문화의이해,offers,전공과 교육과정(교과목)의 관계
3637,Major,Majo019,세명대_중국언어문화전공,Course,Cour2031,영미언어문화의이해,offers,전공과 교육과정(교과목)의 관계
3638,Major,Majo019,세명대_중국언어문화전공,Course,Cour2032,영어학입문,offers,전공과 교육과정(교과목)의 관계
3639,Major,Majo019,세명대_중국언어문화전공,Course,Cour2033,중국어학입문,offers,전공과 교육과정(교과목)의 관계
3640,Major,Majo019,세명대_중국언어문화전공,Course,Cour2034,일본어학입문,offers,전공과 교육과정(교과목)의 관계
3641,Major,Majo019,세명대_중국언어문화전공,Course,Cour2035,글로벌문화연구,offers,전공과 교육과정(교과목)의 관계
3642,Major,Majo019,세명대_중국언어문화전공,Course,Cour2036,글로벌지역정보,offers,전공과 교육과정(교과목)의 관계
3643,Major,Majo019,세명대_중국언어문화전공,Course,Cour2037,기초중국어회화,offers,전공과 교육과정(교과목)의 관계
3644,Major,Majo019,세명대_중국언어문화전공,Course,Cour2038,영어학습전략과연습,offers,전공과 교육과정(교과목)의 관계
3645,Major,Majo019,세명대_중국언어문화전공,Course,Cour2039,영어회화실습Ⅰ,offers,전공과 교육과정(교과목)의 관계
3646,Major,Majo019,세명대_중국언어문화전공,Course,Cour2040,영어회화실습Ⅱ,offers,전공과 교육과정(교과목)의 관계
3647,Major,Majo019,세명대_중국언어문화전공,Course,Cour2041,영어독해Ⅰ,offers,전공과 교육과정(교과목)의 관계
3648,Major,Majo019,세명대_중국언어문화전공,Course,Cour2042,영어독해Ⅱ,offers,전공과 교육과정(교과목)의 관계
3649,Major,Majo019,세명대_중국언어문화전공,Course,Cour2043,초급중국어회화,offers,전공과 교육과정(교과목)의 관계
3650,Major,Majo019,세명대_중국언어문화전공,Course,Cour2044,중국문화철학탐구,offers,전공과 교육과정(교과목)의 관계
3651,Major,Majo019,세명대_중국언어문화전공,Course,Cour2045,드라마로배우는실용영어,offers,전공과 교육과정(교과목)의 관계
3652,Major,Majo019,세명대_중국언어문화전공,Course,Cour2046,초급영미단편감상,offers,전공과 교육과정(교과목)의 관계
3653,Major,Majo019,세명대_중국언어문화전공,Course,Cour2047,미디어로배우는초급일본어,offers,전공과 교육과정(교과목)의 관계
3654,Major,Majo019,세명대_중국언어문화전공,Course,Cour2048,초급일본어회화,offers,전공과 교육과정(교과목)의 관계
3655,Major,Majo019,세명대_중국언어문화전공,Course,Cour2049,중급일본어회화,offers,전공과 교육과정(교과목)의 관계
3656,Major,Majo019,세명대_중국언어문화전공,Course,Cour2050,영어청취연습,offers,전공과 교육과정(교과목)의 관계
3657,Major,Majo019,세명대_중국언어문화전공,Course,Cour2051,초급중국어강독,offers,전공과 교육과정(교과목)의 관계
3658,Major,Majo019,세명대_중국언어문화전공,Course,Cour2052,중급중국어강독Ⅰ,offers,전공과 교육과정(교과목)의 관계
3659,Major,Majo019,세명대_중국언어문화전공,Course,Cour2053,일본어문법과문형연습Ⅰ,offers,전공과 교육과정(교과목)의 관계
3660,Major,Majo019,세명대_중국언어문화전공,Course,Cour2054,일본어문법과문형연습Ⅱ,offers,전공과 교육과정(교과목)의 관계
3661,Major,Majo019,세명대_중국언어문화전공,Course,Cour2055,문화콘텐츠와일본어,offers,전공과 교육과정(교과목)의 관계
3662,Major,Majo019,세명대_중국언어문화전공,Course,Cour2056,시사일본어,offers,전공과 교육과정(교과목)의 관계
3663,Major,Majo019,세명대_중국언어문화전공,Course,Cour2057,HSK입문,offers,전공과 교육과정(교과목)의 관계
3664,Major,Majo019,세명대_중국언어문화전공,Course,Cour2058,일본어작문,offers,전공과 교육과정(교과목)의 관계
3665,Major,Majo019,세명대_중국언어문화전공,Course,Cour2059,일본어학개론,offers,전공과 교육과정(교과목)의 관계
3666,Major,Majo019,세명대_중국언어문화전공,Course,Cour2060,일본문학사,offers,전공과 교육과정(교과목)의 관계
3667,Major,Majo019,세명대_중국언어문화전공,Course,Cour2061,영어회화실습Ⅲ,offers,전공과 교육과정(교과목)의 관계
3668,Major,Majo019,세명대_중국언어문화전공,Course,Cour2062,영어회화실습Ⅳ,offers,전공과 교육과정(교과목)의 관계
3669,Major,Majo019,세명대_중국언어문화전공,Course,Cour2063,영어의발음,offers,전공과 교육과정(교과목)의 관계
3670,Major,Majo019,세명대_중국언어문화전공,Course,Cour2064,비즈니스일본어,offers,전공과 교육과정(교과목)의 관계
3671,Major,Majo019,세명대_중국언어문화전공,Course,Cour2065,토익기출문제풀어보기,offers,전공과 교육과정(교과목)의 관계
3672,Major,Majo019,세명대_중국언어문화전공,Course,Cour2066,영화로배우는영어,offers,전공과 교육과정(교과목)의 관계
3673,Major,Majo019,세명대_중국언어문화전공,Course,Cour2067,영상으로보는영어스피치,offers,전공과 교육과정(교과목)의 관계
3674,Major,Majo019,세명대_중국언어문화전공,Course,Cour2068,중국어작문연습,offers,전공과 교육과정(교과목)의 관계
3675,Major,Majo019,세명대_중국언어문화전공,Course,Cour2069,실용영어문법,offers,전공과 교육과정(교과목)의 관계
3676,Major,Majo019,세명대_중국언어문화전공,Course,Cour2070,고급일본어자격증특강,offers,전공과 교육과정(교과목)의 관계
3677,Major,Majo019,세명대_중국언어문화전공,Course,Cour2071,외국어습득론,offers,전공과 교육과정(교과목)의 관계
3678,Major,Majo019,세명대_중국언어문화전공,Course,Cour2072,고급일본어회화,offers,전공과 교육과정(교과목)의 관계
3679,Major,Majo019,세명대_중국언어문화전공,Course,Cour2073,중급중국어강독Ⅱ,offers,전공과 교육과정(교과목)의 관계
3680,Major,Majo019,세명대_중국언어문화전공,Course,Cour2074,일본문학강독,offers,전공과 교육과정(교과목)의 관계
3681,Major,Majo019,세명대_중국언어문화전공,Course,Cour2075,중급일본어자격증특강,offers,전공과 교육과정(교과목)의 관계
3682,Major,Majo019,세명대_중국언어문화전공,Course,Cour2076,일본사회문화탐구,offers,전공과 교육과정(교과목)의 관계
3683,Major,Majo019,세명대_중국언어문화전공,Course,Cour2077,비즈니스중국어,offers,전공과 교육과정(교과목)의 관계
3684,Major,Majo019,세명대_중국언어문화전공,Course,Cour2078,중극어통·번역연습,offers,전공과 교육과정(교과목)의 관계
3685,Major,Majo019,세명대_중국언어문화전공,Course,Cour2079,현대중국의이해,offers,전공과 교육과정(교과목)의 관계
3686,Major,Majo019,세명대_중국언어문화전공,Course,Cour2080,실용중국어회화,offers,전공과 교육과정(교과목)의 관계
3687,Major,Majo019,세명대_중국언어문화전공,Course,Cour2081,영어교수법,offers,전공과 교육과정(교과목)의 관계
3688,Major,Majo019,세명대_중국언어문화전공,Course,Cour2082,영문학캡스톤디자인,offers,전공과 교육과정(교과목)의 관계
3689,Major,Majo019,세명대_중국언어문화전공,Course,Cour2083,중국어학캡스톤디자인,offers,전공과 교육과정(교과목)의 관계
3690,Major,Majo019,세명대_중국언어문화전공,Course,Cour2084,현대시사영어,offers,전공과 교육과정(교과목)의 관계
3691,Major,Majo019,세명대_중국언어문화전공,Course,Cour2085,영어실무체험,offers,전공과 교육과정(교과목)의 관계
3692,Major,Majo019,세명대_중국언어문화전공,Course,Cour2086,일본어실무체험,offers,전공과 교육과정(교과목)의 관계
3693,Major,Majo019,세명대_중국언어문화전공,Course,Cour2087,디지털시대의대중소설과영상,offers,전공과 교육과정(교과목)의 관계
3694,Major,Majo019,세명대_중국언어문화전공,Course,Cour2088,실전중국어통·번역,offers,전공과 교육과정(교과목)의 관계
3695,Major,Majo019,세명대_중국언어문화전공,Course,Cour2089,일본어통번역연습,offers,전공과 교육과정(교과목)의 관계
3696,Major,Majo019,세명대_중국언어문화전공,Course,Cour2090,"AI시대,영어통번역실습",offers,전공과 교육과정(교과목)의 관계
3697,Major,Majo019,세명대_중국언어문화전공,Course,Cour2091,취업실용일본어,offers,전공과 교육과정(교과목)의 관계
3698,Major,Majo019,세명대_중국언어문화전공,Course,Cour2092,한중경제의이해,offers,전공과 교육과정(교과목)의 관계
3699,Major,Majo019,세명대_중국언어문화전공,Course,Cour2093,취업실용중국어,offers,전공과 교육과정(교과목)의 관계
3700,Major,Majo019,세명대_중국언어문화전공,Course,Cour2094,중국어프리토킹,offers,전공과 교육과정(교과목)의 관계
3701,Major,Majo019,세명대_중국언어문화전공,Course,Cour2095,HSK특강,offers,전공과 교육과정(교과목)의 관계
3702,Major,Majo019,세명대_중국언어문화전공,Course,Cour2096,관광문화중국어,offers,전공과 교육과정(교과목)의 관계
3703,Major,Majo019,세명대_중국언어문화전공,Course,Cour2097,일본어캡스톤디자인,offers,전공과 교육과정(교과목)의 관계
3704,Major,Majo020,수원대_중국언어문화,Course,Cour2098,차이나문화컨텐츠산책,offers,전공과 교육과정(교과목)의 관계
3705,Major,Majo020,수원대_중국언어문화,Course,Cour2099,차이나문화컨텐츠산책,offers,전공과 교육과정(교과목)의 관계
3706,Major,Majo020,수원대_중국언어문화,Course,Cour2100,중국고전문학의이해,offers,전공과 교육과정(교과목)의 관계
3707,Major,Majo020,수원대_중국언어문화,Course,Cour2101,초급중국어,offers,전공과 교육과정(교과목)의 관계
3708,Major,Majo020,수원대_중국언어문화,Course,Cour2102,기초중국어회화,offers,전공과 교육과정(교과목)의 관계
3709,Major,Majo020,수원대_중국언어문화,Course,Cour2103,중국문화의이해,offers,전공과 교육과정(교과목)의 관계
3710,Major,Majo020,수원대_중국언어문화,Course,Cour2104,외국문학의이해,offers,전공과 교육과정(교과목)의 관계
3711,Major,Majo020,수원대_중국언어문화,Course,Cour2105,언어의이해,offers,전공과 교육과정(교과목)의 관계
3712,Major,Majo020,수원대_중국언어문화,Course,Cour2106,중국현대문학의이해,offers,전공과 교육과정(교과목)의 관계
3713,Major,Majo020,수원대_중국언어문화,Course,Cour2107,응용중국어,offers,전공과 교육과정(교과목)의 관계
3714,Major,Majo020,수원대_중국언어문화,Course,Cour2108,중국지역문화특강,offers,전공과 교육과정(교과목)의 관계
3715,Major,Majo020,수원대_중국언어문화,Course,Cour2109,스크린중국어와대중문화,offers,전공과 교육과정(교과목)의 관계
3716,Major,Majo020,수원대_중국언어문화,Course,Cour2110,외국어연습,offers,전공과 교육과정(교과목)의 관계
3717,Major,Majo020,수원대_중국언어문화,Course,Cour2111,AI활용중국어작문연습,offers,전공과 교육과정(교과목)의 관계
3718,Major,Majo020,수원대_중국언어문화,Course,Cour2112,HSK듣기연습,offers,전공과 교육과정(교과목)의 관계
3719,Major,Majo020,수원대_중국언어문화,Course,Cour2113,중급중국어,offers,전공과 교육과정(교과목)의 관계
3720,Major,Majo020,수원대_중국언어문화,Course,Cour2114,중국어학개론,offers,전공과 교육과정(교과목)의 관계
3721,Major,Majo020,수원대_중국언어문화,Course,Cour2115,중국고전과리더쉽,offers,전공과 교육과정(교과목)의 관계
3722,Major,Majo020,수원대_중국언어문화,Course,Cour2116,고급중국어,offers,전공과 교육과정(교과목)의 관계
3723,Major,Majo020,수원대_중국언어문화,Course,Cour2117,중국어문법,offers,전공과 교육과정(교과목)의 관계
3724,Major,Majo020,수원대_중국언어문화,Course,Cour2118,중국시가와전통문화,offers,전공과 교육과정(교과목)의 관계
3725,Major,Majo020,수원대_중국언어문화,Course,Cour2119,시사중국어발표와토론,offers,전공과 교육과정(교과목)의 관계
3726,Major,Majo020,수원대_중국언어문화,Course,Cour2120,캡스톤디자인Ⅰ,offers,전공과 교육과정(교과목)의 관계
3727,Major,Majo020,수원대_중국언어문화,Course,Cour2121,실용중국어,offers,전공과 교육과정(교과목)의 관계
3728,Major,Majo020,수원대_중국언어문화,Course,Cour2122,캡스톤디자인Ⅱ,offers,전공과 교육과정(교과목)의 관계
3729,Major,Majo020,수원대_중국언어문화,Course,Cour2123,중국고전소설과중국문화,offers,전공과 교육과정(교과목)의 관계
3730,Major,Majo020,수원대_중국언어문화,Course,Cour2124,중화권지역의정치와경제,offers,전공과 교육과정(교과목)의 관계
3731,Major,Majo020,수원대_중국언어문화,Course,Cour2125,AI와중한번역실습,offers,전공과 교육과정(교과목)의 관계
3732,Major,Majo020,수원대_중국언어문화,Course,Cour2126,현대중국영화와소설,offers,전공과 교육과정(교과목)의 관계
3733,Major,Majo020,수원대_중국언어문화,Course,Cour2127,의료관광중국어,offers,전공과 교육과정(교과목)의 관계
3734,Major,Majo020,수원대_중국언어문화,Course,Cour2128,실무통상중국어,offers,전공과 교육과정(교과목)의 관계
3735,Major,Majo020,수원대_중국언어문화,Course,Cour2129,중화권기업탐방과현장실습,offers,전공과 교육과정(교과목)의 관계
3736,Major,Majo005,국립순천대_글로벌중국학전공,Course,Cour2176,전공기초중국어,offers,전공과 교육과정(교과목)의 관계
3737,Major,Majo005,국립순천대_글로벌중국학전공,Course,Cour2177,중국문화의이해,offers,전공과 교육과정(교과목)의 관계
3738,Major,Majo005,국립순천대_글로벌중국학전공,Course,Cour2178,중국어회화Ⅰ,offers,전공과 교육과정(교과목)의 관계
3739,Major,Majo005,국립순천대_글로벌중국학전공,Course,Cour2179,HSKⅠ,offers,전공과 교육과정(교과목)의 관계
3740,Major,Majo005,국립순천대_글로벌중국학전공,Course,Cour2180,한자로읽는중국문화,offers,전공과 교육과정(교과목)의 관계
3741,Major,Majo005,국립순천대_글로벌중국학전공,Course,Cour2181,중국문학의이해,offers,전공과 교육과정(교과목)의 관계
3742,Major,Majo005,국립순천대_글로벌중국학전공,Course,Cour2182,중국어회화Ⅱ,offers,전공과 교육과정(교과목)의 관계
3743,Major,Majo005,국립순천대_글로벌중국학전공,Course,Cour2183,기초중국어작문,offers,전공과 교육과정(교과목)의 관계
3744,Major,Majo005,국립순천대_글로벌중국학전공,Course,Cour2184,중국어학의이해,offers,전공과 교육과정(교과목)의 관계
3745,Major,Majo005,국립순천대_글로벌중국학전공,Course,Cour2185,AI시대의번역과윤리,offers,전공과 교육과정(교과목)의 관계
3746,Major,Majo005,국립순천대_글로벌중국학전공,Course,Cour2186,중국문법의이해,offers,전공과 교육과정(교과목)의 관계
3747,Major,Majo005,국립순천대_글로벌중국학전공,Course,Cour2187,HSKⅡ,offers,전공과 교육과정(교과목)의 관계
3748,Major,Majo005,국립순천대_글로벌중국학전공,Course,Cour2188,중국어회화Ⅲ,offers,전공과 교육과정(교과목)의 관계
3749,Major,Majo005,국립순천대_글로벌중국학전공,Course,Cour2189,이슈로읽는중국어,offers,전공과 교육과정(교과목)의 관계
3750,Major,Majo005,국립순천대_글로벌중국학전공,Course,Cour2190,오늘의중국과중국인,offers,전공과 교육과정(교과목)의 관계
3751,Major,Majo005,국립순천대_글로벌중국학전공,Course,Cour2191,HSKⅢ,offers,전공과 교육과정(교과목)의 관계
3752,Major,Majo005,국립순천대_글로벌중국학전공,Course,Cour2192,영화로보는중국,offers,전공과 교육과정(교과목)의 관계
3753,Major,Majo005,국립순천대_글로벌중국학전공,Course,Cour2193,중국사회와경제,offers,전공과 교육과정(교과목)의 관계
3754,Major,Majo005,국립순천대_글로벌중국학전공,Course,Cour2194,중국어회화Ⅳ,offers,전공과 교육과정(교과목)의 관계
3755,Major,Majo005,국립순천대_글로벌중국학전공,Course,Cour2195,실용중국어작문,offers,전공과 교육과정(교과목)의 관계
3756,Major,Majo005,국립순천대_글로벌중국학전공,Course,Cour2196,중국고전명문읽기,offers,전공과 교육과정(교과목)의 관계
3757,Major,Majo005,국립순천대_글로벌중국학전공,Course,Cour2197,중한번역과통역,offers,전공과 교육과정(교과목)의 관계
3758,Major,Majo005,국립순천대_글로벌중국학전공,Course,Cour2198,중국고전을활용한콘텐츠개발,offers,전공과 교육과정(교과목)의 관계
3759,Major,Majo005,국립순천대_글로벌중국학전공,Course,Cour2199,중국의인물과이슈,offers,전공과 교육과정(교과목)의 관계
3760,Major,Majo005,국립순천대_글로벌중국학전공,Course,Cour2200,중국지역과미디어창작,offers,전공과 교육과정(교과목)의 관계
3761,Major,Majo005,국립순천대_글로벌중국학전공,Course,Cour2201,중국어실무문서연습,offers,전공과 교육과정(교과목)의 관계
3762,Major,Majo005,국립순천대_글로벌중국학전공,Course,Cour2202,중국어회화Ⅴ,offers,전공과 교육과정(교과목)의 관계
3763,Major,Majo005,국립순천대_글로벌중국학전공,Course,Cour2203,중국주제토론,offers,전공과 교육과정(교과목)의 관계
3764,Major,Majo005,국립순천대_글로벌중국학전공,Course,Cour2204,중화권문화현장실습,offers,전공과 교육과정(교과목)의 관계
3765,Major,Majo005,국립순천대_글로벌중국학전공,Course,Cour2205,중국문헌조사와논문지도,offers,전공과 교육과정(교과목)의 관계
3766,Major,Majo005,국립순천대_글로벌중국학전공,Course,Cour2206,중국어번역논리및논술,offers,전공과 교육과정(교과목)의 관계
3767,Major,Majo005,국립순천대_글로벌중국학전공,Course,Cour2207,중국어교육론,offers,전공과 교육과정(교과목)의 관계
3768,Major,Majo005,국립순천대_글로벌중국학전공,Course,Cour2208,중국어교재연구및지도법,offers,전공과 교육과정(교과목)의 관계
3769,Major,Majo021,영남대_응용중국어통번역전공,Course,Cour2460,계열실무영어,offers,전공과 교육과정(교과목)의 관계
3770,Major,Majo021,영남대_응용중국어통번역전공,Course,Cour2461,기초중한통번역연습,offers,전공과 교육과정(교과목)의 관계
3771,Major,Majo021,영남대_응용중국어통번역전공,Course,Cour2462,대학생활설계,offers,전공과 교육과정(교과목)의 관계
3772,Major,Majo021,영남대_응용중국어통번역전공,Course,Cour2463,사회공헌과봉사,offers,전공과 교육과정(교과목)의 관계
3773,Major,Majo021,영남대_응용중국어통번역전공,Course,Cour2464,영문독해,offers,전공과 교육과정(교과목)의 관계
3774,Major,Majo021,영남대_응용중국어통번역전공,Course,Cour2465,초급중국어Ⅰ,offers,전공과 교육과정(교과목)의 관계
3775,Major,Majo021,영남대_응용중국어통번역전공,Course,Cour2466,소프트웨어와인공지능,offers,전공과 교육과정(교과목)의 관계
3776,Major,Majo021,영남대_응용중국어통번역전공,Course,Cour2467,시사영어강독,offers,전공과 교육과정(교과목)의 관계
3777,Major,Majo021,영남대_응용중국어통번역전공,Course,Cour2468,융복합글쓰기,offers,전공과 교육과정(교과목)의 관계
3778,Major,Majo021,영남대_응용중국어통번역전공,Course,Cour2469,의사소통기술,offers,전공과 교육과정(교과목)의 관계
3779,Major,Majo021,영남대_응용중국어통번역전공,Course,Cour2470,초급중국어Ⅱ,offers,전공과 교육과정(교과목)의 관계
3780,Major,Majo021,영남대_응용중국어통번역전공,Course,Cour2471,영미문화와사회,offers,전공과 교육과정(교과목)의 관계
3781,Major,Majo021,영남대_응용중국어통번역전공,Course,Cour2472,한중기초어휘와필수문형,offers,전공과 교육과정(교과목)의 관계
3782,Major,Majo021,영남대_응용중국어통번역전공,Course,Cour2473,번역과커뮤니케이션을위한실용인문학,offers,전공과 교육과정(교과목)의 관계
3783,Major,Majo021,영남대_응용중국어통번역전공,Course,Cour2474,통역중국어기초,offers,전공과 교육과정(교과목)의 관계
3784,Major,Majo021,영남대_응용중국어통번역전공,Course,Cour2475,기초종합응용중국어,offers,전공과 교육과정(교과목)의 관계
3785,Major,Majo021,영남대_응용중국어통번역전공,Course,Cour2476,중국어종합문법,offers,전공과 교육과정(교과목)의 관계
3786,Major,Majo021,영남대_응용중국어통번역전공,Course,Cour2477,한중경제와사회,offers,전공과 교육과정(교과목)의 관계
3787,Major,Majo021,영남대_응용중국어통번역전공,Course,Cour2478,한중핵심어휘Ⅰ,offers,전공과 교육과정(교과목)의 관계
3788,Major,Majo021,영남대_응용중국어통번역전공,Course,Cour2479,과제중심형중국어통역연습Ⅰ,offers,전공과 교육과정(교과목)의 관계
3789,Major,Majo021,영남대_응용중국어통번역전공,Course,Cour2480,중국의문학과역사의이해Ⅰ,offers,전공과 교육과정(교과목)의 관계
3790,Major,Majo021,영남대_응용중국어통번역전공,Course,Cour2481,통역중국어중급,offers,전공과 교육과정(교과목)의 관계
3791,Major,Majo021,영남대_응용중국어통번역전공,Course,Cour2482,문화간커뮤니케이션,offers,전공과 교육과정(교과목)의 관계
3792,Major,Majo021,영남대_응용중국어통번역전공,Course,Cour2483,실전HSK,offers,전공과 교육과정(교과목)의 관계
3793,Major,Majo021,영남대_응용중국어통번역전공,Course,Cour2484,중급종합응용중국어,offers,전공과 교육과정(교과목)의 관계
3794,Major,Majo021,영남대_응용중국어통번역전공,Course,Cour2485,한중핵심어휘Ⅱ,offers,전공과 교육과정(교과목)의 관계
3795,Major,Majo021,영남대_응용중국어통번역전공,Course,Cour2486,중한번역의이론과실제Ⅰ,offers,전공과 교육과정(교과목)의 관계
3796,Major,Majo021,영남대_응용중국어통번역전공,Course,Cour2487,중국의문학과역사의이해Ⅱ,offers,전공과 교육과정(교과목)의 관계
3797,Major,Majo021,영남대_응용중국어통번역전공,Course,Cour2488,중한통상통번역,offers,전공과 교육과정(교과목)의 관계
3798,Major,Majo021,영남대_응용중국어통번역전공,Course,Cour2489,중한관광문화통번역,offers,전공과 교육과정(교과목)의 관계
3799,Major,Majo021,영남대_응용중국어통번역전공,Course,Cour2490,중한번역의이론과실제Ⅱ,offers,전공과 교육과정(교과목)의 관계
3800,Major,Majo021,영남대_응용중국어통번역전공,Course,Cour2491,중국빅데이터의이해와활용,offers,전공과 교육과정(교과목)의 관계
3801,Major,Majo021,영남대_응용중국어통번역전공,Course,Cour2492,중한영화·드라마번역,offers,전공과 교육과정(교과목)의 관계
3802,Major,Majo021,영남대_응용중국어통번역전공,Course,Cour2493,한중협상론,offers,전공과 교육과정(교과목)의 관계
3803,Major,Majo021,영남대_응용중국어통번역전공,Course,Cour2494,항공승무원통번역,offers,전공과 교육과정(교과목)의 관계
3804,Major,Majo021,영남대_응용중국어통번역전공,Course,Cour2495,중국어순차통역,offers,전공과 교육과정(교과목)의 관계
3805,Major,Majo021,영남대_응용중국어통번역전공,Course,Cour2496,CAT,offers,전공과 교육과정(교과목)의 관계
3806,Major,Majo021,영남대_응용중국어통번역전공,Course,Cour2497,게임번역,offers,전공과 교육과정(교과목)의 관계
3807,Major,Majo021,영남대_응용중국어통번역전공,Course,Cour2498,취업실무Ⅰ,offers,전공과 교육과정(교과목)의 관계
3808,Major,Majo021,영남대_응용중국어통번역전공,Course,Cour2499,국제교류및경찰통번역,offers,전공과 교육과정(교과목)의 관계
3809,Major,Majo021,영남대_응용중국어통번역전공,Course,Cour2500,동시통역첫걸음,offers,전공과 교육과정(교과목)의 관계
3810,Major,Majo021,영남대_응용중국어통번역전공,Course,Cour2501,중국문학의이해,offers,전공과 교육과정(교과목)의 관계
3811,Major,Majo021,영남대_응용중국어통번역전공,Course,Cour2502,AI&MTPE,offers,전공과 교육과정(교과목)의 관계
3812,Major,Majo021,영남대_응용중국어통번역전공,Course,Cour2503,중국어인터뷰&PT,offers,전공과 교육과정(교과목)의 관계
3813,Major,Majo021,영남대_응용중국어통번역전공,Course,Cour2504,취업실무Ⅱ,offers,전공과 교육과정(교과목)의 관계
3814,Major,Majo022,전남대_중국학전공,Course,Cour2786,기초중국어,offers,전공과 교육과정(교과목)의 관계
3815,Major,Majo022,전남대_중국학전공,Course,Cour2787,중국어초급회화,offers,전공과 교육과정(교과목)의 관계
3816,Major,Majo022,전남대_중국학전공,Course,Cour2788,중국문화의이해,offers,전공과 교육과정(교과목)의 관계
3817,Major,Majo022,전남대_중국학전공,Course,Cour2789,초급중국어어휘,offers,전공과 교육과정(교과목)의 관계
3818,Major,Majo022,전남대_중국학전공,Course,Cour2790,중국어초급회화Ⅱ,offers,전공과 교육과정(교과목)의 관계
3819,Major,Majo022,전남대_중국학전공,Course,Cour2791,중국어어법,offers,전공과 교육과정(교과목)의 관계
3820,Major,Majo022,전남대_중국학전공,Course,Cour2792,중국고전강독,offers,전공과 교육과정(교과목)의 관계
3821,Major,Majo022,전남대_중국학전공,Course,Cour2793,중국어중급회화,offers,전공과 교육과정(교과목)의 관계
3822,Major,Majo022,전남대_중국학전공,Course,Cour2794,중국어독해,offers,전공과 교육과정(교과목)의 관계
3823,Major,Majo022,전남대_중국학전공,Course,Cour2795,중급중국어어휘,offers,전공과 교육과정(교과목)의 관계
3824,Major,Majo022,전남대_중국학전공,Course,Cour2796,초급HSK,offers,전공과 교육과정(교과목)의 관계
3825,Major,Majo022,전남대_중국학전공,Course,Cour2797,중국어학특강,offers,전공과 교육과정(교과목)의 관계
3826,Major,Majo022,전남대_중국학전공,Course,Cour2798,영화로배우는중국어,offers,전공과 교육과정(교과목)의 관계
3827,Major,Majo022,전남대_중국학전공,Course,Cour2799,중국고전시가감상,offers,전공과 교육과정(교과목)의 관계
3828,Major,Majo022,전남대_중국학전공,Course,Cour2800,동서문화교류사,offers,전공과 교육과정(교과목)의 관계
3829,Major,Majo022,전남대_중국학전공,Course,Cour2801,중국어중급회화Ⅱ,offers,전공과 교육과정(교과목)의 관계
3830,Major,Majo022,전남대_중국학전공,Course,Cour2802,중국어작문Ⅰ,offers,전공과 교육과정(교과목)의 관계
3831,Major,Majo022,전남대_중국학전공,Course,Cour2803,중국시사강독,offers,전공과 교육과정(교과목)의 관계
3832,Major,Majo022,전남대_중국학전공,Course,Cour2804,실전HSK,offers,전공과 교육과정(교과목)의 관계
3833,Major,Majo022,전남대_중국학전공,Course,Cour2805,중국어고급회화,offers,전공과 교육과정(교과목)의 관계
3834,Major,Majo022,전남대_중국학전공,Course,Cour2806,중국어작문Ⅱ,offers,전공과 교육과정(교과목)의 관계
3835,Major,Majo022,전남대_중국학전공,Course,Cour2807,중국과화교,offers,전공과 교육과정(교과목)의 관계
3836,Major,Majo022,전남대_중국학전공,Course,Cour2808,중국어통번역,offers,전공과 교육과정(교과목)의 관계
3837,Major,Majo022,전남대_중국학전공,Course,Cour2809,중국문학사,offers,전공과 교육과정(교과목)의 관계
3838,Major,Majo022,전남대_중국학전공,Course,Cour2810,중국철학의이해,offers,전공과 교육과정(교과목)의 관계
3839,Major,Majo022,전남대_중국학전공,Course,Cour2811,중국신문읽기,offers,전공과 교육과정(교과목)의 관계
3840,Major,Majo022,전남대_중국학전공,Course,Cour2812,중국지역학특강,offers,전공과 교육과정(교과목)의 관계
3841,Major,Majo022,전남대_중국학전공,Course,Cour2813,관광통역중국어,offers,전공과 교육과정(교과목)의 관계
3842,Major,Majo022,전남대_중국학전공,Course,Cour2814,중국어인터뷰실습,offers,전공과 교육과정(교과목)의 관계
3843,Major,Majo022,전남대_중국학전공,Course,Cour2815,통상실무중국어,offers,전공과 교육과정(교과목)의 관계
3844,Major,Majo022,전남대_중국학전공,Course,Cour2816,중국어드라마교실,offers,전공과 교육과정(교과목)의 관계
3845,Major,Majo022,전남대_중국학전공,Course,Cour2817,스크린에비친중국역사,offers,전공과 교육과정(교과목)의 관계
3846,Major,Majo022,전남대_중국학전공,Course,Cour2818,중국어연극,offers,전공과 교육과정(교과목)의 관계
3847,Major,Majo022,전남대_중국학전공,Course,Cour2819,동아시아이슈다루기,offers,전공과 교육과정(교과목)의 관계
3848,Major,Majo023,조선대_중국어문화학전공,Course,Cour2942,(EGC-A)LearningEnglishthroughFilmandMedia,offers,전공과 교육과정(교과목)의 관계
3849,Major,Majo023,조선대_중국어문화학전공,Course,Cour2943,EGC,offers,전공과 교육과정(교과목)의 관계
3850,Major,Majo023,조선대_중국어문화학전공,Course,Cour2944,세계문화의이해,offers,전공과 교육과정(교과목)의 관계
3851,Major,Majo023,조선대_중국어문화학전공,Course,Cour2945,"신입생세미나(나의삶,나의진로)",offers,전공과 교육과정(교과목)의 관계
3852,Major,Majo023,조선대_중국어문화학전공,Course,Cour2946,중국문화의이해,offers,전공과 교육과정(교과목)의 관계
3853,Major,Majo023,조선대_중국어문화학전공,Course,Cour2947,중국어리스닝실습Ⅰ,offers,전공과 교육과정(교과목)의 관계
3854,Major,Majo023,조선대_중국어문화학전공,Course,Cour2948,중국어초급독해,offers,전공과 교육과정(교과목)의 관계
3855,Major,Majo023,조선대_중국어문화학전공,Course,Cour2949,중국어초급회화Ⅰ,offers,전공과 교육과정(교과목)의 관계
3856,Major,Majo023,조선대_중국어문화학전공,Course,Cour2950,(EAL-A)쉬운영어글쓰기,offers,전공과 교육과정(교과목)의 관계
3857,Major,Majo023,조선대_중국어문화학전공,Course,Cour2951,EAL,offers,전공과 교육과정(교과목)의 관계
3858,Major,Majo023,조선대_중국어문화학전공,Course,Cour2952,말하기와실용글쓰기,offers,전공과 교육과정(교과목)의 관계
3859,Major,Majo023,조선대_중국어문화학전공,Course,Cour2953,휴먼미디어감성코딩,offers,전공과 교육과정(교과목)의 관계
3860,Major,Majo023,조선대_중국어문화학전공,Course,Cour2954,중국어리스닝실습Ⅱ,offers,전공과 교육과정(교과목)의 관계
3861,Major,Majo023,조선대_중국어문화학전공,Course,Cour2955,중국어중급독해,offers,전공과 교육과정(교과목)의 관계
3862,Major,Majo023,조선대_중국어문화학전공,Course,Cour2956,중국어학개론,offers,전공과 교육과정(교과목)의 관계
3863,Major,Majo023,조선대_중국어문화학전공,Course,Cour2957,중국어초급회화Ⅱ,offers,전공과 교육과정(교과목)의 관계
3864,Major,Majo023,조선대_중국어문화학전공,Course,Cour2958,특수교육학개론,offers,전공과 교육과정(교과목)의 관계
3865,Major,Majo023,조선대_중국어문화학전공,Course,Cour2959,교육사회,offers,전공과 교육과정(교과목)의 관계
3866,Major,Majo023,조선대_중국어문화학전공,Course,Cour2960,교육평가,offers,전공과 교육과정(교과목)의 관계
3867,Major,Majo023,조선대_중국어문화학전공,Course,Cour2961,교육학개론,offers,전공과 교육과정(교과목)의 관계
3868,Major,Majo023,조선대_중국어문화학전공,Course,Cour2962,중국어청취와통역연습Ⅰ,offers,전공과 교육과정(교과목)의 관계
3869,Major,Majo023,조선대_중국어문화학전공,Course,Cour2963,중국지역탐구,offers,전공과 교육과정(교과목)의 관계
3870,Major,Majo023,조선대_중국어문화학전공,Course,Cour2964,한문강독Ⅰ,offers,전공과 교육과정(교과목)의 관계
3871,Major,Majo023,조선대_중국어문화학전공,Course,Cour2965,중국어중급회화Ⅰ,offers,전공과 교육과정(교과목)의 관계
3872,Major,Majo023,조선대_중국어문화학전공,Course,Cour2966,교육과정,offers,전공과 교육과정(교과목)의 관계
3873,Major,Majo023,조선대_중국어문화학전공,Course,Cour2967,교육심리,offers,전공과 교육과정(교과목)의 관계
3874,Major,Majo023,조선대_중국어문화학전공,Course,Cour2968,교육철학및교육사,offers,전공과 교육과정(교과목)의 관계
3875,Major,Majo023,조선대_중국어문화학전공,Course,Cour2969,시청각중국어,offers,전공과 교육과정(교과목)의 관계
3876,Major,Majo023,조선대_중국어문화학전공,Course,Cour2970,중국어청취와통역연습Ⅱ,offers,전공과 교육과정(교과목)의 관계
3877,Major,Majo023,조선대_중국어문화학전공,Course,Cour2971,한문강독Ⅱ,offers,전공과 교육과정(교과목)의 관계
3878,Major,Majo023,조선대_중국어문화학전공,Course,Cour2972,중국어중급회화Ⅱ,offers,전공과 교육과정(교과목)의 관계
3879,Major,Majo023,조선대_중국어문화학전공,Course,Cour2973,외국어교과교육론,offers,전공과 교육과정(교과목)의 관계
3880,Major,Majo023,조선대_중국어문화학전공,Course,Cour2974,교육봉사활동,offers,전공과 교육과정(교과목)의 관계
3881,Major,Majo023,조선대_중국어문화학전공,Course,Cour2975,교직실무,offers,전공과 교육과정(교과목)의 관계
3882,Major,Majo023,조선대_중국어문화학전공,Course,Cour2976,교육방법및교육공학,offers,전공과 교육과정(교과목)의 관계
3883,Major,Majo023,조선대_중국어문화학전공,Course,Cour2977,다문화사회와학교교육,offers,전공과 교육과정(교과목)의 관계
3884,Major,Majo023,조선대_중국어문화학전공,Course,Cour2978,HSK고급연습,offers,전공과 교육과정(교과목)의 관계
3885,Major,Majo023,조선대_중국어문화학전공,Course,Cour2979,중국고전문학이야기,offers,전공과 교육과정(교과목)의 관계
3886,Major,Majo023,조선대_중국어문화학전공,Course,Cour2980,중국대중문화의이해,offers,전공과 교육과정(교과목)의 관계
3887,Major,Majo023,조선대_중국어문화학전공,Course,Cour2981,고급중국어회화Ⅰ,offers,전공과 교육과정(교과목)의 관계
3888,Major,Majo023,조선대_중국어문화학전공,Course,Cour2982,외국어교과교재연구및지도법,offers,전공과 교육과정(교과목)의 관계
3889,Major,Majo023,조선대_중국어문화학전공,Course,Cour2983,AI기반디지털학습환경설계,offers,전공과 교육과정(교과목)의 관계
3890,Major,Majo023,조선대_중국어문화학전공,Course,Cour2984,생활지도및상담(소양),offers,전공과 교육과정(교과목)의 관계
3891,Major,Majo023,조선대_중국어문화학전공,Course,Cour2985,교육행정및교육경영,offers,전공과 교육과정(교과목)의 관계
3892,Major,Majo023,조선대_중국어문화학전공,Course,Cour2986,중국시사와문화,offers,전공과 교육과정(교과목)의 관계
3893,Major,Majo023,조선대_중국어문화학전공,Course,Cour2987,중국현대문학이야기,offers,전공과 교육과정(교과목)의 관계
3894,Major,Majo023,조선대_중국어문화학전공,Course,Cour2988,현대중국사회와영상,offers,전공과 교육과정(교과목)의 관계
3895,Major,Majo023,조선대_중국어문화학전공,Course,Cour2989,고급중국어회화Ⅱ,offers,전공과 교육과정(교과목)의 관계
3896,Major,Majo023,조선대_중국어문화학전공,Course,Cour2990,외국어교과논리및논술,offers,전공과 교육과정(교과목)의 관계
3897,Major,Majo023,조선대_중국어문화학전공,Course,Cour2991,학교현장실습,offers,전공과 교육과정(교과목)의 관계
3898,Major,Majo023,조선대_중국어문화학전공,Course,Cour2992,비즈니스중국어회화Ⅰ,offers,전공과 교육과정(교과목)의 관계
3899,Major,Majo023,조선대_중국어문화학전공,Course,Cour2993,중국어실무프리젠테이션연습,offers,전공과 교육과정(교과목)의 관계
3900,Major,Majo023,조선대_중국어문화학전공,Course,Cour2994,취업지도,offers,전공과 교육과정(교과목)의 관계
3901,Major,Majo023,조선대_중국어문화학전공,Course,Cour2995,고급중국어작문,offers,전공과 교육과정(교과목)의 관계
3902,Major,Majo023,조선대_중국어문화학전공,Course,Cour2996,비즈니스중국어회화Ⅱ,offers,전공과 교육과정(교과목)의 관계
3903,Major,Majo023,조선대_중국어문화학전공,Course,Cour2997,취업지도,offers,전공과 교육과정(교과목)의 관계
3904,Major,Majo024,중앙대_중국어문학전공,Course,Cour2998,cau세미나,offers,전공과 교육과정(교과목)의 관계
3905,Major,Majo024,중앙대_중국어문학전공,Course,Cour2999,기초중국어연습Ⅰ,offers,전공과 교육과정(교과목)의 관계
3906,Major,Majo024,중앙대_중국어문학전공,Course,Cour3000,기초중국어회화Ⅰ,offers,전공과 교육과정(교과목)의 관계
3907,Major,Majo024,중앙대_중국어문학전공,Course,Cour3001,동아시아사회와문화,offers,전공과 교육과정(교과목)의 관계
3908,Major,Majo024,중앙대_중국어문학전공,Course,Cour3002,cau세미나,offers,전공과 교육과정(교과목)의 관계
3909,Major,Majo024,중앙대_중국어문학전공,Course,Cour3003,기초중국어연습Ⅱ,offers,전공과 교육과정(교과목)의 관계
3910,Major,Majo024,중앙대_중국어문학전공,Course,Cour3004,기초중국어회화Ⅱ,offers,전공과 교육과정(교과목)의 관계
3911,Major,Majo024,중앙대_중국어문학전공,Course,Cour3005,중국문화의이해,offers,전공과 교육과정(교과목)의 관계
3912,Major,Majo024,중앙대_중국어문학전공,Course,Cour3006,중국문학사Ⅰ,offers,전공과 교육과정(교과목)의 관계
3913,Major,Majo024,중앙대_중국어문학전공,Course,Cour3007,중어학개론,offers,전공과 교육과정(교과목)의 관계
3914,Major,Majo024,중앙대_중국어문학전공,Course,Cour3008,중급중국어Ⅰ,offers,전공과 교육과정(교과목)의 관계
3915,Major,Majo024,중앙대_중국어문학전공,Course,Cour3009,중어회화Ⅰ,offers,전공과 교육과정(교과목)의 관계
3916,Major,Majo024,중앙대_중국어문학전공,Course,Cour3010,한문Ⅰ,offers,전공과 교육과정(교과목)의 관계
3917,Major,Majo024,중앙대_중국어문학전공,Course,Cour3011,사기로보는중국,offers,전공과 교육과정(교과목)의 관계
3918,Major,Majo024,중앙대_중국어문학전공,Course,Cour3012,한문Ⅱ,offers,전공과 교육과정(교과목)의 관계
3919,Major,Majo024,중앙대_중국어문학전공,Course,Cour3013,중국문학사Ⅱ,offers,전공과 교육과정(교과목)의 관계
3920,Major,Majo024,중앙대_중국어문학전공,Course,Cour3014,중급중국어Ⅱ,offers,전공과 교육과정(교과목)의 관계
3921,Major,Majo024,중앙대_중국어문학전공,Course,Cour3015,중어문법,offers,전공과 교육과정(교과목)의 관계
3922,Major,Majo024,중앙대_중국어문학전공,Course,Cour3016,중어회화Ⅱ,offers,전공과 교육과정(교과목)의 관계
3923,Major,Majo024,중앙대_중국어문학전공,Course,Cour3017,20세기중국사,offers,전공과 교육과정(교과목)의 관계
3924,Major,Majo024,중앙대_중국어문학전공,Course,Cour3018,경서와현대생활,offers,전공과 교육과정(교과목)의 관계
3925,Major,Majo024,중앙대_중국어문학전공,Course,Cour3019,고급중국어Ⅰ,offers,전공과 교육과정(교과목)의 관계
3926,Major,Majo024,중앙대_중국어문학전공,Course,Cour3020,중국시의세계,offers,전공과 교육과정(교과목)의 관계
3927,Major,Majo024,중앙대_중국어문학전공,Course,Cour3021,중어작문Ⅰ,offers,전공과 교육과정(교과목)의 관계
3928,Major,Majo024,중앙대_중국어문학전공,Course,Cour3022,중국현대작가열전,offers,전공과 교육과정(교과목)의 관계
3929,Major,Majo024,중앙대_중국어문학전공,Course,Cour3023,중국현대소설,offers,전공과 교육과정(교과목)의 관계
3930,Major,Majo024,중앙대_중국어문학전공,Course,Cour3024,고급중국어Ⅱ,offers,전공과 교육과정(교과목)의 관계
3931,Major,Majo024,중앙대_중국어문학전공,Course,Cour3025,명청소설,offers,전공과 교육과정(교과목)의 관계
3932,Major,Majo024,중앙대_중국어문학전공,Course,Cour3026,중국사상의이해,offers,전공과 교육과정(교과목)의 관계
3933,Major,Majo024,중앙대_중국어문학전공,Course,Cour3027,중국현대산문,offers,전공과 교육과정(교과목)의 관계
3934,Major,Majo024,중앙대_중국어문학전공,Course,Cour3028,중국학특강,offers,전공과 교육과정(교과목)의 관계
3935,Major,Majo024,중앙대_중국어문학전공,Course,Cour3029,중어작문Ⅱ,offers,전공과 교육과정(교과목)의 관계
3936,Major,Majo024,중앙대_중국어문학전공,Course,Cour3030,중국어통번역연습,offers,전공과 교육과정(교과목)의 관계
3937,Major,Majo024,중앙대_중국어문학전공,Course,Cour3031,현대중국의문화전략과문화콘텐츠,offers,전공과 교육과정(교과목)의 관계
3938,Major,Majo024,중앙대_중국어문학전공,Course,Cour3032,영화로이해하는중국문화와역사,offers,전공과 교육과정(교과목)의 관계
3939,Major,Majo024,중앙대_중국어문학전공,Course,Cour3033,현대중국특강,offers,전공과 교육과정(교과목)의 관계
3940,Major,Majo025,평택대_중국학전공,Course,Cour3196,기초중국어회화,offers,전공과 교육과정(교과목)의 관계
3941,Major,Majo025,평택대_중국학전공,Course,Cour3197,중국사회의지속과변화,offers,전공과 교육과정(교과목)의 관계
3942,Major,Majo025,평택대_중국학전공,Course,Cour3198,국제지역의이해,offers,전공과 교육과정(교과목)의 관계
3943,Major,Majo025,평택대_중국학전공,Course,Cour3199,중국어입문,offers,전공과 교육과정(교과목)의 관계
3944,Major,Majo025,평택대_중국학전공,Course,Cour3200,중국인문지리,offers,전공과 교육과정(교과목)의 관계
3945,Major,Majo025,평택대_중국학전공,Course,Cour3201,기초중국어,offers,전공과 교육과정(교과목)의 관계
3946,Major,Majo025,평택대_중국학전공,Course,Cour3202,초급중국어강독Ⅰ,offers,전공과 교육과정(교과목)의 관계
3947,Major,Majo025,평택대_중국학전공,Course,Cour3203,중국역사의이해,offers,전공과 교육과정(교과목)의 관계
3948,Major,Majo025,평택대_중국학전공,Course,Cour3204,중국어학개론,offers,전공과 교육과정(교과목)의 관계
3949,Major,Majo025,평택대_중국학전공,Course,Cour3205,중국어문법,offers,전공과 교육과정(교과목)의 관계
3950,Major,Majo025,평택대_중국학전공,Course,Cour3206,중국국정세미나,offers,전공과 교육과정(교과목)의 관계
3951,Major,Majo025,평택대_중국학전공,Course,Cour3207,영상중국어,offers,전공과 교육과정(교과목)의 관계
3952,Major,Majo025,평택대_중국학전공,Course,Cour3208,문장으로이해하는중국인의가치관,offers,전공과 교육과정(교과목)의 관계
3953,Major,Majo025,평택대_중국학전공,Course,Cour3209,중국어회화,offers,전공과 교육과정(교과목)의 관계
3954,Major,Majo025,평택대_중국학전공,Course,Cour3210,초급중국어강독Ⅱ,offers,전공과 교육과정(교과목)의 관계
3955,Major,Majo025,평택대_중국학전공,Course,Cour3211,중국현·당대문학사론,offers,전공과 교육과정(교과목)의 관계
3956,Major,Majo025,평택대_중국학전공,Course,Cour3212,중국어작문,offers,전공과 교육과정(교과목)의 관계
3957,Major,Majo025,평택대_중국학전공,Course,Cour3213,중국근현대사,offers,전공과 교육과정(교과목)의 관계
3958,Major,Majo025,평택대_중국학전공,Course,Cour3214,중국어기초어법,offers,전공과 교육과정(교과목)의 관계
3959,Major,Majo025,평택대_중국학전공,Course,Cour3215,중국어강독,offers,전공과 교육과정(교과목)의 관계
3960,Major,Majo025,평택대_중국학전공,Course,Cour3216,중국고전문학사론,offers,전공과 교육과정(교과목)의 관계
3961,Major,Majo025,평택대_중국학전공,Course,Cour3217,중급중국어회화Ⅰ,offers,전공과 교육과정(교과목)의 관계
3962,Major,Majo025,평택대_중국학전공,Course,Cour3218,한중관계론,offers,전공과 교육과정(교과목)의 관계
3963,Major,Majo025,평택대_중국학전공,Course,Cour3219,중국어어휘와성어연습,offers,전공과 교육과정(교과목)의 관계
3964,Major,Majo025,평택대_중국학전공,Course,Cour3220,HSKⅠ,offers,전공과 교육과정(교과목)의 관계
3965,Major,Majo025,평택대_중국학전공,Course,Cour3221,중국창업경제론,offers,전공과 교육과정(교과목)의 관계
3966,Major,Majo025,평택대_중국학전공,Course,Cour3222,중급중국어회화Ⅱ,offers,전공과 교육과정(교과목)의 관계
3967,Major,Majo025,평택대_중국학전공,Course,Cour3223,중국어통번역연습,offers,전공과 교육과정(교과목)의 관계
3968,Major,Majo025,평택대_중국학전공,Course,Cour3224,HSKⅡ,offers,전공과 교육과정(교과목)의 관계
3969,Major,Majo025,평택대_중국학전공,Course,Cour3225,중급중국어강독,offers,전공과 교육과정(교과목)의 관계
3970,Major,Majo025,평택대_중국학전공,Course,Cour3226,중국대외관계연구,offers,전공과 교육과정(교과목)의 관계
3971,Major,Majo025,평택대_중국학전공,Course,Cour3227,중국사회주의발달사,offers,전공과 교육과정(교과목)의 관계
3972,Major,Majo025,평택대_중국학전공,Course,Cour3228,중화경제권연구,offers,전공과 교육과정(교과목)의 관계
3973,Major,Majo025,평택대_중국학전공,Course,Cour3229,실용중국어,offers,전공과 교육과정(교과목)의 관계
3974,Major,Majo025,평택대_중국학전공,Course,Cour3230,중국학원서강독,offers,전공과 교육과정(교과목)의 관계
3975,Major,Majo025,평택대_중국학전공,Course,Cour3231,중국정치연구,offers,전공과 교육과정(교과목)의 관계
3976,Major,Majo025,평택대_중국학전공,Course,Cour3232,졸업시험(중국학전공),offers,전공과 교육과정(교과목)의 관계
3977,Major,Majo025,평택대_중국학전공,Course,Cour3233,주제별중국예술문화세계,offers,전공과 교육과정(교과목)의 관계
3978,Major,Majo025,평택대_중국학전공,Course,Cour3234,중국지도자론,offers,전공과 교육과정(교과목)의 관계
3979,Major,Majo025,평택대_중국학전공,Course,Cour3235,중국어실무토킹,offers,전공과 교육과정(교과목)의 관계
3980,Major,Majo025,평택대_중국학전공,Course,Cour3236,스타트업무역중국어,offers,전공과 교육과정(교과목)의 관계
3981,Major,Majo026,한국외국어대_중국언어문화전공,Course,Cour3324,데이터큐레이팅,offers,전공과 교육과정(교과목)의 관계
3982,Major,Majo026,한국외국어대_중국언어문화전공,Course,Cour3325,중국고대사와문화,offers,전공과 교육과정(교과목)의 관계
3983,Major,Majo026,한국외국어대_중국언어문화전공,Course,Cour3326,중국역사인물과네트워킹,offers,전공과 교육과정(교과목)의 관계
3984,Major,Majo026,한국외국어대_중국언어문화전공,Course,Cour3327,초급중국어Ⅰ,offers,전공과 교육과정(교과목)의 관계
3985,Major,Majo026,한국외국어대_중국언어문화전공,Course,Cour3328,초급중국어Ⅱ,offers,전공과 교육과정(교과목)의 관계
3986,Major,Majo026,한국외국어대_중국언어문화전공,Course,Cour3329,초급중국어회화Ⅰ,offers,전공과 교육과정(교과목)의 관계
3987,Major,Majo026,한국외국어대_중국언어문화전공,Course,Cour3330,초급중국어회화Ⅱ,offers,전공과 교육과정(교과목)의 관계
3988,Major,Majo026,한국외국어대_중국언어문화전공,Course,Cour3331,텍스트데이터디자인,offers,전공과 교육과정(교과목)의 관계
3989,Major,Majo026,한국외국어대_중국언어문화전공,Course,Cour3332,기초고문텍스트리딩Ⅰ,offers,전공과 교육과정(교과목)의 관계
3990,Major,Majo026,한국외국어대_중국언어문화전공,Course,Cour3333,기초고문텍스트리딩Ⅱ,offers,전공과 교육과정(교과목)의 관계
3991,Major,Majo026,한국외국어대_중국언어문화전공,Course,Cour3334,데이터중국어Ⅰ,offers,전공과 교육과정(교과목)의 관계
3992,Major,Majo026,한국외국어대_중국언어문화전공,Course,Cour3335,데이터중국어Ⅱ,offers,전공과 교육과정(교과목)의 관계
3993,Major,Majo026,한국외국어대_중국언어문화전공,Course,Cour3336,신조어와중국사회,offers,전공과 교육과정(교과목)의 관계
3994,Major,Majo026,한국외국어대_중국언어문화전공,Course,Cour3337,제가백가서텍스트리딩,offers,전공과 교육과정(교과목)의 관계
3995,Major,Majo026,한국외국어대_중국언어문화전공,Course,Cour3338,중국고전문학사,offers,전공과 교육과정(교과목)의 관계
3996,Major,Majo026,한국외국어대_중국언어문화전공,Course,Cour3339,중국대중문화,offers,전공과 교육과정(교과목)의 관계
3997,Major,Majo026,한국외국어대_중국언어문화전공,Course,Cour3340,중국문명과세계문명,offers,전공과 교육과정(교과목)의 관계
3998,Major,Majo026,한국외국어대_중국언어문화전공,Course,Cour3341,중국문학개론,offers,전공과 교육과정(교과목)의 관계
3999,Major,Majo026,한국외국어대_중국언어문화전공,Course,Cour3342,중국문학과스토리텔링,offers,전공과 교육과정(교과목)의 관계
4000,Major,Majo026,한국외국어대_중국언어문화전공,Course,Cour3343,중국어문법작문Ⅰ,offers,전공과 교육과정(교과목)의 관계
4001,Major,Majo026,한국외국어대_중국언어문화전공,Course,Cour3344,중국어문법작문Ⅱ,offers,전공과 교육과정(교과목)의 관계
4002,Major,Majo026,한국외국어대_중국언어문화전공,Course,Cour3345,중국어학개론,offers,전공과 교육과정(교과목)의 관계
4003,Major,Majo026,한국외국어대_중국언어문화전공,Course,Cour3346,중국인문지리,offers,전공과 교육과정(교과목)의 관계
4004,Major,Majo026,한국외국어대_중국언어문화전공,Course,Cour3347,중국현당대문학사,offers,전공과 교육과정(교과목)의 관계
4005,Major,Majo026,한국외국어대_중국언어문화전공,Course,Cour3348,중급중국어Ⅰ,offers,전공과 교육과정(교과목)의 관계
4006,Major,Majo026,한국외국어대_중국언어문화전공,Course,Cour3349,중급중국어Ⅱ,offers,전공과 교육과정(교과목)의 관계
4007,Major,Majo026,한국외국어대_중국언어문화전공,Course,Cour3350,중급중국어회화Ⅰ,offers,전공과 교육과정(교과목)의 관계
4008,Major,Majo026,한국외국어대_중국언어문화전공,Course,Cour3351,중급중국어회화Ⅱ,offers,전공과 교육과정(교과목)의 관계
4009,Major,Majo026,한국외국어대_중국언어문화전공,Course,Cour3352,코퍼스중국어,offers,전공과 교육과정(교과목)의 관계
4010,Major,Majo026,한국외국어대_중국언어문화전공,Course,Cour3353,한자와문화,offers,전공과 교육과정(교과목)의 관계
4011,Major,Majo026,한국외국어대_중국언어문화전공,Course,Cour3354,고급중국어Ⅰ,offers,전공과 교육과정(교과목)의 관계
4012,Major,Majo026,한국외국어대_중국언어문화전공,Course,Cour3355,고급중국어Ⅱ,offers,전공과 교육과정(교과목)의 관계
4013,Major,Majo026,한국외국어대_중국언어문화전공,Course,Cour3356,공연예술중국어실습,offers,전공과 교육과정(교과목)의 관계
4014,Major,Majo026,한국외국어대_중국언어문화전공,Course,Cour3357,미디어중국어Ⅰ,offers,전공과 교육과정(교과목)의 관계
4015,Major,Majo026,한국외국어대_중국언어문화전공,Course,Cour3358,미디어중국어Ⅱ,offers,전공과 교육과정(교과목)의 관계
4016,Major,Majo026,한국외국어대_중국언어문화전공,Course,Cour3359,중국고대소설,offers,전공과 교육과정(교과목)의 관계
4017,Major,Majo026,한국외국어대_중국언어문화전공,Course,Cour3360,중국말소리의구조,offers,전공과 교육과정(교과목)의 관계
4018,Major,Majo026,한국외국어대_중국언어문화전공,Course,Cour3361,중국무술과실습,offers,전공과 교육과정(교과목)의 관계
4019,Major,Majo026,한국외국어대_중국언어문화전공,Course,Cour3362,중국문학작품과영화,offers,전공과 교육과정(교과목)의 관계
4020,Major,Majo026,한국외국어대_중국언어문화전공,Course,Cour3363,중국문화데이터포트폴리오,offers,전공과 교육과정(교과목)의 관계
4021,Major,Majo026,한국외국어대_중국언어문화전공,Course,Cour3364,중국시가,offers,전공과 교육과정(교과목)의 관계
4022,Major,Majo026,한국외국어대_중국언어문화전공,Course,Cour3365,중국어어휘론,offers,전공과 교육과정(교과목)의 관계
4023,Major,Majo026,한국외국어대_중국언어문화전공,Course,Cour3366,중국어통사론,offers,전공과 교육과정(교과목)의 관계
4024,Major,Majo026,한국외국어대_중국언어문화전공,Course,Cour3367,중국영화와비평,offers,전공과 교육과정(교과목)의 관계
4025,Major,Majo026,한국외국어대_중국언어문화전공,Course,Cour3368,중국의철학과사상,offers,전공과 교육과정(교과목)의 관계
4026,Major,Majo026,한국외국어대_중국언어문화전공,Course,Cour3369,중국현당대소설,offers,전공과 교육과정(교과목)의 관계
4027,Major,Majo026,한국외국어대_중국언어문화전공,Course,Cour3370,한･중언어대조,offers,전공과 교육과정(교과목)의 관계
4028,Major,Majo026,한국외국어대_중국언어문화전공,Course,Cour3371,한･중문화산업실습,offers,전공과 교육과정(교과목)의 관계
4029,Major,Majo026,한국외국어대_중국언어문화전공,Course,Cour3372,리더십과퍼실리테이션,offers,전공과 교육과정(교과목)의 관계
4030,Major,Majo026,한국외국어대_중국언어문화전공,Course,Cour3373,미래디자인,offers,전공과 교육과정(교과목)의 관계
4031,Major,Majo026,한국외국어대_중국언어문화전공,Course,Cour3374,중･한통번역실습,offers,전공과 교육과정(교과목)의 관계
4032,Major,Majo026,한국외국어대_중국언어문화전공,Course,Cour3375,중국고대산문,offers,전공과 교육과정(교과목)의 관계
4033,Major,Majo026,한국외국어대_중국언어문화전공,Course,Cour3376,중국과우주과학,offers,전공과 교육과정(교과목)의 관계
4034,Major,Majo026,한국외국어대_중국언어문화전공,Course,Cour3377,중국문화마케팅,offers,전공과 교육과정(교과목)의 관계
4035,Major,Majo026,한국외국어대_중국언어문화전공,Course,Cour3378,중국사회언어학,offers,전공과 교육과정(교과목)의 관계
4036,Major,Majo026,한국외국어대_중국언어문화전공,Course,Cour3379,중국어레토릭,offers,전공과 교육과정(교과목)의 관계
4037,Major,Majo026,한국외국어대_중국언어문화전공,Course,Cour3380,중국어연설과리더쉽,offers,전공과 교육과정(교과목)의 관계
4038,Major,Majo026,한국외국어대_중국언어문화전공,Course,Cour3381,중국인터넷플러스,offers,전공과 교육과정(교과목)의 관계
4039,Major,Majo026,한국외국어대_중국언어문화전공,Course,Cour3382,중국희곡과경극,offers,전공과 교육과정(교과목)의 관계
4040,Major,Majo026,한국외국어대_중국언어문화전공,Course,Cour3383,트래도스중국어,offers,전공과 교육과정(교과목)의 관계
4041,Major,Majo027,한국외국어대_차이나데이터큐레이션전공,Course,Cour3384,데이터큐레이팅,offers,전공과 교육과정(교과목)의 관계
4042,Major,Majo027,한국외국어대_차이나데이터큐레이션전공,Course,Cour3385,중국고대사와문화,offers,전공과 교육과정(교과목)의 관계
4043,Major,Majo027,한국외국어대_차이나데이터큐레이션전공,Course,Cour3386,중국역사인물과네트워킹,offers,전공과 교육과정(교과목)의 관계
4044,Major,Majo027,한국외국어대_차이나데이터큐레이션전공,Course,Cour3387,초급중국어Ⅰ,offers,전공과 교육과정(교과목)의 관계
4045,Major,Majo027,한국외국어대_차이나데이터큐레이션전공,Course,Cour3388,초급중국어Ⅱ,offers,전공과 교육과정(교과목)의 관계
4046,Major,Majo027,한국외국어대_차이나데이터큐레이션전공,Course,Cour3389,초급중국어회화Ⅰ,offers,전공과 교육과정(교과목)의 관계
4047,Major,Majo027,한국외국어대_차이나데이터큐레이션전공,Course,Cour3390,초급중국어회화Ⅱ,offers,전공과 교육과정(교과목)의 관계
4048,Major,Majo027,한국외국어대_차이나데이터큐레이션전공,Course,Cour3391,텍스트데이터디자인,offers,전공과 교육과정(교과목)의 관계
4049,Major,Majo027,한국외국어대_차이나데이터큐레이션전공,Course,Cour3392,UI/UX기획디자인,offers,전공과 교육과정(교과목)의 관계
4050,Major,Majo027,한국외국어대_차이나데이터큐레이션전공,Course,Cour3393,공공데이터PBL,offers,전공과 교육과정(교과목)의 관계
4051,Major,Majo027,한국외국어대_차이나데이터큐레이션전공,Course,Cour3394,데이터시각화,offers,전공과 교육과정(교과목)의 관계
4052,Major,Majo027,한국외국어대_차이나데이터큐레이션전공,Course,Cour3395,데이터웹퍼블리싱,offers,전공과 교육과정(교과목)의 관계
4053,Major,Majo027,한국외국어대_차이나데이터큐레이션전공,Course,Cour3396,엑셀VBA,offers,전공과 교육과정(교과목)의 관계
4054,Major,Majo027,한국외국어대_차이나데이터큐레이션전공,Course,Cour3397,중국문화데이터시각화,offers,전공과 교육과정(교과목)의 관계
4055,Major,Majo027,한국외국어대_차이나데이터큐레이션전공,Course,Cour3398,중국문화콘텐츠제작,offers,전공과 교육과정(교과목)의 관계
4056,Major,Majo027,한국외국어대_차이나데이터큐레이션전공,Course,Cour3399,중국어교육콘텐츠제작,offers,전공과 교육과정(교과목)의 관계
4057,Major,Majo027,한국외국어대_차이나데이터큐레이션전공,Course,Cour3400,ChineseNLP,offers,전공과 교육과정(교과목)의 관계
4058,Major,Majo027,한국외국어대_차이나데이터큐레이션전공,Course,Cour3401,네트워크시각화와분석,offers,전공과 교육과정(교과목)의 관계
4059,Major,Majo027,한국외국어대_차이나데이터큐레이션전공,Course,Cour3402,데이터리터러시,offers,전공과 교육과정(교과목)의 관계
4060,Major,Majo027,한국외국어대_차이나데이터큐레이션전공,Course,Cour3403,어도비크리에이티브,offers,전공과 교육과정(교과목)의 관계
4061,Major,Majo027,한국외국어대_차이나데이터큐레이션전공,Course,Cour3404,인공지능중국문화데이터분석,offers,전공과 교육과정(교과목)의 관계
4062,Major,Majo027,한국외국어대_차이나데이터큐레이션전공,Course,Cour3405,큐레이션플랫폼,offers,전공과 교육과정(교과목)의 관계
4063,Major,Majo027,한국외국어대_차이나데이터큐레이션전공,Course,Cour3406,텍스트마이닝,offers,전공과 교육과정(교과목)의 관계
4064,Major,Majo027,한국외국어대_차이나데이터큐레이션전공,Course,Cour3407,Python&Colab,offers,전공과 교육과정(교과목)의 관계
4065,Major,Majo027,한국외국어대_차이나데이터큐레이션전공,Course,Cour3408,데이터마이닝,offers,전공과 교육과정(교과목)의 관계
4066,Major,Majo028,한국외국어대_중국외교통상전공,Course,Cour3409,기초중국어Ⅰ,offers,전공과 교육과정(교과목)의 관계
4067,Major,Majo028,한국외국어대_중국외교통상전공,Course,Cour3410,기초중국어Ⅱ,offers,전공과 교육과정(교과목)의 관계
4068,Major,Majo028,한국외국어대_중국외교통상전공,Course,Cour3411,중국경제이슈분석,offers,전공과 교육과정(교과목)의 관계
4069,Major,Majo028,한국외국어대_중국외교통상전공,Course,Cour3412,중국역사의이해,offers,전공과 교육과정(교과목)의 관계
4070,Major,Majo028,한국외국어대_중국외교통상전공,Course,Cour3413,중국학개론Ⅰ,offers,전공과 교육과정(교과목)의 관계
4071,Major,Majo028,한국외국어대_중국외교통상전공,Course,Cour3414,중국학개론Ⅱ,offers,전공과 교육과정(교과목)의 관계
4072,Major,Majo028,한국외국어대_중국외교통상전공,Course,Cour3415,중국학독서세미나,offers,전공과 교육과정(교과목)의 관계
4073,Major,Majo028,한국외국어대_중국외교통상전공,Course,Cour3416,한･중교류입문,offers,전공과 교육과정(교과목)의 관계
4074,Major,Majo028,한국외국어대_중국외교통상전공,Course,Cour3417,한･중사회문화교류,offers,전공과 교육과정(교과목)의 관계
4075,Major,Majo028,한국외국어대_중국외교통상전공,Course,Cour3418,생활중국어Ⅰ,offers,전공과 교육과정(교과목)의 관계
4076,Major,Majo028,한국외국어대_중국외교통상전공,Course,Cour3419,생활중국어Ⅱ,offers,전공과 교육과정(교과목)의 관계
4077,Major,Majo028,한국외국어대_중국외교통상전공,Course,Cour3420,시사중국어독해Ⅰ,offers,전공과 교육과정(교과목)의 관계
4078,Major,Majo028,한국외국어대_중국외교통상전공,Course,Cour3421,시사중국어독해Ⅱ,offers,전공과 교육과정(교과목)의 관계
4079,Major,Majo028,한국외국어대_중국외교통상전공,Course,Cour3422,중국거시경제론,offers,전공과 교육과정(교과목)의 관계
4080,Major,Majo028,한국외국어대_중국외교통상전공,Course,Cour3423,중국사회문화연구,offers,전공과 교육과정(교과목)의 관계
4081,Major,Majo028,한국외국어대_중국외교통상전공,Course,Cour3424,중국의외교정책,offers,전공과 교육과정(교과목)의 관계
4082,Major,Majo028,한국외국어대_중국외교통상전공,Course,Cour3425,중국의중앙지방관계,offers,전공과 교육과정(교과목)의 관계
4083,Major,Majo028,한국외국어대_중국외교통상전공,Course,Cour3426,중국철학의이해,offers,전공과 교육과정(교과목)의 관계
4084,Major,Majo028,한국외국어대_중국외교통상전공,Course,Cour3427,중국학영어논문세미나Ⅰ,offers,전공과 교육과정(교과목)의 관계
4085,Major,Majo028,한국외국어대_중국외교통상전공,Course,Cour3428,중국학영어논문세미나Ⅱ,offers,전공과 교육과정(교과목)의 관계
4086,Major,Majo028,한국외국어대_중국외교통상전공,Course,Cour3429,현대중국경제론,offers,전공과 교육과정(교과목)의 관계
4087,Major,Majo028,한국외국어대_중국외교통상전공,Course,Cour3430,현대중국의국제관계,offers,전공과 교육과정(교과목)의 관계
4088,Major,Majo028,한국외국어대_중국외교통상전공,Course,Cour3431,현대중국정치의이해,offers,전공과 교육과정(교과목)의 관계
4089,Major,Majo028,한국외국어대_중국외교통상전공,Course,Cour3432,중국과국제기구,offers,전공과 교육과정(교과목)의 관계
4090,Major,Majo028,한국외국어대_중국외교통상전공,Course,Cour3433,중국마케팅연구,offers,전공과 교육과정(교과목)의 관계
4091,Major,Majo028,한국외국어대_중국외교통상전공,Course,Cour3434,중국법제도의이해,offers,전공과 교육과정(교과목)의 관계
4092,Major,Majo028,한국외국어대_중국외교통상전공,Course,Cour3435,중국사회구조론,offers,전공과 교육과정(교과목)의 관계
4093,Major,Majo028,한국외국어대_중국외교통상전공,Course,Cour3436,중국안보문제연구,offers,전공과 교육과정(교과목)의 관계
4094,Major,Majo028,한국외국어대_중국외교통상전공,Course,Cour3437,중국어작문,offers,전공과 교육과정(교과목)의 관계
4095,Major,Majo028,한국외국어대_중국외교통상전공,Course,Cour3438,중국의도시화와발전,offers,전공과 교육과정(교과목)의 관계
4096,Major,Majo028,한국외국어대_중국외교통상전공,Course,Cour3439,중국의엘리트와사회변동,offers,전공과 교육과정(교과목)의 관계
4097,Major,Majo028,한국외국어대_중국외교통상전공,Course,Cour3440,중국정치경제론,offers,전공과 교육과정(교과목)의 관계
4098,Major,Majo028,한국외국어대_중국외교통상전공,Course,Cour3441,중국통계분석방법,offers,전공과 교육과정(교과목)의 관계
4099,Major,Majo028,한국외국어대_중국외교통상전공,Course,Cour3442,중국통상론,offers,전공과 교육과정(교과목)의 관계
4100,Major,Majo028,한국외국어대_중국외교통상전공,Course,Cour3443,중국통상법규연구,offers,전공과 교육과정(교과목)의 관계
4101,Major,Majo028,한국외국어대_중국외교통상전공,Course,Cour3444,중국통상중국어,offers,전공과 교육과정(교과목)의 관계
4102,Major,Majo028,한국외국어대_중국외교통상전공,Course,Cour3445,중국학연구방법,offers,전공과 교육과정(교과목)의 관계
4103,Major,Majo028,한국외국어대_중국외교통상전공,Course,Cour3446,중국현대문명과사조,offers,전공과 교육과정(교과목)의 관계
4104,Major,Majo028,한국외국어대_중국외교통상전공,Course,Cour3447,중국현지조사연습,offers,전공과 교육과정(교과목)의 관계
4105,Major,Majo028,한국외국어대_중국외교통상전공,Course,Cour3448,대만정치와양안관계,offers,전공과 교육과정(교과목)의 관계
4106,Major,Majo028,한국외국어대_중국외교통상전공,Course,Cour3449,중국경제세미나,offers,전공과 교육과정(교과목)의 관계
4107,Major,Majo028,한국외국어대_중국외교통상전공,Course,Cour3450,중국금융경제,offers,전공과 교육과정(교과목)의 관계
4108,Major,Majo028,한국외국어대_중국외교통상전공,Course,Cour3451,중국기업및시장연구,offers,전공과 교육과정(교과목)의 관계
4109,Major,Majo028,한국외국어대_중국외교통상전공,Course,Cour3452,중국대중매체연구,offers,전공과 교육과정(교과목)의 관계
4110,Major,Majo028,한국외국어대_중국외교통상전공,Course,Cour3453,중국빅데이터분석론,offers,전공과 교육과정(교과목)의 관계
4111,Major,Majo028,한국외국어대_중국외교통상전공,Course,Cour3454,중국어프리젠테이션기법,offers,전공과 교육과정(교과목)의 관계
4112,Major,Majo028,한국외국어대_중국외교통상전공,Course,Cour3455,중국업무문서작성법,offers,전공과 교육과정(교과목)의 관계
4113,Major,Majo028,한국외국어대_중국외교통상전공,Course,Cour3456,한･중･미대외관계,offers,전공과 교육과정(교과목)의 관계
4114,Major,Majo028,한국외국어대_중국외교통상전공,Course,Cour3457,해외화인사회연구,offers,전공과 교육과정(교과목)의 관계
4115,Major,Majo028,한국외국어대_중국외교통상전공,Course,Cour3458,혁신과중국경제,offers,전공과 교육과정(교과목)의 관계
4116,Major,Majo030,한신대_중국어문전공,Course,Cour3649,중급중국어회화Ⅰ,offers,전공과 교육과정(교과목)의 관계
4117,Major,Majo030,한신대_중국어문전공,Course,Cour3650,조선그림속의중국문화,offers,전공과 교육과정(교과목)의 관계
4118,Major,Majo030,한신대_중국어문전공,Course,Cour3651,영상으로배우는중국의음식문화,offers,전공과 교육과정(교과목)의 관계
4119,Major,Majo030,한신대_중국어문전공,Course,Cour3652,HSKK실습Ⅰ,offers,전공과 교육과정(교과목)의 관계
4120,Major,Majo030,한신대_중국어문전공,Course,Cour3653,현장실습Ⅰ,offers,전공과 교육과정(교과목)의 관계
4121,Major,Majo030,한신대_중국어문전공,Course,Cour3654,현장실습Ⅱ,offers,전공과 교육과정(교과목)의 관계
4122,Major,Majo030,한신대_중국어문전공,Course,Cour3655,현장실습Ⅲ,offers,전공과 교육과정(교과목)의 관계
4123,Major,Majo030,한신대_중국어문전공,Course,Cour3656,현장실습Ⅳ,offers,전공과 교육과정(교과목)의 관계
4124,Major,Majo030,한신대_중국어문전공,Course,Cour3657,HSK4급Ⅰ,offers,전공과 교육과정(교과목)의 관계
4125,Major,Majo030,한신대_중국어문전공,Course,Cour3658,중국무협콘텐츠,offers,전공과 교육과정(교과목)의 관계
4126,Major,Majo030,한신대_중국어문전공,Course,Cour3659,중국어청취Ⅲ,offers,전공과 교육과정(교과목)의 관계
4127,Major,Majo030,한신대_중국어문전공,Course,Cour3660,중국문화의이해Ⅰ,offers,전공과 교육과정(교과목)의 관계
4128,Major,Majo030,한신대_중국어문전공,Course,Cour3661,고급중국어회화Ⅰ,offers,전공과 교육과정(교과목)의 관계
4129,Major,Majo030,한신대_중국어문전공,Course,Cour3662,영상중국어Ⅰ,offers,전공과 교육과정(교과목)의 관계
4130,Major,Majo030,한신대_중국어문전공,Course,Cour3663,글로벌비즈니스예절,offers,전공과 교육과정(교과목)의 관계
4131,Major,Majo030,한신대_중국어문전공,Course,Cour3664,중국소수민족의역사문화,offers,전공과 교육과정(교과목)의 관계
4132,Major,Majo030,한신대_중국어문전공,Course,Cour3665,무역중국어,offers,전공과 교육과정(교과목)의 관계
4133,Major,Majo030,한신대_중국어문전공,Course,Cour3666,중국어문법,offers,전공과 교육과정(교과목)의 관계
4134,Major,Majo030,한신대_중국어문전공,Course,Cour3667,중국어청취Ⅰ,offers,전공과 교육과정(교과목)의 관계
4135,Major,Majo030,한신대_중국어문전공,Course,Cour3668,초급중국어회화Ⅰ,offers,전공과 교육과정(교과목)의 관계
4136,Major,Majo030,한신대_중국어문전공,Course,Cour3669,고사성어와스토리텔링Ⅰ,offers,전공과 교육과정(교과목)의 관계
4137,Major,Majo030,한신대_중국어문전공,Course,Cour3670,중급중국어회화Ⅱ,offers,전공과 교육과정(교과목)의 관계
4138,Major,Majo030,한신대_중국어문전공,Course,Cour3671,차이나는중국여행,offers,전공과 교육과정(교과목)의 관계
4139,Major,Majo030,한신대_중국어문전공,Course,Cour3672,HSKK실습Ⅱ,offers,전공과 교육과정(교과목)의 관계
4140,Major,Majo030,한신대_중국어문전공,Course,Cour3673,현장실습Ⅰ,offers,전공과 교육과정(교과목)의 관계
4141,Major,Majo030,한신대_중국어문전공,Course,Cour3674,현장실습Ⅱ,offers,전공과 교육과정(교과목)의 관계
4142,Major,Majo030,한신대_중국어문전공,Course,Cour3675,현장실습Ⅲ,offers,전공과 교육과정(교과목)의 관계
4143,Major,Majo030,한신대_중국어문전공,Course,Cour3676,현장실습Ⅳ,offers,전공과 교육과정(교과목)의 관계
4144,Major,Majo030,한신대_중국어문전공,Course,Cour3677,HSK4급Ⅱ,offers,전공과 교육과정(교과목)의 관계
4145,Major,Majo030,한신대_중국어문전공,Course,Cour3678,역사를움직인중국의여인,offers,전공과 교육과정(교과목)의 관계
4146,Major,Majo030,한신대_중국어문전공,Course,Cour3679,중국문화의이해Ⅱ,offers,전공과 교육과정(교과목)의 관계
4147,Major,Majo030,한신대_중국어문전공,Course,Cour3680,영상중국어Ⅱ,offers,전공과 교육과정(교과목)의 관계
4148,Major,Majo030,한신대_중국어문전공,Course,Cour3681,HSK실습Ⅱ,offers,전공과 교육과정(교과목)의 관계
4149,Major,Majo030,한신대_중국어문전공,Course,Cour3682,의료서비스회화,offers,전공과 교육과정(교과목)의 관계
4150,Major,Majo030,한신대_중국어문전공,Course,Cour3683,그림으로읽는한국과중국의길상문화,offers,전공과 교육과정(교과목)의 관계
4151,Major,Majo030,한신대_중국어문전공,Course,Cour3684,중국신화기행,offers,전공과 교육과정(교과목)의 관계
4152,Major,Majo030,한신대_중국어문전공,Course,Cour3685,중국관광지리,offers,전공과 교육과정(교과목)의 관계
4153,Major,Majo030,한신대_중국어문전공,Course,Cour3686,초급중국어회화Ⅱ,offers,전공과 교육과정(교과목)의 관계
4154,Major,Majo030,한신대_중국어문전공,Course,Cour3687,고사성어스토리텔링Ⅱ,offers,전공과 교육과정(교과목)의 관계
4155,Major,Majo030,한신대_중국어문전공,Course,Cour3688,HSK5급Ⅰ,offers,전공과 교육과정(교과목)의 관계
4156,Major,Majo030,한신대_중국어문전공,Course,Cour3689,IPPⅠ(장기현장실습),offers,전공과 교육과정(교과목)의 관계
4157,Major,Majo030,한신대_중국어문전공,Course,Cour3690,IPPⅢ(장기현장실습),offers,전공과 교육과정(교과목)의 관계
4158,Major,Majo030,한신대_중국어문전공,Course,Cour3691,IPPⅣ(장기현장실습),offers,전공과 교육과정(교과목)의 관계
4159,Major,Majo030,한신대_중국어문전공,Course,Cour3692,HSK5급Ⅱ,offers,전공과 교육과정(교과목)의 관계
4160,Major,Majo030,한신대_중국어문전공,Course,Cour3693,대만의생활문화,offers,전공과 교육과정(교과목)의 관계
4161,Major,Majo030,한신대_중국어문전공,Course,Cour3694,IPPⅠ(장기현장실습),offers,전공과 교육과정(교과목)의 관계
4162,Major,Majo030,한신대_중국어문전공,Course,Cour3695,IPPⅢ(장기현장실습),offers,전공과 교육과정(교과목)의 관계
4163,Major,Majo030,한신대_중국어문전공,Course,Cour3696,IPPⅣ(장기현장실습),offers,전공과 교육과정(교과목)의 관계
4164,Major,Majo030,한신대_중국어문전공,Course,Cour3697,졸업논문,offers,전공과 교육과정(교과목)의 관계
4165,Major,Majo030,한신대_중국어문전공,Course,Cour3698,IPPⅡ(장기현장실습),offers,전공과 교육과정(교과목)의 관계
4166,Major,Majo030,한신대_중국어문전공,Course,Cour3699,IPPⅤ(장기현장실습),offers,전공과 교육과정(교과목)의 관계
4167,Major,Majo030,한신대_중국어문전공,Course,Cour3700,졸업논문,offers,전공과 교육과정(교과목)의 관계
4168,Major,Majo030,한신대_중국어문전공,Course,Cour3701,IPPⅡ(장기현장실습),offers,전공과 교육과정(교과목)의 관계
4169,Major,Majo030,한신대_중국어문전공,Course,Cour3702,IPPⅤ(장기현장실습),offers,전공과 교육과정(교과목)의 관계
4170,Major,Majo031,한신대_한중콘텐츠전공,Course,Cour3703,현대중국사회와문화,offers,전공과 교육과정(교과목)의 관계
4171,Major,Majo031,한신대_한중콘텐츠전공,Course,Cour3704,사랑과중국문학,offers,전공과 교육과정(교과목)의 관계
4172,Major,Majo031,한신대_한중콘텐츠전공,Course,Cour3705,중국고전과스토리텔링,offers,전공과 교육과정(교과목)의 관계
4173,Major,Majo031,한신대_한중콘텐츠전공,Course,Cour3706,전공중국어Ⅰ,offers,전공과 교육과정(교과목)의 관계
4174,Major,Majo031,한신대_한중콘텐츠전공,Course,Cour3707,공연콘텐츠의이해,offers,전공과 교육과정(교과목)의 관계
4175,Major,Majo031,한신대_한중콘텐츠전공,Course,Cour3708,콘텐츠스토리텔링,offers,전공과 교육과정(교과목)의 관계
4176,Major,Majo031,한신대_한중콘텐츠전공,Course,Cour3709,관광콘텐츠디자인,offers,전공과 교육과정(교과목)의 관계
4177,Major,Majo031,한신대_한중콘텐츠전공,Course,Cour3710,문화콘텐츠장르론,offers,전공과 교육과정(교과목)의 관계
4178,Major,Majo031,한신대_한중콘텐츠전공,Course,Cour3711,동아시아의전통문화,offers,전공과 교육과정(교과목)의 관계
4179,Major,Majo031,한신대_한중콘텐츠전공,Course,Cour3712,한중문화콘텐츠원소스발굴,offers,전공과 교육과정(교과목)의 관계
4180,Major,Majo031,한신대_한중콘텐츠전공,Course,Cour3713,전공중국어Ⅱ,offers,전공과 교육과정(교과목)의 관계
4181,Major,Majo031,한신대_한중콘텐츠전공,Course,Cour3714,영상문화분석,offers,전공과 교육과정(교과목)의 관계
4182,Major,Majo031,한신대_한중콘텐츠전공,Course,Cour3715,전시이벤트스토리텔링,offers,전공과 교육과정(교과목)의 관계
4183,Major,Majo031,한신대_한중콘텐츠전공,Course,Cour3716,문화마케팅론,offers,전공과 교육과정(교과목)의 관계
4184,Major,Majo031,한신대_한중콘텐츠전공,Course,Cour3717,지역콘텐츠분석,offers,전공과 교육과정(교과목)의 관계
4185,Major,Majo031,한신대_한중콘텐츠전공,Course,Cour3718,콘텐츠중국어Ⅰ,offers,전공과 교육과정(교과목)의 관계
4186,Major,Majo031,한신대_한중콘텐츠전공,Course,Cour3719,IPPⅠ(장기현장실습),offers,전공과 교육과정(교과목)의 관계
4187,Major,Majo031,한신대_한중콘텐츠전공,Course,Cour3720,IPPⅢ(장기현장실습),offers,전공과 교육과정(교과목)의 관계
4188,Major,Majo031,한신대_한중콘텐츠전공,Course,Cour3721,IPPⅣ(장기현장실습),offers,전공과 교육과정(교과목)의 관계
4189,Major,Majo031,한신대_한중콘텐츠전공,Course,Cour3722,문화산업실습Ⅰ,offers,전공과 교육과정(교과목)의 관계
4190,Major,Majo031,한신대_한중콘텐츠전공,Course,Cour3723,문화산업실습Ⅱ,offers,전공과 교육과정(교과목)의 관계
4191,Major,Majo031,한신대_한중콘텐츠전공,Course,Cour3724,문화산업실습Ⅲ,offers,전공과 교육과정(교과목)의 관계
4192,Major,Majo031,한신대_한중콘텐츠전공,Course,Cour3725,문화산업실습Ⅳ,offers,전공과 교육과정(교과목)의 관계
4193,Major,Majo031,한신대_한중콘텐츠전공,Course,Cour3726,영상콘텐츠실습Ⅰ,offers,전공과 교육과정(교과목)의 관계
4194,Major,Majo031,한신대_한중콘텐츠전공,Course,Cour3727,문화관광기획,offers,전공과 교육과정(교과목)의 관계
4195,Major,Majo031,한신대_한중콘텐츠전공,Course,Cour3728,문화이벤트분석,offers,전공과 교육과정(교과목)의 관계
4196,Major,Majo031,한신대_한중콘텐츠전공,Course,Cour3729,엔터테인먼트기획,offers,전공과 교육과정(교과목)의 관계
4197,Major,Majo031,한신대_한중콘텐츠전공,Course,Cour3730,문화관광마케팅실습,offers,전공과 교육과정(교과목)의 관계
4198,Major,Majo031,한신대_한중콘텐츠전공,Course,Cour3731,전시콘텐츠실습,offers,전공과 교육과정(교과목)의 관계
4199,Major,Majo031,한신대_한중콘텐츠전공,Course,Cour3732,한중문화산업분석,offers,전공과 교육과정(교과목)의 관계
4200,Major,Majo031,한신대_한중콘텐츠전공,Course,Cour3733,중국문화산업트랜드,offers,전공과 교육과정(교과목)의 관계
4201,Major,Majo031,한신대_한중콘텐츠전공,Course,Cour3734,콘텐츠중국어Ⅱ,offers,전공과 교육과정(교과목)의 관계
4202,Major,Majo031,한신대_한중콘텐츠전공,Course,Cour3735,IPPⅠ(장기현장실습),offers,전공과 교육과정(교과목)의 관계
4203,Major,Majo031,한신대_한중콘텐츠전공,Course,Cour3736,IPPⅢ(장기현장실습),offers,전공과 교육과정(교과목)의 관계
4204,Major,Majo031,한신대_한중콘텐츠전공,Course,Cour3737,IPPⅣ(장기현장실습),offers,전공과 교육과정(교과목)의 관계
4205,Major,Majo031,한신대_한중콘텐츠전공,Course,Cour3738,문화산업실습Ⅴ,offers,전공과 교육과정(교과목)의 관계
4206,Major,Majo031,한신대_한중콘텐츠전공,Course,Cour3739,문화산업실습Ⅵ,offers,전공과 교육과정(교과목)의 관계
4207,Major,Majo031,한신대_한중콘텐츠전공,Course,Cour3740,문화산업실습Ⅶ,offers,전공과 교육과정(교과목)의 관계
4208,Major,Majo031,한신대_한중콘텐츠전공,Course,Cour3741,문화산업실습Ⅷ,offers,전공과 교육과정(교과목)의 관계
4209,Major,Majo031,한신대_한중콘텐츠전공,Course,Cour3742,문화관광콘텐츠제작실습,offers,전공과 교육과정(교과목)의 관계
4210,Major,Majo031,한신대_한중콘텐츠전공,Course,Cour3743,문화이벤트기획,offers,전공과 교육과정(교과목)의 관계
4211,Major,Majo031,한신대_한중콘텐츠전공,Course,Cour3744,공연콘텐츠기획,offers,전공과 교육과정(교과목)의 관계
4212,Major,Majo031,한신대_한중콘텐츠전공,Course,Cour3745,졸업논문,offers,전공과 교육과정(교과목)의 관계
4213,Major,Majo031,한신대_한중콘텐츠전공,Course,Cour3746,한중문화산업정책,offers,전공과 교육과정(교과목)의 관계
4214,Major,Majo031,한신대_한중콘텐츠전공,Course,Cour3747,IPPⅡ(장기현장실습),offers,전공과 교육과정(교과목)의 관계
4215,Major,Majo031,한신대_한중콘텐츠전공,Course,Cour3748,IPPⅤ(장기현장실습),offers,전공과 교육과정(교과목)의 관계
4216,Major,Majo031,한신대_한중콘텐츠전공,Course,Cour3749,졸업논문,offers,전공과 교육과정(교과목)의 관계
4217,Major,Majo031,한신대_한중콘텐츠전공,Course,Cour3750,IPPⅡ(장기현장실습),offers,전공과 교육과정(교과목)의 관계
4218,Major,Majo031,한신대_한중콘텐츠전공,Course,Cour3751,IPPⅤ(장기현장실습),offers,전공과 교육과정(교과목)의 관계
4219,Major,Majo031,한신대_한중콘텐츠전공,Course,Cour3752,엔터테인먼트실습,offers,전공과 교육과정(교과목)의 관계
4220,Major,Majo029,한국외국어대_중국어교육전공,Course,Cour3987,중국어강독Ⅰ,offers,전공과 교육과정(교과목)의 관계
4221,Major,Majo029,한국외국어대_중국어교육전공,Course,Cour3988,중국어강독Ⅱ,offers,전공과 교육과정(교과목)의 관계
4222,Major,Majo029,한국외국어대_중국어교육전공,Course,Cour3989,중국어권문화,offers,전공과 교육과정(교과목)의 관계
4223,Major,Majo029,한국외국어대_중국어교육전공,Course,Cour3990,중국어듣기와발음교육Ⅰ,offers,전공과 교육과정(교과목)의 관계
4224,Major,Majo029,한국외국어대_중국어교육전공,Course,Cour3991,중국어듣기와발음교육Ⅱ,offers,전공과 교육과정(교과목)의 관계
4225,Major,Majo029,한국외국어대_중국어교육전공,Course,Cour3992,중국역사,offers,전공과 교육과정(교과목)의 관계
4226,Major,Majo029,한국외국어대_중국어교육전공,Course,Cour3993,초급중국어회화Ⅰ,offers,전공과 교육과정(교과목)의 관계
4227,Major,Majo029,한국외국어대_중국어교육전공,Course,Cour3994,초급중국어회화Ⅱ,offers,전공과 교육과정(교과목)의 관계
4228,Major,Majo029,한국외국어대_중국어교육전공,Course,Cour3995,중국고전문학,offers,전공과 교육과정(교과목)의 관계
4229,Major,Majo029,한국외국어대_중국어교육전공,Course,Cour3996,중국문학개론,offers,전공과 교육과정(교과목)의 관계
4230,Major,Majo029,한국외국어대_중국어교육전공,Course,Cour3997,중국어문법,offers,전공과 교육과정(교과목)의 관계
4231,Major,Majo029,한국외국어대_중국어교육전공,Course,Cour3998,중국어문장교육,offers,전공과 교육과정(교과목)의 관계
4232,Major,Majo029,한국외국어대_중국어교육전공,Course,Cour3999,중국어작문,offers,전공과 교육과정(교과목)의 관계
4233,Major,Majo029,한국외국어대_중국어교육전공,Course,Cour4000,중국어학개론,offers,전공과 교육과정(교과목)의 관계
4234,Major,Majo029,한국외국어대_중국어교육전공,Course,Cour4001,중급중국어회화Ⅰ,offers,전공과 교육과정(교과목)의 관계
4235,Major,Majo029,한국외국어대_중국어교육전공,Course,Cour4002,중급중국어회화Ⅱ,offers,전공과 교육과정(교과목)의 관계
4236,Major,Majo029,한국외국어대_중국어교육전공,Course,Cour4003,한문강독,offers,전공과 교육과정(교과목)의 관계
4237,Major,Majo029,한국외국어대_중국어교육전공,Course,Cour4004,멀티미디어중국어교육,offers,전공과 교육과정(교과목)의 관계
4238,Major,Majo029,한국외국어대_중국어교육전공,Course,Cour4005,중국어교과교육론,offers,전공과 교육과정(교과목)의 관계
4239,Major,Majo029,한국외국어대_중국어교육전공,Course,Cour4006,중국어교육사상사,offers,전공과 교육과정(교과목)의 관계
4240,Major,Majo029,한국외국어대_중국어교육전공,Course,Cour4007,중국어교육현장연구,offers,전공과 교육과정(교과목)의 관계
4241,Major,Majo029,한국외국어대_중국어교육전공,Course,Cour4008,중국어교재연구및지도법,offers,전공과 교육과정(교과목)의 관계
4242,Major,Majo029,한국외국어대_중국어교육전공,Course,Cour4009,중국어논리및논술,offers,전공과 교육과정(교과목)의 관계
4243,Major,Majo029,한국외국어대_중국어교육전공,Course,Cour4010,중국어듣기및말하기지도법,offers,전공과 교육과정(교과목)의 관계
4244,Major,Majo029,한국외국어대_중국어교육전공,Course,Cour4011,중국현대문학,offers,전공과 교육과정(교과목)의 관계
4245,Major,Majo029,한국외국어대_중국어교육전공,Course,Cour4012,한중언어대조,offers,전공과 교육과정(교과목)의 관계
4246,Track,Trac001,울산대_중국어·중국학트랙,EduGoal,EduG059,울산대_중국어·중국학트랙_교육목표,hasContent,트랙과 교육목표의 관계
4247,Track,Trac001,울산대_중국어·중국학트랙,Course,Cour2531,문학의세계,offers,트랙과 교육과정(교과목)의 관계
4248,Track,Trac001,울산대_중국어·중국학트랙,Course,Cour2532,실용한문,offers,트랙과 교육과정(교과목)의 관계
4249,Track,Trac001,울산대_중국어·중국학트랙,Course,Cour2533,기초중국어,offers,트랙과 교육과정(교과목)의 관계
4250,Track,Trac001,울산대_중국어·중국학트랙,Course,Cour2534,중국언어의이해,offers,트랙과 교육과정(교과목)의 관계
4251,Track,Trac001,울산대_중국어·중국학트랙,Course,Cour2535,중국지역학개론,offers,트랙과 교육과정(교과목)의 관계
4252,Track,Trac001,울산대_중국어·중국학트랙,Course,Cour2536,초급중국어실습Ⅰ,offers,트랙과 교육과정(교과목)의 관계
4253,Track,Trac001,울산대_중국어·중국학트랙,Course,Cour2537,의사소통과심화글쓰기,offers,트랙과 교육과정(교과목)의 관계
4254,Track,Trac001,울산대_중국어·중국학트랙,Course,Cour2538,진로탐색과목표설정,offers,트랙과 교육과정(교과목)의 관계
4255,Track,Trac001,울산대_중국어·중국학트랙,Course,Cour2539,현대중국의이해,offers,트랙과 교육과정(교과목)의 관계
4256,Track,Trac001,울산대_중국어·중국학트랙,Course,Cour2540,초급중국어작문,offers,트랙과 교육과정(교과목)의 관계
4257,Track,Trac001,울산대_중국어·중국학트랙,Course,Cour2541,중국어문법,offers,트랙과 교육과정(교과목)의 관계
4258,Track,Trac001,울산대_중국어·중국학트랙,Course,Cour2542,중급중국어강독,offers,트랙과 교육과정(교과목)의 관계
4259,Track,Trac001,울산대_중국어·중국학트랙,Course,Cour2543,진로탐색과생애설계,offers,트랙과 교육과정(교과목)의 관계
4260,Track,Trac001,울산대_중국어·중국학트랙,Course,Cour2544,중국사상과사회,offers,트랙과 교육과정(교과목)의 관계
4261,Track,Trac001,울산대_중국어·중국학트랙,Course,Cour2545,중국소설감상,offers,트랙과 교육과정(교과목)의 관계
4262,Track,Trac001,울산대_중국어·중국학트랙,Course,Cour2546,과제세미나Ⅰ(캡스톤디자인),offers,트랙과 교육과정(교과목)의 관계
4263,Track,Trac001,울산대_중국어·중국학트랙,Course,Cour2547,디지털시대의중국어번역,offers,트랙과 교육과정(교과목)의 관계
4264,Track,Trac001,울산대_중국어·중국학트랙,Course,Cour2548,미디어중국어,offers,트랙과 교육과정(교과목)의 관계
4265,Track,Trac001,울산대_중국어·중국학트랙,Course,Cour2549,캡스톤디자인Ⅰ(중국시장개척실무),offers,트랙과 교육과정(교과목)의 관계
4266,Track,Trac001,울산대_중국어·중국학트랙,Course,Cour2550,과제세미나Ⅲ(캡스톤디자인),offers,트랙과 교육과정(교과목)의 관계
4267,Track,Trac001,울산대_중국어·중국학트랙,Course,Cour2551,한중무역실무(캡스톤디자인),offers,트랙과 교육과정(교과목)의 관계
4268,Track,Trac001,울산대_중국어·중국학트랙,Course,Cour2552,중국예술감상,offers,트랙과 교육과정(교과목)의 관계
4269,Track,Trac001,울산대_중국어·중국학트랙,Course,Cour2553,글로컬캡스톤디자인,offers,트랙과 교육과정(교과목)의 관계
4270,Track,Trac001,울산대_중국어·중국학트랙,Course,Cour2554,중국어교과교재연구및지도법,offers,트랙과 교육과정(교과목)의 관계
4271,Track,Trac001,울산대_중국어·중국학트랙,Course,Cour2555,동양고전의이해,offers,트랙과 교육과정(교과목)의 관계
4272,Track,Trac001,울산대_중국어·중국학트랙,Course,Cour2556,초급중국어강독,offers,트랙과 교육과정(교과목)의 관계
4273,Track,Trac001,울산대_중국어·중국학트랙,Course,Cour2557,초급중국어실습Ⅱ,offers,트랙과 교육과정(교과목)의 관계
4274,Track,Trac001,울산대_중국어·중국학트랙,Course,Cour2558,중국문학변천의역사,offers,트랙과 교육과정(교과목)의 관계
4275,Track,Trac001,울산대_중국어·중국학트랙,Course,Cour2559,4차산업혁명과소프트웨어,offers,트랙과 교육과정(교과목)의 관계
4276,Track,Trac001,울산대_중국어·중국학트랙,Course,Cour2560,중국문화의이해,offers,트랙과 교육과정(교과목)의 관계
4277,Track,Trac001,울산대_중국어·중국학트랙,Course,Cour2561,중국문학특강,offers,트랙과 교육과정(교과목)의 관계
4278,Track,Trac001,울산대_중국어·중국학트랙,Course,Cour2562,중급중국어실습,offers,트랙과 교육과정(교과목)의 관계
4279,Track,Trac001,울산대_중국어·중국학트랙,Course,Cour2563,중국어청취,offers,트랙과 교육과정(교과목)의 관계
4280,Track,Trac001,울산대_중국어·중국학트랙,Course,Cour2564,해외현장고급중어회화,offers,트랙과 교육과정(교과목)의 관계
4281,Track,Trac001,울산대_중국어·중국학트랙,Course,Cour2565,해외현장고급중어작문,offers,트랙과 교육과정(교과목)의 관계
4282,Track,Trac001,울산대_중국어·중국학트랙,Course,Cour2566,해외현장중어신문선독,offers,트랙과 교육과정(교과목)의 관계
4283,Track,Trac001,울산대_중국어·중국학트랙,Course,Cour2567,해외현장실무중국어,offers,트랙과 교육과정(교과목)의 관계
4284,Track,Trac001,울산대_중국어·중국학트랙,Course,Cour2568,해외현장중국지역학개론,offers,트랙과 교육과정(교과목)의 관계
4285,Track,Trac001,울산대_중국어·중국학트랙,Course,Cour2569,중국산문감상,offers,트랙과 교육과정(교과목)의 관계
4286,Track,Trac001,울산대_중국어·중국학트랙,Course,Cour2570,고급중어작문및회화,offers,트랙과 교육과정(교과목)의 관계
4287,Track,Trac001,울산대_중국어·중국학트랙,Course,Cour2571,과제세미나Ⅱ(캡스톤디자인),offers,트랙과 교육과정(교과목)의 관계
4288,Track,Trac001,울산대_중국어·중국학트랙,Course,Cour2572,중국데이터분석(캡스톤디자인),offers,트랙과 교육과정(교과목)의 관계
4289,Track,Trac001,울산대_중국어·중국학트랙,Course,Cour2573,한중무역현장실습(캡스톤디자인),offers,트랙과 교육과정(교과목)의 관계
4290,Track,Trac001,울산대_중국어·중국학트랙,Course,Cour2574,중국시가감상,offers,트랙과 교육과정(교과목)의 관계
4291,Track,Trac001,울산대_중국어·중국학트랙,Course,Cour2575,중국도시연구,offers,트랙과 교육과정(교과목)의 관계
4292,Track,Trac001,울산대_중국어·중국학트랙,Course,Cour2576,캡스톤디자인Ⅱ(중국시장개척실무),offers,트랙과 교육과정(교과목)의 관계
4293,Track,Trac001,울산대_중국어·중국학트랙,Course,Cour2577,중일문화의이해,offers,트랙과 교육과정(교과목)의 관계
4294,Track,Trac001,울산대_중국어·중국학트랙,Course,Cour2578,과제세미나Ⅳ(캡스톤디자인),offers,트랙과 교육과정(교과목)의 관계
4295,Track,Trac001,울산대_중국어·중국학트랙,Course,Cour2579,지역사회와중국어통역,offers,트랙과 교육과정(교과목)의 관계
4296,Track,Trac001,울산대_중국어·중국학트랙,Course,Cour2580,한중공동세미나,offers,트랙과 교육과정(교과목)의 관계
4297,Track,Trac001,울산대_중국어·중국학트랙,Course,Cour2581,중국어교과교육론,offers,트랙과 교육과정(교과목)의 관계
4298,Track,Trac001,울산대_중국어·중국학트랙,Course,Cour2582,중국어교과논리및논술,offers,트랙과 교육과정(교과목)의 관계
4299,Track,Trac003,호서대_중국비즈니스트랙,Course,Cour3903,인간과기독교,offers,트랙과 교육과정(교과목)의 관계
4300,Track,Trac003,호서대_중국비즈니스트랙,Course,Cour3904,대학생활설계와비전Ⅰ,offers,트랙과 교육과정(교과목)의 관계
4301,Track,Trac003,호서대_중국비즈니스트랙,Course,Cour3905,채플,offers,트랙과 교육과정(교과목)의 관계
4302,Track,Trac003,호서대_중국비즈니스트랙,Course,Cour3906,대학영어회화Ⅰ,offers,트랙과 교육과정(교과목)의 관계
4303,Track,Trac003,호서대_중국비즈니스트랙,Course,Cour3907,벤처와창업가정신,offers,트랙과 교육과정(교과목)의 관계
4304,Track,Trac003,호서대_중국비즈니스트랙,Course,Cour3908,대학생활설계와비전Ⅱ,offers,트랙과 교육과정(교과목)의 관계
4305,Track,Trac003,호서대_중국비즈니스트랙,Course,Cour3909,채플,offers,트랙과 교육과정(교과목)의 관계
4306,Track,Trac003,호서대_중국비즈니스트랙,Course,Cour3910,영어와비판적사고,offers,트랙과 교육과정(교과목)의 관계
4307,Track,Trac003,호서대_중국비즈니스트랙,Course,Cour3911,AI와컴퓨팅사고력,offers,트랙과 교육과정(교과목)의 관계
4308,Track,Trac003,호서대_중국비즈니스트랙,Course,Cour3912,글쓰기와커뮤니케이션,offers,트랙과 교육과정(교과목)의 관계
4309,Track,Trac003,호서대_중국비즈니스트랙,Course,Cour3913,채플,offers,트랙과 교육과정(교과목)의 관계
4310,Track,Trac003,호서대_중국비즈니스트랙,Course,Cour3914,대학영어회화Ⅱ,offers,트랙과 교육과정(교과목)의 관계
4311,Track,Trac003,호서대_중국비즈니스트랙,Course,Cour3915,인문과SW활용,offers,트랙과 교육과정(교과목)의 관계
4312,Track,Trac003,호서대_중국비즈니스트랙,Course,Cour3916,채플,offers,트랙과 교육과정(교과목)의 관계
4313,Track,Trac003,호서대_중국비즈니스트랙,Course,Cour3917,사회봉사의이해와실천,offers,트랙과 교육과정(교과목)의 관계
4314,Track,Trac003,호서대_중국비즈니스트랙,Course,Cour3918,중국문화의이해,offers,트랙과 교육과정(교과목)의 관계
4315,Track,Trac003,호서대_중국비즈니스트랙,Course,Cour3919,초급중어언어실습Ⅰ,offers,트랙과 교육과정(교과목)의 관계
4316,Track,Trac003,호서대_중국비즈니스트랙,Course,Cour3920,초급중어언어실습Ⅱ,offers,트랙과 교육과정(교과목)의 관계
4317,Track,Trac003,호서대_중국비즈니스트랙,Course,Cour3921,중국학입문,offers,트랙과 교육과정(교과목)의 관계
4318,Track,Trac003,호서대_중국비즈니스트랙,Course,Cour3922,중급중국어,offers,트랙과 교육과정(교과목)의 관계
4319,Track,Trac003,호서대_중국비즈니스트랙,Course,Cour3923,중급중국어언어실습Ⅰ,offers,트랙과 교육과정(교과목)의 관계
4320,Track,Trac003,호서대_중국비즈니스트랙,Course,Cour3924,중국지역경제론,offers,트랙과 교육과정(교과목)의 관계
4321,Track,Trac003,호서대_중국비즈니스트랙,Course,Cour3925,글로벌비즈니스매너,offers,트랙과 교육과정(교과목)의 관계
4322,Track,Trac003,호서대_중국비즈니스트랙,Course,Cour3926,중국어작문,offers,트랙과 교육과정(교과목)의 관계
4323,Track,Trac003,호서대_중국비즈니스트랙,Course,Cour3927,중국비즈니스회화Ⅰ,offers,트랙과 교육과정(교과목)의 관계
4324,Track,Trac003,호서대_중국비즈니스트랙,Course,Cour3928,중급중국어언어실습Ⅱ,offers,트랙과 교육과정(교과목)의 관계
4325,Track,Trac003,호서대_중국비즈니스트랙,Course,Cour3929,중국경제발전과사회변천,offers,트랙과 교육과정(교과목)의 관계
4326,Track,Trac003,호서대_중국비즈니스트랙,Course,Cour3930,중국기업과경영의이해,offers,트랙과 교육과정(교과목)의 관계
4327,Track,Trac003,호서대_중국비즈니스트랙,Course,Cour3931,고급중국어언어실습Ⅰ,offers,트랙과 교육과정(교과목)의 관계
4328,Track,Trac003,호서대_중국비즈니스트랙,Course,Cour3932,중국시사와정보Ⅰ,offers,트랙과 교육과정(교과목)의 관계
4329,Track,Trac003,호서대_중국비즈니스트랙,Course,Cour3933,문화관광학개론,offers,트랙과 교육과정(교과목)의 관계
4330,Track,Trac003,호서대_중국비즈니스트랙,Course,Cour3934,중국어문법,offers,트랙과 교육과정(교과목)의 관계
4331,Track,Trac003,호서대_중국비즈니스트랙,Course,Cour3935,고급중국어언어실습Ⅱ,offers,트랙과 교육과정(교과목)의 관계
4332,Track,Trac003,호서대_중국비즈니스트랙,Course,Cour3936,한중문화콘텐츠의이해,offers,트랙과 교육과정(교과목)의 관계
4333,Track,Trac003,호서대_중국비즈니스트랙,Course,Cour3937,실용중국어작문,offers,트랙과 교육과정(교과목)의 관계
4334,Track,Trac003,호서대_중국비즈니스트랙,Course,Cour3938,중국비즈니스회화Ⅱ,offers,트랙과 교육과정(교과목)의 관계
4335,Track,Trac003,호서대_중국비즈니스트랙,Course,Cour3939,중국물류와무역론,offers,트랙과 교육과정(교과목)의 관계
4336,Track,Trac003,호서대_중국비즈니스트랙,Course,Cour3940,비즈니스중국어작문,offers,트랙과 교육과정(교과목)의 관계
4337,Track,Trac003,호서대_중국비즈니스트랙,Course,Cour3941,중국투자와마케팅의이해,offers,트랙과 교육과정(교과목)의 관계
4338,Track,Trac003,호서대_중국비즈니스트랙,Course,Cour3942,무역통상중국어,offers,트랙과 교육과정(교과목)의 관계
4339,Track,Trac003,호서대_중국비즈니스트랙,Course,Cour3943,국제상거래실무,offers,트랙과 교육과정(교과목)의 관계
4340,Track,Trac003,호서대_중국비즈니스트랙,Course,Cour3944,중국기업탐방과현장실습,offers,트랙과 교육과정(교과목)의 관계
4341,Track,Trac002,호서대_중국사회문화트랙,Course,Cour3945,인간과기독교,offers,트랙과 교육과정(교과목)의 관계
4342,Track,Trac002,호서대_중국사회문화트랙,Course,Cour3946,대학생활설계와비전Ⅰ,offers,트랙과 교육과정(교과목)의 관계
4343,Track,Trac002,호서대_중국사회문화트랙,Course,Cour3947,채플,offers,트랙과 교육과정(교과목)의 관계
4344,Track,Trac002,호서대_중국사회문화트랙,Course,Cour3948,대학영어회화Ⅰ,offers,트랙과 교육과정(교과목)의 관계
4345,Track,Trac002,호서대_중국사회문화트랙,Course,Cour3949,벤처와창업가정신,offers,트랙과 교육과정(교과목)의 관계
4346,Track,Trac002,호서대_중국사회문화트랙,Course,Cour3950,대학생활설계와비전Ⅱ,offers,트랙과 교육과정(교과목)의 관계
4347,Track,Trac002,호서대_중국사회문화트랙,Course,Cour3951,채플,offers,트랙과 교육과정(교과목)의 관계
4348,Track,Trac002,호서대_중국사회문화트랙,Course,Cour3952,영어와비판적사고,offers,트랙과 교육과정(교과목)의 관계
4349,Track,Trac002,호서대_중국사회문화트랙,Course,Cour3953,AI와컴퓨팅사고력,offers,트랙과 교육과정(교과목)의 관계
4350,Track,Trac002,호서대_중국사회문화트랙,Course,Cour3954,글쓰기와커뮤니케이션,offers,트랙과 교육과정(교과목)의 관계
4351,Track,Trac002,호서대_중국사회문화트랙,Course,Cour3955,채플,offers,트랙과 교육과정(교과목)의 관계
4352,Track,Trac002,호서대_중국사회문화트랙,Course,Cour3956,대학영어회화Ⅱ,offers,트랙과 교육과정(교과목)의 관계
4353,Track,Trac002,호서대_중국사회문화트랙,Course,Cour3957,인문과SW활용,offers,트랙과 교육과정(교과목)의 관계
4354,Track,Trac002,호서대_중국사회문화트랙,Course,Cour3958,채플,offers,트랙과 교육과정(교과목)의 관계
4355,Track,Trac002,호서대_중국사회문화트랙,Course,Cour3959,사회봉사의이해와실천,offers,트랙과 교육과정(교과목)의 관계
4356,Track,Trac002,호서대_중국사회문화트랙,Course,Cour3960,중국문화의이해,offers,트랙과 교육과정(교과목)의 관계
4357,Track,Trac002,호서대_중국사회문화트랙,Course,Cour3961,초급중어언어실습Ⅰ,offers,트랙과 교육과정(교과목)의 관계
4358,Track,Trac002,호서대_중국사회문화트랙,Course,Cour3962,초급중어언어실습Ⅱ,offers,트랙과 교육과정(교과목)의 관계
4359,Track,Trac002,호서대_중국사회문화트랙,Course,Cour3963,중국학입문,offers,트랙과 교육과정(교과목)의 관계
4360,Track,Trac002,호서대_중국사회문화트랙,Course,Cour3964,중급중국어,offers,트랙과 교육과정(교과목)의 관계
4361,Track,Trac002,호서대_중국사회문화트랙,Course,Cour3965,중급중국어언어실습Ⅰ,offers,트랙과 교육과정(교과목)의 관계
4362,Track,Trac002,호서대_중국사회문화트랙,Course,Cour3966,중국지역경제론,offers,트랙과 교육과정(교과목)의 관계
4363,Track,Trac002,호서대_중국사회문화트랙,Course,Cour3967,글로벌비즈니스매너,offers,트랙과 교육과정(교과목)의 관계
4364,Track,Trac002,호서대_중국사회문화트랙,Course,Cour3968,중국어작문,offers,트랙과 교육과정(교과목)의 관계
4365,Track,Trac002,호서대_중국사회문화트랙,Course,Cour3969,중국비즈니스회화Ⅰ,offers,트랙과 교육과정(교과목)의 관계
4366,Track,Trac002,호서대_중국사회문화트랙,Course,Cour3970,중급중국어언어실습Ⅱ,offers,트랙과 교육과정(교과목)의 관계
4367,Track,Trac002,호서대_중국사회문화트랙,Course,Cour3971,중국경제발전과사회변천,offers,트랙과 교육과정(교과목)의 관계
4368,Track,Trac002,호서대_중국사회문화트랙,Course,Cour3972,고급중국어언어실습Ⅰ,offers,트랙과 교육과정(교과목)의 관계
4369,Track,Trac002,호서대_중국사회문화트랙,Course,Cour3973,중국시사와정보Ⅰ,offers,트랙과 교육과정(교과목)의 관계
4370,Track,Trac002,호서대_중국사회문화트랙,Course,Cour3974,문화관광학개론,offers,트랙과 교육과정(교과목)의 관계
4371,Track,Trac002,호서대_중국사회문화트랙,Course,Cour3975,중국어문법,offers,트랙과 교육과정(교과목)의 관계
4372,Track,Trac002,호서대_중국사회문화트랙,Course,Cour3976,고급중국어언어실습Ⅱ,offers,트랙과 교육과정(교과목)의 관계
4373,Track,Trac002,호서대_중국사회문화트랙,Course,Cour3977,한중문화콘텐츠의이해,offers,트랙과 교육과정(교과목)의 관계
4374,Track,Trac002,호서대_중국사회문화트랙,Course,Cour3978,실용중국어작문,offers,트랙과 교육과정(교과목)의 관계
4375,Track,Trac002,호서대_중국사회문화트랙,Course,Cour3979,영화로보는중국역사와문화,offers,트랙과 교육과정(교과목)의 관계
4376,Track,Trac002,호서대_중국사회문화트랙,Course,Cour3980,문화관광산업의이해,offers,트랙과 교육과정(교과목)의 관계
4377,Track,Trac002,호서대_중국사회문화트랙,Course,Cour3981,현대중국의국제관계,offers,트랙과 교육과정(교과목)의 관계
4378,Track,Trac002,호서대_중국사회문화트랙,Course,Cour3982,중국시사와정보Ⅱ,offers,트랙과 교육과정(교과목)의 관계
4379,Track,Trac002,호서대_중국사회문화트랙,Course,Cour3983,중국역사속의리더십,offers,트랙과 교육과정(교과목)의 관계
4380,Track,Trac002,호서대_중국사회문화트랙,Course,Cour3984,관광자원론,offers,트랙과 교육과정(교과목)의 관계
4381,Track,Trac002,호서대_중국사회문화트랙,Course,Cour3985,문화관광마케팅,offers,트랙과 교육과정(교과목)의 관계
4382,Track,Trac002,호서대_중국사회문화트랙,Course,Cour3986,문화관광실무,offers,트랙과 교육과정(교과목)의 관계
4383,Professor,Prof046,○○○,Faculty,Facu022,한국외국어대_중국언어문화학부,belongsTo,교수와 학부의 관계
4384,Professor,Prof047,○○○,Faculty,Facu022,한국외국어대_중국언어문화학부,belongsTo,교수와 학부의 관계
4385,Professor,Prof048,○○○,Faculty,Facu022,한국외국어대_중국언어문화학부,belongsTo,교수와 학부의 관계
4386,Professor,Prof049,○○○,Faculty,Facu022,한국외국어대_중국언어문화학부,belongsTo,교수와 학부의 관계
4387,Professor,Prof050,○○○,Faculty,Facu022,한국외국어대_중국언어문화학부,belongsTo,교수와 학부의 관계
4388,Professor,Prof166,○○○,Faculty,Facu004,국민대_중국학부,belongsTo,교수와 학부의 관계
4389,Professor,Prof167,○○○,Faculty,Facu004,국민대_중국학부,belongsTo,교수와 학부의 관계
4390,Professor,Prof168,○○○,Faculty,Facu004,국민대_중국학부,belongsTo,교수와 학부의 관계
4391,Professor,Prof169,○○○,Faculty,Facu004,국민대_중국학부,belongsTo,교수와 학부의 관계
4392,Professor,Prof170,○○○,Faculty,Facu004,국민대_중국학부,belongsTo,교수와 학부의 관계
4393,Professor,Prof171,○○○,Faculty,Facu004,국민대_중국학부,belongsTo,교수와 학부의 관계
4394,Professor,Prof237,○○○,Faculty,Facu023,한국외국어대_중국외교통상학부,belongsTo,교수와 학부의 관계
4395,Professor,Prof238,○○○,Faculty,Facu023,한국외국어대_중국외교통상학부,belongsTo,교수와 학부의 관계
4396,Professor,Prof239,○○○,Faculty,Facu023,한국외국어대_중국외교통상학부,belongsTo,교수와 학부의 관계
4397,Professor,Prof240,○○○,Faculty,Facu023,한국외국어대_중국외교통상학부,belongsTo,교수와 학부의 관계
4398,Professor,Prof241,○○○,Faculty,Facu023,한국외국어대_중국외교통상학부,belongsTo,교수와 학부의 관계
4399,Professor,Prof357,○○○,Faculty,Facu010,부산외국어대_중국학부,belongsTo,교수와 학부의 관계
4400,Professor,Prof358,○○○,Faculty,Facu010,부산외국어대_중국학부,belongsTo,교수와 학부의 관계
4401,Professor,Prof359,○○○,Faculty,Facu010,부산외국어대_중국학부,belongsTo,교수와 학부의 관계
4402,Professor,Prof360,○○○,Faculty,Facu010,부산외국어대_중국학부,belongsTo,교수와 학부의 관계
4403,Professor,Prof361,○○○,Faculty,Facu010,부산외국어대_중국학부,belongsTo,교수와 학부의 관계
4404,Professor,Prof362,○○○,Faculty,Facu010,부산외국어대_중국학부,belongsTo,교수와 학부의 관계
4405,Professor,Prof363,○○○,Faculty,Facu010,부산외국어대_중국학부,belongsTo,교수와 학부의 관계
4406,Professor,Prof364,○○○,Faculty,Facu010,부산외국어대_중국학부,belongsTo,교수와 학부의 관계
4407,Professor,Prof365,○○○,Faculty,Facu010,부산외국어대_중국학부,belongsTo,교수와 학부의 관계
4408,Professor,Prof366,○○○,Faculty,Facu010,부산외국어대_중국학부,belongsTo,교수와 학부의 관계
4409,Professor,Prof367,○○○,Faculty,Facu010,부산외국어대_중국학부,belongsTo,교수와 학부의 관계
4410,Professor,Prof368,○○○,Faculty,Facu010,부산외국어대_중국학부,belongsTo,교수와 학부의 관계
4411,Professor,Prof001,○○○,Department,Depa005,경북대_중어중문학과,belongsTo,교수와 학과의 관계
4412,Professor,Prof002,○○○,Department,Depa005,경북대_중어중문학과,belongsTo,교수와 학과의 관계
4413,Professor,Prof003,○○○,Department,Depa005,경북대_중어중문학과,belongsTo,교수와 학과의 관계
4414,Professor,Prof004,○○○,Department,Depa005,경북대_중어중문학과,belongsTo,교수와 학과의 관계
4415,Professor,Prof005,○○○,Department,Depa005,경북대_중어중문학과,belongsTo,교수와 학과의 관계
4416,Professor,Prof006,○○○,Department,Depa005,경북대_중어중문학과,belongsTo,교수와 학과의 관계
4417,Professor,Prof007,○○○,Department,Depa005,경북대_중어중문학과,belongsTo,교수와 학과의 관계
4418,Professor,Prof008,○○○,Department,Depa010,고려대_중어중문학과,belongsTo,교수와 학과의 관계
4419,Professor,Prof009,○○○,Department,Depa010,고려대_중어중문학과,belongsTo,교수와 학과의 관계
4420,Professor,Prof010,○○○,Department,Depa010,고려대_중어중문학과,belongsTo,교수와 학과의 관계
4421,Professor,Prof011,○○○,Department,Depa010,고려대_중어중문학과,belongsTo,교수와 학과의 관계
4422,Professor,Prof012,○○○,Department,Depa010,고려대_중어중문학과,belongsTo,교수와 학과의 관계
4423,Professor,Prof013,○○○,Department,Depa010,고려대_중어중문학과,belongsTo,교수와 학과의 관계
4424,Professor,Prof014,○○○,Department,Depa010,고려대_중어중문학과,belongsTo,교수와 학과의 관계
4425,Professor,Prof015,○○○,Department,Depa010,고려대_중어중문학과,belongsTo,교수와 학과의 관계
4426,Professor,Prof016,○○○,Department,Depa029,성균관대_중어중문학과,belongsTo,교수와 학과의 관계
4427,Professor,Prof017,○○○,Department,Depa029,성균관대_중어중문학과,belongsTo,교수와 학과의 관계
4428,Professor,Prof018,○○○,Department,Depa029,성균관대_중어중문학과,belongsTo,교수와 학과의 관계
4429,Professor,Prof019,○○○,Department,Depa029,성균관대_중어중문학과,belongsTo,교수와 학과의 관계
4430,Professor,Prof020,○○○,Department,Depa024,서울대_중어중문학과,belongsTo,교수와 학과의 관계
4431,Professor,Prof021,○○○,Department,Depa024,서울대_중어중문학과,belongsTo,교수와 학과의 관계
4432,Professor,Prof022,○○○,Department,Depa024,서울대_중어중문학과,belongsTo,교수와 학과의 관계
4433,Professor,Prof023,○○○,Department,Depa024,서울대_중어중문학과,belongsTo,교수와 학과의 관계
4434,Professor,Prof024,○○○,Department,Depa024,서울대_중어중문학과,belongsTo,교수와 학과의 관계
4435,Professor,Prof025,○○○,Department,Depa024,서울대_중어중문학과,belongsTo,교수와 학과의 관계
4436,Professor,Prof026,○○○,Department,Depa024,서울대_중어중문학과,belongsTo,교수와 학과의 관계
4437,Professor,Prof027,○○○,Department,Depa024,서울대_중어중문학과,belongsTo,교수와 학과의 관계
4438,Professor,Prof028,○○○,Department,Depa024,서울대_중어중문학과,belongsTo,교수와 학과의 관계
4439,Professor,Prof029,○○○,Department,Depa024,서울대_중어중문학과,belongsTo,교수와 학과의 관계
4440,Professor,Prof030,○○○,Department,Depa008,경희대_중국어학과,belongsTo,교수와 학과의 관계
4441,Professor,Prof031,○○○,Department,Depa008,경희대_중국어학과,belongsTo,교수와 학과의 관계
4442,Professor,Prof032,○○○,Department,Depa008,경희대_중국어학과,belongsTo,교수와 학과의 관계
4443,Professor,Prof033,○○○,Department,Depa008,경희대_중국어학과,belongsTo,교수와 학과의 관계
4444,Professor,Prof034,○○○,Department,Depa008,경희대_중국어학과,belongsTo,교수와 학과의 관계
4445,Professor,Prof035,○○○,Department,Depa008,경희대_중국어학과,belongsTo,교수와 학과의 관계
4446,Professor,Prof036,○○○,Department,Depa008,경희대_중국어학과,belongsTo,교수와 학과의 관계
4447,Professor,Prof037,○○○,Department,Depa038,이화여자대_중어중문학과,belongsTo,교수와 학과의 관계
4448,Professor,Prof038,○○○,Department,Depa038,이화여자대_중어중문학과,belongsTo,교수와 학과의 관계
4449,Professor,Prof039,○○○,Department,Depa038,이화여자대_중어중문학과,belongsTo,교수와 학과의 관계
4450,Professor,Prof040,○○○,Department,Depa038,이화여자대_중어중문학과,belongsTo,교수와 학과의 관계
4451,Professor,Prof041,○○○,Department,Depa038,이화여자대_중어중문학과,belongsTo,교수와 학과의 관계
4452,Professor,Prof042,○○○,Department,Depa038,이화여자대_중어중문학과,belongsTo,교수와 학과의 관계
4453,Professor,Prof043,○○○,Department,Depa038,이화여자대_중어중문학과,belongsTo,교수와 학과의 관계
4454,Professor,Prof044,○○○,Department,Depa038,이화여자대_중어중문학과,belongsTo,교수와 학과의 관계
4455,Professor,Prof045,○○○,Department,Depa038,이화여자대_중어중문학과,belongsTo,교수와 학과의 관계
4456,Professor,Prof051,○○○,Department,Depa040,인하대_중국학과,belongsTo,교수와 학과의 관계
4457,Professor,Prof052,○○○,Department,Depa040,인하대_중국학과,belongsTo,교수와 학과의 관계
4458,Professor,Prof053,○○○,Department,Depa040,인하대_중국학과,belongsTo,교수와 학과의 관계
4459,Professor,Prof054,○○○,Department,Depa040,인하대_중국학과,belongsTo,교수와 학과의 관계
4460,Professor,Prof055,○○○,Department,Depa040,인하대_중국학과,belongsTo,교수와 학과의 관계
4461,Professor,Prof056,○○○,Department,Depa040,인하대_중국학과,belongsTo,교수와 학과의 관계
4462,Professor,Prof057,○○○,Department,Depa040,인하대_중국학과,belongsTo,교수와 학과의 관계
4463,Professor,Prof058,○○○,Department,Depa040,인하대_중국학과,belongsTo,교수와 학과의 관계
4464,Professor,Prof059,○○○,Department,Depa017,동국대_중어중문학과,belongsTo,교수와 학과의 관계
4465,Professor,Prof060,○○○,Department,Depa017,동국대_중어중문학과,belongsTo,교수와 학과의 관계
4466,Professor,Prof061,○○○,Department,Depa017,동국대_중어중문학과,belongsTo,교수와 학과의 관계
4467,Professor,Prof062,○○○,Department,Depa017,동국대_중어중문학과,belongsTo,교수와 학과의 관계
4468,Professor,Prof063,○○○,Department,Depa017,동국대_중어중문학과,belongsTo,교수와 학과의 관계
4469,Professor,Prof064,○○○,Department,Depa017,동국대_중어중문학과,belongsTo,교수와 학과의 관계
4470,Professor,Prof065,○○○,Department,Depa046,충남대_중어중문학과,belongsTo,교수와 학과의 관계
4471,Professor,Prof066,○○○,Department,Depa046,충남대_중어중문학과,belongsTo,교수와 학과의 관계
4472,Professor,Prof067,○○○,Department,Depa046,충남대_중어중문학과,belongsTo,교수와 학과의 관계
4473,Professor,Prof068,○○○,Department,Depa046,충남대_중어중문학과,belongsTo,교수와 학과의 관계
4474,Professor,Prof069,○○○,Department,Depa046,충남대_중어중문학과,belongsTo,교수와 학과의 관계
4475,Professor,Prof070,○○○,Department,Depa041,전남대_중어중문학과,belongsTo,교수와 학과의 관계
4476,Professor,Prof071,○○○,Department,Depa041,전남대_중어중문학과,belongsTo,교수와 학과의 관계
4477,Professor,Prof072,○○○,Department,Depa041,전남대_중어중문학과,belongsTo,교수와 학과의 관계
4478,Professor,Prof073,○○○,Department,Depa041,전남대_중어중문학과,belongsTo,교수와 학과의 관계
4479,Professor,Prof074,○○○,Department,Depa041,전남대_중어중문학과,belongsTo,교수와 학과의 관계
4480,Professor,Prof075,○○○,Department,Depa041,전남대_중어중문학과,belongsTo,교수와 학과의 관계
4481,Professor,Prof076,○○○,Department,Depa041,전남대_중어중문학과,belongsTo,교수와 학과의 관계
4482,Professor,Prof077,○○○,Department,Depa041,전남대_중어중문학과,belongsTo,교수와 학과의 관계
4483,Professor,Prof084,○○○,Department,Depa007,경성대_중국학과,belongsTo,교수와 학과의 관계
4484,Professor,Prof085,○○○,Department,Depa007,경성대_중국학과,belongsTo,교수와 학과의 관계
4485,Professor,Prof086,○○○,Department,Depa007,경성대_중국학과,belongsTo,교수와 학과의 관계
4486,Professor,Prof087,○○○,Department,Depa007,경성대_중국학과,belongsTo,교수와 학과의 관계
4487,Professor,Prof088,○○○,Department,Depa007,경성대_중국학과,belongsTo,교수와 학과의 관계
4488,Professor,Prof089,○○○,Department,Depa007,경성대_중국학과,belongsTo,교수와 학과의 관계
4489,Professor,Prof090,○○○,Department,Depa007,경성대_중국학과,belongsTo,교수와 학과의 관계
4490,Professor,Prof091,○○○,Department,Depa007,경성대_중국학과,belongsTo,교수와 학과의 관계
4491,Professor,Prof092,○○○,Department,Depa056,한양대_중어중문학과,belongsTo,교수와 학과의 관계
4492,Professor,Prof093,○○○,Department,Depa056,한양대_중어중문학과,belongsTo,교수와 학과의 관계
4493,Professor,Prof094,○○○,Department,Depa056,한양대_중어중문학과,belongsTo,교수와 학과의 관계
4494,Professor,Prof095,○○○,Department,Depa056,한양대_중어중문학과,belongsTo,교수와 학과의 관계
4495,Professor,Prof096,○○○,Department,Depa056,한양대_중어중문학과,belongsTo,교수와 학과의 관계
4496,Professor,Prof097,○○○,Department,Depa002,가톨릭대_중국언어문화학과,belongsTo,교수와 학과의 관계
4497,Professor,Prof098,○○○,Department,Depa002,가톨릭대_중국언어문화학과,belongsTo,교수와 학과의 관계
4498,Professor,Prof099,○○○,Department,Depa002,가톨릭대_중국언어문화학과,belongsTo,교수와 학과의 관계
4499,Professor,Prof100,○○○,Department,Depa002,가톨릭대_중국언어문화학과,belongsTo,교수와 학과의 관계
4500,Professor,Prof101,○○○,Department,Depa022,부산대_중어중문학과,belongsTo,교수와 학과의 관계
4501,Professor,Prof102,○○○,Department,Depa022,부산대_중어중문학과,belongsTo,교수와 학과의 관계
4502,Professor,Prof103,○○○,Department,Depa022,부산대_중어중문학과,belongsTo,교수와 학과의 관계
4503,Professor,Prof104,○○○,Department,Depa022,부산대_중어중문학과,belongsTo,교수와 학과의 관계
4504,Professor,Prof105,○○○,Department,Depa022,부산대_중어중문학과,belongsTo,교수와 학과의 관계
4505,Professor,Prof106,○○○,Department,Depa022,부산대_중어중문학과,belongsTo,교수와 학과의 관계
4506,Professor,Prof107,○○○,Department,Depa035,연세대_중어중문학과,belongsTo,교수와 학과의 관계
4507,Professor,Prof108,○○○,Department,Depa035,연세대_중어중문학과,belongsTo,교수와 학과의 관계
4508,Professor,Prof109,○○○,Department,Depa035,연세대_중어중문학과,belongsTo,교수와 학과의 관계
4509,Professor,Prof110,○○○,Department,Depa035,연세대_중어중문학과,belongsTo,교수와 학과의 관계
4510,Professor,Prof111,○○○,Department,Depa035,연세대_중어중문학과,belongsTo,교수와 학과의 관계
4511,Professor,Prof112,○○○,Department,Depa035,연세대_중어중문학과,belongsTo,교수와 학과의 관계
4512,Professor,Prof113,○○○,Department,Depa035,연세대_중어중문학과,belongsTo,교수와 학과의 관계
4513,Professor,Prof114,○○○,Department,Depa035,연세대_중어중문학과,belongsTo,교수와 학과의 관계
4514,Professor,Prof115,○○○,Department,Depa035,연세대_중어중문학과,belongsTo,교수와 학과의 관계
4515,Professor,Prof116,○○○,Department,Depa031,숙명여자대_중어중문학부,belongsTo,교수와 학과의 관계
4516,Professor,Prof117,○○○,Department,Depa031,숙명여자대_중어중문학부,belongsTo,교수와 학과의 관계
4517,Professor,Prof118,○○○,Department,Depa031,숙명여자대_중어중문학부,belongsTo,교수와 학과의 관계
4518,Professor,Prof119,○○○,Department,Depa031,숙명여자대_중어중문학부,belongsTo,교수와 학과의 관계
4519,Professor,Prof120,○○○,Department,Depa031,숙명여자대_중어중문학부,belongsTo,교수와 학과의 관계
4520,Professor,Prof121,○○○,Department,Depa031,숙명여자대_중어중문학부,belongsTo,교수와 학과의 관계
4521,Professor,Prof122,○○○,Department,Depa031,숙명여자대_중어중문학부,belongsTo,교수와 학과의 관계
4522,Professor,Prof123,○○○,Department,Depa031,숙명여자대_중어중문학부,belongsTo,교수와 학과의 관계
4523,Professor,Prof124,○○○,Department,Depa031,숙명여자대_중어중문학부,belongsTo,교수와 학과의 관계
4524,Professor,Prof125,○○○,Department,Depa044,제주대_중어중문학과,belongsTo,교수와 학과의 관계
4525,Professor,Prof126,○○○,Department,Depa044,제주대_중어중문학과,belongsTo,교수와 학과의 관계
4526,Professor,Prof127,○○○,Department,Depa044,제주대_중어중문학과,belongsTo,교수와 학과의 관계
4527,Professor,Prof128,○○○,Department,Depa044,제주대_중어중문학과,belongsTo,교수와 학과의 관계
4528,Professor,Prof129,○○○,Department,Depa044,제주대_중어중문학과,belongsTo,교수와 학과의 관계
4529,Professor,Prof130,○○○,Department,Depa044,제주대_중어중문학과,belongsTo,교수와 학과의 관계
4530,Professor,Prof131,○○○,Department,Depa015,국립창원대_중국학과,belongsTo,교수와 학과의 관계
4531,Professor,Prof132,○○○,Department,Depa015,국립창원대_중국학과,belongsTo,교수와 학과의 관계
4532,Professor,Prof133,○○○,Department,Depa015,국립창원대_중국학과,belongsTo,교수와 학과의 관계
4533,Professor,Prof134,○○○,Department,Depa015,국립창원대_중국학과,belongsTo,교수와 학과의 관계
4534,Professor,Prof135,○○○,Department,Depa015,국립창원대_중국학과,belongsTo,교수와 학과의 관계
4535,Professor,Prof136,○○○,Department,Depa034,안양대_중국언어문화학과,belongsTo,교수와 학과의 관계
4536,Professor,Prof137,○○○,Department,Depa034,안양대_중국언어문화학과,belongsTo,교수와 학과의 관계
4537,Professor,Prof138,○○○,Department,Depa034,안양대_중국언어문화학과,belongsTo,교수와 학과의 관계
4538,Professor,Prof139,○○○,Department,Depa034,안양대_중국언어문화학과,belongsTo,교수와 학과의 관계
4539,Professor,Prof140,○○○,Department,Depa006,경상국립대_중어중문학과,belongsTo,교수와 학과의 관계
4540,Professor,Prof141,○○○,Department,Depa006,경상국립대_중어중문학과,belongsTo,교수와 학과의 관계
4541,Professor,Prof142,○○○,Department,Depa006,경상국립대_중어중문학과,belongsTo,교수와 학과의 관계
4542,Professor,Prof143,○○○,Department,Depa006,경상국립대_중어중문학과,belongsTo,교수와 학과의 관계
4543,Professor,Prof144,○○○,Department,Depa006,경상국립대_중어중문학과,belongsTo,교수와 학과의 관계
4544,Professor,Prof145,○○○,Department,Depa006,경상국립대_중어중문학과,belongsTo,교수와 학과의 관계
4545,Professor,Prof146,○○○,Department,Depa023,서강대_중국문화학과,belongsTo,교수와 학과의 관계
4546,Professor,Prof147,○○○,Department,Depa023,서강대_중국문화학과,belongsTo,교수와 학과의 관계
4547,Professor,Prof148,○○○,Department,Depa023,서강대_중국문화학과,belongsTo,교수와 학과의 관계
4548,Professor,Prof149,○○○,Department,Depa023,서강대_중국문화학과,belongsTo,교수와 학과의 관계
4549,Professor,Prof150,○○○,Department,Depa023,서강대_중국문화학과,belongsTo,교수와 학과의 관계
4550,Professor,Prof151,○○○,Department,Depa023,서강대_중국문화학과,belongsTo,교수와 학과의 관계
4551,Professor,Prof152,○○○,Department,Depa023,서강대_중국문화학과,belongsTo,교수와 학과의 관계
4552,Professor,Prof153,○○○,Department,Depa033,숭실대_중어중문학과,belongsTo,교수와 학과의 관계
4553,Professor,Prof154,○○○,Department,Depa033,숭실대_중어중문학과,belongsTo,교수와 학과의 관계
4554,Professor,Prof155,○○○,Department,Depa033,숭실대_중어중문학과,belongsTo,교수와 학과의 관계
4555,Professor,Prof156,○○○,Department,Depa036,영남대_중국언어문화학과,belongsTo,교수와 학과의 관계
4556,Professor,Prof157,○○○,Department,Depa036,영남대_중국언어문화학과,belongsTo,교수와 학과의 관계
4557,Professor,Prof158,○○○,Department,Depa036,영남대_중국언어문화학과,belongsTo,교수와 학과의 관계
4558,Professor,Prof159,○○○,Department,Depa036,영남대_중국언어문화학과,belongsTo,교수와 학과의 관계
4559,Professor,Prof160,○○○,Department,Depa036,영남대_중국언어문화학과,belongsTo,교수와 학과의 관계
4560,Professor,Prof161,○○○,Department,Depa027,서울여자대_중어중문학과,belongsTo,교수와 학과의 관계
4561,Professor,Prof162,○○○,Department,Depa027,서울여자대_중어중문학과,belongsTo,교수와 학과의 관계
4562,Professor,Prof163,○○○,Department,Depa027,서울여자대_중어중문학과,belongsTo,교수와 학과의 관계
4563,Professor,Prof164,○○○,Department,Depa027,서울여자대_중어중문학과,belongsTo,교수와 학과의 관계
4564,Professor,Prof165,○○○,Department,Depa027,서울여자대_중어중문학과,belongsTo,교수와 학과의 관계
4565,Professor,Prof172,○○○,Department,Depa039,인천대_중어중국학과,belongsTo,교수와 학과의 관계
4566,Professor,Prof173,○○○,Department,Depa039,인천대_중어중국학과,belongsTo,교수와 학과의 관계
4567,Professor,Prof174,○○○,Department,Depa039,인천대_중어중국학과,belongsTo,교수와 학과의 관계
4568,Professor,Prof175,○○○,Department,Depa039,인천대_중어중국학과,belongsTo,교수와 학과의 관계
4569,Professor,Prof176,○○○,Department,Depa039,인천대_중어중국학과,belongsTo,교수와 학과의 관계
4570,Professor,Prof177,○○○,Department,Depa039,인천대_중어중국학과,belongsTo,교수와 학과의 관계
4571,Professor,Prof178,○○○,Department,Depa039,인천대_중어중국학과,belongsTo,교수와 학과의 관계
4572,Professor,Prof179,○○○,Department,Depa039,인천대_중어중국학과,belongsTo,교수와 학과의 관계
4573,Professor,Prof185,○○○,Department,Depa048,한국교원대_중국어교육과,belongsTo,교수와 학과의 관계
4574,Professor,Prof186,○○○,Department,Depa048,한국교원대_중국어교육과,belongsTo,교수와 학과의 관계
4575,Professor,Prof187,○○○,Department,Depa048,한국교원대_중국어교육과,belongsTo,교수와 학과의 관계
4576,Professor,Prof188,○○○,Department,Depa048,한국교원대_중국어교육과,belongsTo,교수와 학과의 관계
4577,Professor,Prof189,○○○,Department,Depa048,한국교원대_중국어교육과,belongsTo,교수와 학과의 관계
4578,Professor,Prof190,○○○,Department,Depa001,가천대_중국어문학과,belongsTo,교수와 학과의 관계
4579,Professor,Prof191,○○○,Department,Depa001,가천대_중국어문학과,belongsTo,교수와 학과의 관계
4580,Professor,Prof192,○○○,Department,Depa001,가천대_중국어문학과,belongsTo,교수와 학과의 관계
4581,Professor,Prof193,○○○,Department,Depa014,국립부경대_중국학과,belongsTo,교수와 학과의 관계
4582,Professor,Prof194,○○○,Department,Depa014,국립부경대_중국학과,belongsTo,교수와 학과의 관계
4583,Professor,Prof195,○○○,Department,Depa014,국립부경대_중국학과,belongsTo,교수와 학과의 관계
4584,Professor,Prof196,○○○,Department,Depa014,국립부경대_중국학과,belongsTo,교수와 학과의 관계
4585,Professor,Prof197,○○○,Department,Depa014,국립부경대_중국학과,belongsTo,교수와 학과의 관계
4586,Professor,Prof198,○○○,Department,Depa014,국립부경대_중국학과,belongsTo,교수와 학과의 관계
4587,Professor,Prof199,○○○,Department,Depa019,동서대_중국어학과,belongsTo,교수와 학과의 관계
4588,Professor,Prof200,○○○,Department,Depa019,동서대_중국어학과,belongsTo,교수와 학과의 관계
4589,Professor,Prof201,○○○,Department,Depa019,동서대_중국어학과,belongsTo,교수와 학과의 관계
4590,Professor,Prof202,○○○,Department,Depa019,동서대_중국어학과,belongsTo,교수와 학과의 관계
4591,Professor,Prof203,○○○,Department,Depa019,동서대_중국어학과,belongsTo,교수와 학과의 관계
4592,Professor,Prof204,○○○,Department,Depa019,동서대_중국어학과,belongsTo,교수와 학과의 관계
4593,Professor,Prof205,○○○,Department,Depa019,동서대_중국어학과,belongsTo,교수와 학과의 관계
4594,Professor,Prof206,○○○,Department,Depa021,동의대_중어중국학과,belongsTo,교수와 학과의 관계
4595,Professor,Prof207,○○○,Department,Depa021,동의대_중어중국학과,belongsTo,교수와 학과의 관계
4596,Professor,Prof208,○○○,Department,Depa021,동의대_중어중국학과,belongsTo,교수와 학과의 관계
4597,Professor,Prof209,○○○,Department,Depa030,성신여자대_중국어문·문화학과,belongsTo,교수와 학과의 관계
4598,Professor,Prof210,○○○,Department,Depa030,성신여자대_중국어문·문화학과,belongsTo,교수와 학과의 관계
4599,Professor,Prof211,○○○,Department,Depa030,성신여자대_중국어문·문화학과,belongsTo,교수와 학과의 관계
4600,Professor,Prof212,○○○,Department,Depa030,성신여자대_중국어문·문화학과,belongsTo,교수와 학과의 관계
4601,Professor,Prof213,○○○,Department,Depa030,성신여자대_중국어문·문화학과,belongsTo,교수와 학과의 관계
4602,Professor,Prof214,○○○,Department,Depa030,성신여자대_중국어문·문화학과,belongsTo,교수와 학과의 관계
4603,Professor,Prof215,○○○,Department,Depa032,순천향대_중국학과,belongsTo,교수와 학과의 관계
4604,Professor,Prof216,○○○,Department,Depa032,순천향대_중국학과,belongsTo,교수와 학과의 관계
4605,Professor,Prof217,○○○,Department,Depa032,순천향대_중국학과,belongsTo,교수와 학과의 관계
4606,Professor,Prof218,○○○,Department,Depa032,순천향대_중국학과,belongsTo,교수와 학과의 관계
4607,Professor,Prof219,○○○,Department,Depa032,순천향대_중국학과,belongsTo,교수와 학과의 관계
4608,Professor,Prof220,○○○,Department,Depa032,순천향대_중국학과,belongsTo,교수와 학과의 관계
4609,Professor,Prof221,○○○,Department,Depa042,전북대_중어중문학과,belongsTo,교수와 학과의 관계
4610,Professor,Prof222,○○○,Department,Depa042,전북대_중어중문학과,belongsTo,교수와 학과의 관계
4611,Professor,Prof223,○○○,Department,Depa042,전북대_중어중문학과,belongsTo,교수와 학과의 관계
4612,Professor,Prof224,○○○,Department,Depa042,전북대_중어중문학과,belongsTo,교수와 학과의 관계
4613,Professor,Prof225,○○○,Department,Depa042,전북대_중어중문학과,belongsTo,교수와 학과의 관계
4614,Professor,Prof226,○○○,Department,Depa042,전북대_중어중문학과,belongsTo,교수와 학과의 관계
4615,Professor,Prof227,○○○,Department,Depa042,전북대_중어중문학과,belongsTo,교수와 학과의 관계
4616,Professor,Prof228,○○○,Department,Depa042,전북대_중어중문학과,belongsTo,교수와 학과의 관계
4617,Professor,Prof229,○○○,Department,Depa016,국립한밭대_중국어과,belongsTo,교수와 학과의 관계
4618,Professor,Prof230,○○○,Department,Depa016,국립한밭대_중국어과,belongsTo,교수와 학과의 관계
4619,Professor,Prof231,○○○,Department,Depa016,국립한밭대_중국어과,belongsTo,교수와 학과의 관계
4620,Professor,Prof232,○○○,Department,Depa016,국립한밭대_중국어과,belongsTo,교수와 학과의 관계
4621,Professor,Prof233,○○○,Department,Depa016,국립한밭대_중국어과,belongsTo,교수와 학과의 관계
4622,Professor,Prof234,○○○,Department,Depa016,국립한밭대_중국어과,belongsTo,교수와 학과의 관계
4623,Professor,Prof235,○○○,Department,Depa016,국립한밭대_중국어과,belongsTo,교수와 학과의 관계
4624,Professor,Prof236,○○○,Department,Depa016,국립한밭대_중국어과,belongsTo,교수와 학과의 관계
4625,Professor,Prof246,○○○,Department,Depa051,한림대_중국학과,belongsTo,교수와 학과의 관계
4626,Professor,Prof247,○○○,Department,Depa051,한림대_중국학과,belongsTo,교수와 학과의 관계
4627,Professor,Prof248,○○○,Department,Depa051,한림대_중국학과,belongsTo,교수와 학과의 관계
4628,Professor,Prof249,○○○,Department,Depa051,한림대_중국학과,belongsTo,교수와 학과의 관계
4629,Professor,Prof250,○○○,Department,Depa051,한림대_중국학과,belongsTo,교수와 학과의 관계
4630,Professor,Prof251,○○○,Department,Depa051,한림대_중국학과,belongsTo,교수와 학과의 관계
4631,Professor,Prof252,○○○,Department,Depa057,협성대_중국어문화학과,belongsTo,교수와 학과의 관계
4632,Professor,Prof253,○○○,Department,Depa057,협성대_중국어문화학과,belongsTo,교수와 학과의 관계
4633,Professor,Prof254,○○○,Department,Depa057,협성대_중국어문화학과,belongsTo,교수와 학과의 관계
4634,Professor,Prof255,○○○,Department,Depa057,협성대_중국어문화학과,belongsTo,교수와 학과의 관계
4635,Professor,Prof256,○○○,Department,Depa057,협성대_중국어문화학과,belongsTo,교수와 학과의 관계
4636,Professor,Prof267,○○○,Department,Depa003,강남대_중국콘텐츠비즈니스학과,belongsTo,교수와 학과의 관계
4637,Professor,Prof268,○○○,Department,Depa003,강남대_중국콘텐츠비즈니스학과,belongsTo,교수와 학과의 관계
4638,Professor,Prof269,○○○,Department,Depa003,강남대_중국콘텐츠비즈니스학과,belongsTo,교수와 학과의 관계
4639,Professor,Prof270,○○○,Department,Depa011,국립강릉원주대_중어중문학과,belongsTo,교수와 학과의 관계
4640,Professor,Prof271,○○○,Department,Depa011,국립강릉원주대_중어중문학과,belongsTo,교수와 학과의 관계
4641,Professor,Prof272,○○○,Department,Depa011,국립강릉원주대_중어중문학과,belongsTo,교수와 학과의 관계
4642,Professor,Prof273,○○○,Department,Depa011,국립강릉원주대_중어중문학과,belongsTo,교수와 학과의 관계
4643,Professor,Prof274,○○○,Department,Depa011,국립강릉원주대_중어중문학과,belongsTo,교수와 학과의 관계
4644,Professor,Prof275,○○○,Department,Depa020,동아대_중국학과,belongsTo,교수와 학과의 관계
4645,Professor,Prof276,○○○,Department,Depa020,동아대_중국학과,belongsTo,교수와 학과의 관계
4646,Professor,Prof277,○○○,Department,Depa020,동아대_중국학과,belongsTo,교수와 학과의 관계
4647,Professor,Prof278,○○○,Department,Depa020,동아대_중국학과,belongsTo,교수와 학과의 관계
4648,Professor,Prof279,○○○,Department,Depa020,동아대_중국학과,belongsTo,교수와 학과의 관계
4649,Professor,Prof280,○○○,Department,Depa020,동아대_중국학과,belongsTo,교수와 학과의 관계
4650,Professor,Prof281,○○○,Department,Depa020,동아대_중국학과,belongsTo,교수와 학과의 관계
4651,Professor,Prof282,○○○,Department,Depa020,동아대_중국학과,belongsTo,교수와 학과의 관계
4652,Professor,Prof283,○○○,Department,Depa025,서울시립대_중국어문화학과,belongsTo,교수와 학과의 관계
4653,Professor,Prof284,○○○,Department,Depa025,서울시립대_중국어문화학과,belongsTo,교수와 학과의 관계
4654,Professor,Prof285,○○○,Department,Depa025,서울시립대_중국어문화학과,belongsTo,교수와 학과의 관계
4655,Professor,Prof286,○○○,Department,Depa025,서울시립대_중국어문화학과,belongsTo,교수와 학과의 관계
4656,Professor,Prof287,○○○,Department,Depa025,서울시립대_중국어문화학과,belongsTo,교수와 학과의 관계
4657,Professor,Prof288,○○○,Department,Depa025,서울시립대_중국어문화학과,belongsTo,교수와 학과의 관계
4658,Professor,Prof289,○○○,Department,Depa047,충북대_중어중문학과,belongsTo,교수와 학과의 관계
4659,Professor,Prof290,○○○,Department,Depa047,충북대_중어중문학과,belongsTo,교수와 학과의 관계
4660,Professor,Prof291,○○○,Department,Depa047,충북대_중어중문학과,belongsTo,교수와 학과의 관계
4661,Professor,Prof292,○○○,Department,Depa047,충북대_중어중문학과,belongsTo,교수와 학과의 관계
4662,Professor,Prof293,○○○,Department,Depa047,충북대_중어중문학과,belongsTo,교수와 학과의 관계
4663,Professor,Prof294,○○○,Department,Depa047,충북대_중어중문학과,belongsTo,교수와 학과의 관계
4664,Professor,Prof295,○○○,Department,Depa047,충북대_중어중문학과,belongsTo,교수와 학과의 관계
4665,Professor,Prof296,○○○,Department,Depa049,국립한국교통대_중국어학과,belongsTo,교수와 학과의 관계
4666,Professor,Prof297,○○○,Department,Depa049,국립한국교통대_중국어학과,belongsTo,교수와 학과의 관계
4667,Professor,Prof298,○○○,Department,Depa049,국립한국교통대_중국어학과,belongsTo,교수와 학과의 관계
4668,Professor,Prof299,○○○,Department,Depa049,국립한국교통대_중국어학과,belongsTo,교수와 학과의 관계
4669,Professor,Prof300,○○○,Department,Depa049,국립한국교통대_중국어학과,belongsTo,교수와 학과의 관계
4670,Professor,Prof301,○○○,Department,Depa049,국립한국교통대_중국어학과,belongsTo,교수와 학과의 관계
4671,Professor,Prof302,○○○,Department,Depa049,국립한국교통대_중국어학과,belongsTo,교수와 학과의 관계
4672,Professor,Prof303,○○○,Department,Depa054,한신대_중국어문화콘텐츠학,belongsTo,교수와 학과의 관계
4673,Professor,Prof304,○○○,Department,Depa054,한신대_중국어문화콘텐츠학,belongsTo,교수와 학과의 관계
4674,Professor,Prof305,○○○,Department,Depa054,한신대_중국어문화콘텐츠학,belongsTo,교수와 학과의 관계
4675,Professor,Prof306,○○○,Department,Depa054,한신대_중국어문화콘텐츠학,belongsTo,교수와 학과의 관계
4676,Professor,Prof307,○○○,Department,Depa054,한신대_중국어문화콘텐츠학,belongsTo,교수와 학과의 관계
4677,Professor,Prof308,○○○,Department,Depa045,창신대_중국비즈니스학과,belongsTo,교수와 학과의 관계
4678,Professor,Prof309,○○○,Department,Depa045,창신대_중국비즈니스학과,belongsTo,교수와 학과의 관계
4679,Professor,Prof310,○○○,Department,Depa045,창신대_중국비즈니스학과,belongsTo,교수와 학과의 관계
4680,Professor,Prof311,○○○,Department,Depa045,창신대_중국비즈니스학과,belongsTo,교수와 학과의 관계
4681,Professor,Prof369,○○○,Department,Depa053,한세대_중국어학과,belongsTo,교수와 학과의 관계
4682,Professor,Prof370,○○○,Department,Depa053,한세대_중국어학과,belongsTo,교수와 학과의 관계
4683,Professor,Prof371,○○○,Department,Depa026,서울신학대_중국언어문화콘텐츠학과,belongsTo,교수와 학과의 관계
4684,Professor,Prof372,○○○,Department,Depa026,서울신학대_중국언어문화콘텐츠학과,belongsTo,교수와 학과의 관계
4685,Professor,Prof373,○○○,Department,Depa026,서울신학대_중국언어문화콘텐츠학과,belongsTo,교수와 학과의 관계
4686,Professor,Prof374,○○○,Department,Depa026,서울신학대_중국언어문화콘텐츠학과,belongsTo,교수와 학과의 관계
4687,Professor,Prof379,○○○,Department,Depa028,성결대_중어중문학과,belongsTo,교수와 학과의 관계
4688,Professor,Prof380,○○○,Department,Depa028,성결대_중어중문학과,belongsTo,교수와 학과의 관계
4689,Professor,Prof381,○○○,Department,Depa028,성결대_중어중문학과,belongsTo,교수와 학과의 관계
4690,Professor,Prof382,○○○,Department,Depa028,성결대_중어중문학과,belongsTo,교수와 학과의 관계
4691,Professor,Prof383,○○○,Department,Depa028,성결대_중어중문학과,belongsTo,교수와 학과의 관계
4692,Professor,Prof384,○○○,Department,Depa050,한남대_중국경제통상학과,belongsTo,교수와 학과의 관계
4693,Professor,Prof385,○○○,Department,Depa050,한남대_중국경제통상학과,belongsTo,교수와 학과의 관계
4694,Professor,Prof386,○○○,Department,Depa050,한남대_중국경제통상학과,belongsTo,교수와 학과의 관계
4695,Professor,Prof387,○○○,Department,Depa050,한남대_중국경제통상학과,belongsTo,교수와 학과의 관계
4696,Professor,Prof388,○○○,Department,Depa050,한남대_중국경제통상학과,belongsTo,교수와 학과의 관계
4697,Professor,Prof389,○○○,Department,Depa050,한남대_중국경제통상학과,belongsTo,교수와 학과의 관계
4698,Professor,Prof398,○○○,Department,Depa009,계명대_중국어중국학과,belongsTo,교수와 학과의 관계
4699,Professor,Prof399,○○○,Department,Depa009,계명대_중국어중국학과,belongsTo,교수와 학과의 관계
4700,Professor,Prof400,○○○,Department,Depa009,계명대_중국어중국학과,belongsTo,교수와 학과의 관계
4701,Professor,Prof401,○○○,Department,Depa009,계명대_중국어중국학과,belongsTo,교수와 학과의 관계
4702,Professor,Prof402,○○○,Department,Depa009,계명대_중국어중국학과,belongsTo,교수와 학과의 관계
4703,Professor,Prof403,○○○,Department,Depa037,용인대_중국학과,belongsTo,교수와 학과의 관계
4704,Professor,Prof404,○○○,Department,Depa037,용인대_중국학과,belongsTo,교수와 학과의 관계
4705,Professor,Prof405,○○○,Department,Depa037,용인대_중국학과,belongsTo,교수와 학과의 관계
4706,Professor,Prof406,○○○,Department,Depa043,전주대_중국어중국학과,belongsTo,교수와 학과의 관계
4707,Professor,Prof407,○○○,Department,Depa043,전주대_중국어중국학과,belongsTo,교수와 학과의 관계
4708,Professor,Prof408,○○○,Department,Depa043,전주대_중국어중국학과,belongsTo,교수와 학과의 관계
4709,Professor,Prof409,○○○,Department,Depa043,전주대_중국어중국학과,belongsTo,교수와 학과의 관계
4710,Professor,Prof410,○○○,Department,Depa012,국립공주대_중어중문학과,belongsTo,교수와 학과의 관계
4711,Professor,Prof411,○○○,Department,Depa012,국립공주대_중어중문학과,belongsTo,교수와 학과의 관계
4712,Professor,Prof412,○○○,Department,Depa012,국립공주대_중어중문학과,belongsTo,교수와 학과의 관계
4713,Professor,Prof413,○○○,Department,Depa012,국립공주대_중어중문학과,belongsTo,교수와 학과의 관계
4714,Professor,Prof414,○○○,Department,Depa013,국립군산대_중어중문학과,belongsTo,교수와 학과의 관계
4715,Professor,Prof415,○○○,Department,Depa013,국립군산대_중어중문학과,belongsTo,교수와 학과의 관계
4716,Professor,Prof416,○○○,Department,Depa013,국립군산대_중어중문학과,belongsTo,교수와 학과의 관계
4717,Professor,Prof417,○○○,Department,Depa013,국립군산대_중어중문학과,belongsTo,교수와 학과의 관계
4718,Professor,Prof418,○○○,Department,Depa058,호서대_중국학과,belongsTo,교수와 학과의 관계
4719,Professor,Prof419,○○○,Department,Depa058,호서대_중국학과,belongsTo,교수와 학과의 관계
4720,Professor,Prof420,○○○,Department,Depa058,호서대_중국학과,belongsTo,교수와 학과의 관계
4721,Professor,Prof421,○○○,Department,Depa058,호서대_중국학과,belongsTo,교수와 학과의 관계
4722,Professor,Prof422,○○○,Department,Depa018,동국대_중어중문학과(W),belongsTo,교수와 학과의 관계
4723,Professor,Prof423,○○○,Department,Depa018,동국대_중어중문학과(W),belongsTo,교수와 학과의 관계
4724,Professor,Prof424,○○○,Department,Depa018,동국대_중어중문학과(W),belongsTo,교수와 학과의 관계
4725,Professor,Prof425,○○○,Department,Depa018,동국대_중어중문학과(W),belongsTo,교수와 학과의 관계
4726,Professor,Prof426,○○○,Department,Depa018,동국대_중어중문학과(W),belongsTo,교수와 학과의 관계
4727,Professor,Prof427,○○○,Department,Depa018,동국대_중어중문학과(W),belongsTo,교수와 학과의 관계
4728,Professor,Prof428,○○○,Department,Depa018,동국대_중어중문학과(W),belongsTo,교수와 학과의 관계
4729,Professor,Prof429,○○○,Department,Depa018,동국대_중어중문학과(W),belongsTo,교수와 학과의 관계
4730,Professor,Prof430,○○○,Department,Depa018,동국대_중어중문학과(W),belongsTo,교수와 학과의 관계
4731,Professor,Prof431,○○○,Department,Depa018,동국대_중어중문학과(W),belongsTo,교수와 학과의 관계
4732,Professor,Prof432,○○○,Department,Depa018,동국대_중어중문학과(W),belongsTo,교수와 학과의 관계
4733,Professor,Prof078,○○○,Major,Majo024,중앙대_중국어문학전공,belongsTo,교수와 전공의 관계
4734,Professor,Prof079,○○○,Major,Majo024,중앙대_중국어문학전공,belongsTo,교수와 전공의 관계
4735,Professor,Prof080,○○○,Major,Majo024,중앙대_중국어문학전공,belongsTo,교수와 전공의 관계
4736,Professor,Prof081,○○○,Major,Majo024,중앙대_중국어문학전공,belongsTo,교수와 전공의 관계
4737,Professor,Prof082,○○○,Major,Majo024,중앙대_중국어문학전공,belongsTo,교수와 전공의 관계
4738,Professor,Prof083,○○○,Major,Majo024,중앙대_중국어문학전공,belongsTo,교수와 전공의 관계
4739,Professor,Prof180,○○○,Major,Majo012,명지대_중어중문학전공,belongsTo,교수와 전공의 관계
4740,Professor,Prof181,○○○,Major,Majo012,명지대_중어중문학전공,belongsTo,교수와 전공의 관계
4741,Professor,Prof182,○○○,Major,Majo012,명지대_중어중문학전공,belongsTo,교수와 전공의 관계
4742,Professor,Prof183,○○○,Major,Majo012,명지대_중어중문학전공,belongsTo,교수와 전공의 관계
4743,Professor,Prof184,○○○,Major,Majo012,명지대_중어중문학전공,belongsTo,교수와 전공의 관계
4744,Professor,Prof242,○○○,Major,Majo011,동덕여자대_중어중국학전공,belongsTo,교수와 전공의 관계
4745,Professor,Prof243,○○○,Major,Majo011,동덕여자대_중어중국학전공,belongsTo,교수와 전공의 관계
4746,Professor,Prof244,○○○,Major,Majo011,동덕여자대_중어중국학전공,belongsTo,교수와 전공의 관계
4747,Professor,Prof245,○○○,Major,Majo011,동덕여자대_중어중국학전공,belongsTo,교수와 전공의 관계
4748,Professor,Prof257,○○○,Major,Majo017,선문대_중국어문화전공,belongsTo,교수와 전공의 관계
4749,Professor,Prof258,○○○,Major,Majo017,선문대_중국어문화전공,belongsTo,교수와 전공의 관계
4750,Professor,Prof259,○○○,Major,Majo017,선문대_중국어문화전공,belongsTo,교수와 전공의 관계
4751,Professor,Prof260,○○○,Major,Majo017,선문대_중국어문화전공,belongsTo,교수와 전공의 관계
4752,Professor,Prof261,○○○,Major,Majo017,선문대_중국어문화전공,belongsTo,교수와 전공의 관계
4753,Professor,Prof262,○○○,Major,Majo015,삼육대_동양어문화전공,belongsTo,교수와 전공의 관계
4754,Professor,Prof263,○○○,Major,Majo010,덕성여자대_중어중문학전공,belongsTo,교수와 전공의 관계
4755,Professor,Prof264,○○○,Major,Majo010,덕성여자대_중어중문학전공,belongsTo,교수와 전공의 관계
4756,Professor,Prof265,○○○,Major,Majo010,덕성여자대_중어중문학전공,belongsTo,교수와 전공의 관계
4757,Professor,Prof266,○○○,Major,Majo010,덕성여자대_중어중문학전공,belongsTo,교수와 전공의 관계
4758,Professor,Prof312,○○○,Major,Majo001,강원대_중어중문학전공,belongsTo,교수와 전공의 관계
4759,Professor,Prof313,○○○,Major,Majo001,강원대_중어중문학전공,belongsTo,교수와 전공의 관계
4760,Professor,Prof314,○○○,Major,Majo001,강원대_중어중문학전공,belongsTo,교수와 전공의 관계
4761,Professor,Prof315,○○○,Major,Majo003,고려대_중국학전공,belongsTo,교수와 전공의 관계
4762,Professor,Prof316,○○○,Major,Majo003,고려대_중국학전공,belongsTo,교수와 전공의 관계
4763,Professor,Prof317,○○○,Major,Majo003,고려대_중국학전공,belongsTo,교수와 전공의 관계
4764,Professor,Prof318,○○○,Major,Majo003,고려대_중국학전공,belongsTo,교수와 전공의 관계
4765,Professor,Prof319,○○○,Major,Majo003,고려대_중국학전공,belongsTo,교수와 전공의 관계
4766,Professor,Prof320,○○○,Major,Majo005,국립순천대_글로벌중국학전공,belongsTo,교수와 전공의 관계
4767,Professor,Prof321,○○○,Major,Majo005,국립순천대_글로벌중국학전공,belongsTo,교수와 전공의 관계
4768,Professor,Prof322,○○○,Major,Majo005,국립순천대_글로벌중국학전공,belongsTo,교수와 전공의 관계
4769,Professor,Prof323,○○○,Major,Majo008,단국대_중국학전공,belongsTo,교수와 전공의 관계
4770,Professor,Prof324,○○○,Major,Majo008,단국대_중국학전공,belongsTo,교수와 전공의 관계
4771,Professor,Prof325,○○○,Major,Majo008,단국대_중국학전공,belongsTo,교수와 전공의 관계
4772,Professor,Prof326,○○○,Major,Majo008,단국대_중국학전공,belongsTo,교수와 전공의 관계
4773,Professor,Prof327,○○○,Major,Majo008,단국대_중국학전공,belongsTo,교수와 전공의 관계
4774,Professor,Prof328,○○○,Major,Majo008,단국대_중국학전공,belongsTo,교수와 전공의 관계
4775,Professor,Prof329,○○○,Major,Majo016,상명대_중국어권지역학전공,belongsTo,교수와 전공의 관계
4776,Professor,Prof330,○○○,Major,Majo016,상명대_중국어권지역학전공,belongsTo,교수와 전공의 관계
4777,Professor,Prof331,○○○,Major,Majo016,상명대_중국어권지역학전공,belongsTo,교수와 전공의 관계
4778,Professor,Prof332,○○○,Major,Majo018,성공회대_중어중국학전공,belongsTo,교수와 전공의 관계
4779,Professor,Prof333,○○○,Major,Majo018,성공회대_중어중국학전공,belongsTo,교수와 전공의 관계
4780,Professor,Prof334,○○○,Major,Majo018,성공회대_중어중국학전공,belongsTo,교수와 전공의 관계
4781,Professor,Prof335,○○○,Major,Majo018,성공회대_중어중국학전공,belongsTo,교수와 전공의 관계
4782,Professor,Prof336,○○○,Major,Majo019,세명대_중국언어문화전공,belongsTo,교수와 전공의 관계
4783,Professor,Prof337,○○○,Major,Majo019,세명대_중국언어문화전공,belongsTo,교수와 전공의 관계
4784,Professor,Prof338,○○○,Major,Majo019,세명대_중국언어문화전공,belongsTo,교수와 전공의 관계
4785,Professor,Prof339,○○○,Major,Majo020,수원대_중국언어문화,belongsTo,교수와 전공의 관계
4786,Professor,Prof340,○○○,Major,Majo020,수원대_중국언어문화,belongsTo,교수와 전공의 관계
4787,Professor,Prof341,○○○,Major,Majo020,수원대_중국언어문화,belongsTo,교수와 전공의 관계
4788,Professor,Prof342,○○○,Major,Majo020,수원대_중국언어문화,belongsTo,교수와 전공의 관계
4789,Professor,Prof343,○○○,Major,Majo020,수원대_중국언어문화,belongsTo,교수와 전공의 관계
4790,Professor,Prof346,○○○,Major,Majo029,한국외국어대_중국어교육전공,belongsTo,교수와 전공의 관계
4791,Professor,Prof347,○○○,Major,Majo029,한국외국어대_중국어교육전공,belongsTo,교수와 전공의 관계
4792,Professor,Prof348,○○○,Major,Majo029,한국외국어대_중국어교육전공,belongsTo,교수와 전공의 관계
4793,Professor,Prof349,○○○,Major,Majo029,한국외국어대_중국어교육전공,belongsTo,교수와 전공의 관계
4794,Professor,Prof350,○○○,Major,Majo004,국립목포대_동아시아문화전공,belongsTo,교수와 전공의 관계
4795,Professor,Prof351,○○○,Major,Majo004,국립목포대_동아시아문화전공,belongsTo,교수와 전공의 관계
4796,Professor,Prof352,○○○,Major,Majo004,국립목포대_동아시아문화전공,belongsTo,교수와 전공의 관계
4797,Professor,Prof353,○○○,Major,Majo025,평택대_중국학전공,belongsTo,교수와 전공의 관계
4798,Professor,Prof354,○○○,Major,Majo025,평택대_중국학전공,belongsTo,교수와 전공의 관계
4799,Professor,Prof355,○○○,Major,Majo025,평택대_중국학전공,belongsTo,교수와 전공의 관계
4800,Professor,Prof356,○○○,Major,Majo025,평택대_중국학전공,belongsTo,교수와 전공의 관계
4801,Professor,Prof375,○○○,Major,Majo023,조선대_중국어문화학전공,belongsTo,교수와 전공의 관계
4802,Professor,Prof376,○○○,Major,Majo023,조선대_중국어문화학전공,belongsTo,교수와 전공의 관계
4803,Professor,Prof377,○○○,Major,Majo023,조선대_중국어문화학전공,belongsTo,교수와 전공의 관계
4804,Professor,Prof378,○○○,Major,Majo023,조선대_중국어문화학전공,belongsTo,교수와 전공의 관계
4805,Professor,Prof390,○○○,Major,Majo002,경기대_중어중문전공,belongsTo,교수와 전공의 관계
4806,Professor,Prof391,○○○,Major,Majo002,경기대_중어중문전공,belongsTo,교수와 전공의 관계
4807,Professor,Prof392,○○○,Major,Majo002,경기대_중어중문전공,belongsTo,교수와 전공의 관계
4808,Professor,Prof393,○○○,Major,Majo002,경기대_중어중문전공,belongsTo,교수와 전공의 관계
4809,Professor,Prof394,○○○,Major,Majo002,경기대_중어중문전공,belongsTo,교수와 전공의 관계
4810,Professor,Prof395,○○○,Major,Majo009,대진대_중국학전공,belongsTo,교수와 전공의 관계
4811,Professor,Prof396,○○○,Major,Majo009,대진대_중국학전공,belongsTo,교수와 전공의 관계
4812,Professor,Prof397,○○○,Major,Majo009,대진대_중국학전공,belongsTo,교수와 전공의 관계
4813,Professor,Prof344,○○○,Track,Trac001,울산대_중국어·중국학트랙,belongsTo,교수와 트랙의 관계
4814,Professor,Prof345,○○○,Track,Trac001,울산대_중국어·중국학트랙,belongsTo,교수와 트랙의 관계
4815,Professor,Prof001,○○○,Course,Cour0345,현대중국의탐색,teaches,교수와 교육과정(교과목)과 관계
4816,Professor,Prof002,○○○,Course,Cour0329,초급중국어회화,teaches,교수와 교육과정(교과목)과 관계
4817,Professor,Prof002,○○○,Course,Cour0340,중국어문법Ⅰ,teaches,교수와 교육과정(교과목)과 관계
4818,Professor,Prof002,○○○,Course,Cour0341,중국어문법Ⅱ,teaches,교수와 교육과정(교과목)과 관계
4819,Professor,Prof002,○○○,Course,Cour0347,중국의언어와문자,teaches,교수와 교육과정(교과목)과 관계
4820,Professor,Prof003,○○○,Course,Cour0330,중국고전문학의흐름Ⅰ,teaches,교수와 교육과정(교과목)과 관계
4821,Professor,Prof003,○○○,Course,Cour0349,중국어주제발표와토론,teaches,교수와 교육과정(교과목)과 관계
4822,Professor,Prof004,○○○,Course,Cour0340,중국어문법Ⅰ,teaches,교수와 교육과정(교과목)과 관계
4823,Professor,Prof004,○○○,Course,Cour0341,중국어문법Ⅱ,teaches,교수와 교육과정(교과목)과 관계
4824,Professor,Prof005,○○○,Course,Cour0330,중국고전문학의흐름Ⅰ,teaches,교수와 교육과정(교과목)과 관계
4825,Professor,Prof005,○○○,Course,Cour0331,중국고전문학의흐름Ⅱ,teaches,교수와 교육과정(교과목)과 관계
4826,Professor,Prof005,○○○,Course,Cour0359,명저읽기와토론,teaches,교수와 교육과정(교과목)과 관계
4827,Professor,Prof008,○○○,Course,Cour0616,중국어의이해Ⅱ,teaches,교수와 교육과정(교과목)과 관계
4828,Professor,Prof008,○○○,Course,Cour0630,중국어사Ⅰ,teaches,교수와 교육과정(교과목)과 관계
4829,Professor,Prof008,○○○,Course,Cour0631,중국어사Ⅱ,teaches,교수와 교육과정(교과목)과 관계
4830,Professor,Prof009,○○○,Course,Cour0624,중국현대시,teaches,교수와 교육과정(교과목)과 관계
4831,Professor,Prof009,○○○,Course,Cour0638,중국문학과영상문화,teaches,교수와 교육과정(교과목)과 관계
4832,Professor,Prof011,○○○,Course,Cour0625,중국고전소설Ⅰ,teaches,교수와 교육과정(교과목)과 관계
4833,Professor,Prof011,○○○,Course,Cour0639,중국어교과교육론,teaches,교수와 교육과정(교과목)과 관계
4834,Professor,Prof012,○○○,Course,Cour0606,중국고전문학사Ⅱ,teaches,교수와 교육과정(교과목)과 관계
4835,Professor,Prof012,○○○,Course,Cour0635,삼국지의영웅과전쟁,teaches,교수와 교육과정(교과목)과 관계
4836,Professor,Prof013,○○○,Course,Cour0623,중국현대소설,teaches,교수와 교육과정(교과목)과 관계
4837,Professor,Prof014,○○○,Course,Cour0603,현대중국어문법Ⅰ,teaches,교수와 교육과정(교과목)과 관계
4838,Professor,Prof014,○○○,Course,Cour0604,현대중국어문법Ⅱ,teaches,교수와 교육과정(교과목)과 관계
4839,Professor,Prof015,○○○,Course,Cour0608,중국뉴미디어문화Ⅰ,teaches,교수와 교육과정(교과목)과 관계
4840,Professor,Prof015,○○○,Course,Cour0609,중국뉴미디어문화Ⅱ,teaches,교수와 교육과정(교과목)과 관계
4841,Professor,Prof016,○○○,Course,Cour1935,기초중국고문,teaches,교수와 교육과정(교과목)과 관계
4842,Professor,Prof016,○○○,Course,Cour1942,중문법,teaches,교수와 교육과정(교과목)과 관계
4843,Professor,Prof016,○○○,Course,Cour1979,고대중국어의이해,teaches,교수와 교육과정(교과목)과 관계
4844,Professor,Prof017,○○○,Course,Cour1982,문과대학전공탐색,teaches,교수와 교육과정(교과목)과 관계
4845,Professor,Prof018,○○○,Course,Cour1950,고급중회화Ⅰ,teaches,교수와 교육과정(교과목)과 관계
4846,Professor,Prof018,○○○,Course,Cour1951,고급중회화Ⅱ,teaches,교수와 교육과정(교과목)과 관계
4847,Professor,Prof018,○○○,Course,Cour1952,중작문실습,teaches,교수와 교육과정(교과목)과 관계
4848,Professor,Prof018,○○○,Course,Cour1968,중작문연습,teaches,교수와 교육과정(교과목)과 관계
4849,Professor,Prof019,○○○,Course,Cour1939,중국문학개론,teaches,교수와 교육과정(교과목)과 관계
4850,Professor,Prof019,○○○,Course,Cour1958,중국고전소설선독,teaches,교수와 교육과정(교과목)과 관계
4851,Professor,Prof037,○○○,Course,Cour2596,중국문자의이해,teaches,교수와 교육과정(교과목)과 관계
4852,Professor,Prof037,○○○,Course,Cour2629,중한언어대조,teaches,교수와 교육과정(교과목)과 관계
4853,Professor,Prof037,○○○,Course,Cour2633,중국어학특강,teaches,교수와 교육과정(교과목)과 관계
4854,Professor,Prof038,○○○,Course,Cour2603,현대중국의문화와사회,teaches,교수와 교육과정(교과목)과 관계
4855,Professor,Prof038,○○○,Course,Cour2608,현대중국의예술과비평,teaches,교수와 교육과정(교과목)과 관계
4856,Professor,Prof039,○○○,Course,Cour2598,중국고전시가,teaches,교수와 교육과정(교과목)과 관계
4857,Professor,Prof039,○○○,Course,Cour2604,중국고전산문,teaches,교수와 교육과정(교과목)과 관계
4858,Professor,Prof039,○○○,Course,Cour2619,중국문학과여성,teaches,교수와 교육과정(교과목)과 관계
4859,Professor,Prof040,○○○,Course,Cour2613,중국고전소설,teaches,교수와 교육과정(교과목)과 관계
4860,Professor,Prof040,○○○,Course,Cour2614,중국문학사Ⅰ,teaches,교수와 교육과정(교과목)과 관계
4861,Professor,Prof040,○○○,Course,Cour2620,중국문학사Ⅱ,teaches,교수와 교육과정(교과목)과 관계
4862,Professor,Prof042,○○○,Course,Cour2597,중국어연습,teaches,교수와 교육과정(교과목)과 관계
4863,Professor,Prof043,○○○,Course,Cour2601,중국어회화Ⅰ,teaches,교수와 교육과정(교과목)과 관계
4864,Professor,Prof043,○○○,Course,Cour2606,중국어회화Ⅱ,teaches,교수와 교육과정(교과목)과 관계
4865,Professor,Prof044,○○○,Course,Cour2601,중국어회화Ⅰ,teaches,교수와 교육과정(교과목)과 관계
4866,Professor,Prof044,○○○,Course,Cour2606,중국어회화Ⅱ,teaches,교수와 교육과정(교과목)과 관계
4867,Professor,Prof045,○○○,Course,Cour2594,중국고전문학의이해,teaches,교수와 교육과정(교과목)과 관계
4868,Professor,Prof045,○○○,Course,Cour2605,중국문학과인문지리,teaches,교수와 교육과정(교과목)과 관계
4869,Professor,Prof059,○○○,Course,Cour1003,전공중국어Ⅰ,teaches,교수와 교육과정(교과목)과 관계
4870,Professor,Prof059,○○○,Course,Cour1004,전공중국어Ⅱ,teaches,교수와 교육과정(교과목)과 관계
4871,Professor,Prof059,○○○,Course,Cour1018,고대중국어구문독해,teaches,교수와 교육과정(교과목)과 관계
4872,Professor,Prof059,○○○,Course,Cour1021,한자와커뮤니케이션,teaches,교수와 교육과정(교과목)과 관계
4873,Professor,Prof060,○○○,Course,Cour1000,중국현대문학사,teaches,교수와 교육과정(교과목)과 관계
4874,Professor,Prof060,○○○,Course,Cour1013,중국영화,teaches,교수와 교육과정(교과목)과 관계
4875,Professor,Prof060,○○○,Course,Cour1019,타이완의역사와문화,teaches,교수와 교육과정(교과목)과 관계
4876,Professor,Prof061,○○○,Course,Cour1001,중국근세문학사,teaches,교수와 교육과정(교과목)과 관계
4877,Professor,Prof061,○○○,Course,Cour1008,중국인문지리,teaches,교수와 교육과정(교과목)과 관계
4878,Professor,Prof061,○○○,Course,Cour1022,중국공연예술의이해(캡스톤디자인),teaches,교수와 교육과정(교과목)과 관계
4879,Professor,Prof067,○○○,Course,Cour3112,미래설계상담Ⅰ,teaches,교수와 교육과정(교과목)과 관계
4880,Professor,Prof067,○○○,Course,Cour3113,대학생활과진로설계,teaches,교수와 교육과정(교과목)과 관계
4881,Professor,Prof067,○○○,Course,Cour3118,미래설계상담Ⅱ,teaches,교수와 교육과정(교과목)과 관계
4882,Professor,Prof067,○○○,Course,Cour3119,대학생활과진로설계,teaches,교수와 교육과정(교과목)과 관계
4883,Professor,Prof067,○○○,Course,Cour3123,중국문화콘텐츠의이해,teaches,교수와 교육과정(교과목)과 관계
4884,Professor,Prof067,○○○,Course,Cour3129,미래설계상담Ⅲ,teaches,교수와 교육과정(교과목)과 관계
4885,Professor,Prof067,○○○,Course,Cour3131,중국고전산문감상,teaches,교수와 교육과정(교과목)과 관계
4886,Professor,Prof067,○○○,Course,Cour3136,미래설계상담Ⅳ,teaches,교수와 교육과정(교과목)과 관계
4887,Professor,Prof067,○○○,Course,Cour3137,미래설계상담Ⅴ,teaches,교수와 교육과정(교과목)과 관계
4888,Professor,Prof067,○○○,Course,Cour3145,미래설계상담Ⅵ,teaches,교수와 교육과정(교과목)과 관계
4889,Professor,Prof067,○○○,Course,Cour3153,미래설계상담Ⅶ,teaches,교수와 교육과정(교과목)과 관계
4890,Professor,Prof067,○○○,Course,Cour3157,미래설계상담Ⅷ,teaches,교수와 교육과정(교과목)과 관계
4891,Professor,Prof068,○○○,Course,Cour3117,중국기초고문,teaches,교수와 교육과정(교과목)과 관계
4892,Professor,Prof068,○○○,Course,Cour3126,중국어문법,teaches,교수와 교육과정(교과목)과 관계
4893,Professor,Prof068,○○○,Course,Cour3152,시사중국어,teaches,교수와 교육과정(교과목)과 관계
4894,Professor,Prof092,○○○,Course,Cour3814,커리어개발Ⅰ:취.창업진로로드맵,teaches,교수와 교육과정(교과목)과 관계
4895,Professor,Prof092,○○○,Course,Cour3828,현대중국어문법,teaches,교수와 교육과정(교과목)과 관계
4896,Professor,Prof092,○○○,Course,Cour3847,커리어개발Ⅱ:취.창업진로포트폴리오,teaches,교수와 교육과정(교과목)과 관계
4897,Professor,Prof093,○○○,Course,Cour3814,커리어개발Ⅰ:취.창업진로로드맵,teaches,교수와 교육과정(교과목)과 관계
4898,Professor,Prof093,○○○,Course,Cour3817,중국의역사와사상,teaches,교수와 교육과정(교과목)과 관계
4899,Professor,Prof093,○○○,Course,Cour3819,중국어입문,teaches,교수와 교육과정(교과목)과 관계
4900,Professor,Prof093,○○○,Course,Cour3842,한자의세계와한중한자어비교,teaches,교수와 교육과정(교과목)과 관계
4901,Professor,Prof093,○○○,Course,Cour3857,중국도시발전과지역문화의이해,teaches,교수와 교육과정(교과목)과 관계
4902,Professor,Prof094,○○○,Course,Cour3814,커리어개발Ⅰ:취.창업진로로드맵,teaches,교수와 교육과정(교과목)과 관계
4903,Professor,Prof094,○○○,Course,Cour3823,중국고대문학의이해,teaches,교수와 교육과정(교과목)과 관계
4904,Professor,Prof094,○○○,Course,Cour3829,실용중국어회화Ⅰ,teaches,교수와 교육과정(교과목)과 관계
4905,Professor,Prof094,○○○,Course,Cour3845,고급중국어연습Ⅰ,teaches,교수와 교육과정(교과목)과 관계
4906,Professor,Prof094,○○○,Course,Cour3847,커리어개발Ⅱ:취.창업진로포트폴리오,teaches,교수와 교육과정(교과목)과 관계
4907,Professor,Prof095,○○○,Course,Cour3847,커리어개발Ⅱ:취.창업진로포트폴리오,teaches,교수와 교육과정(교과목)과 관계
4908,Professor,Prof095,○○○,Course,Cour3852,현대중국의문학과사회문화,teaches,교수와 교육과정(교과목)과 관계
4909,Professor,Prof096,○○○,Course,Cour3814,커리어개발Ⅰ:취.창업진로로드맵,teaches,교수와 교육과정(교과목)과 관계
4910,Professor,Prof096,○○○,Course,Cour3837,현대중국어독해,teaches,교수와 교육과정(교과목)과 관계
4911,Professor,Prof096,○○○,Course,Cour3844,중국어연극제작실습,teaches,교수와 교육과정(교과목)과 관계
4912,Professor,Prof096,○○○,Course,Cour3854,중국현대문학감상,teaches,교수와 교육과정(교과목)과 관계
4913,Professor,Prof101,○○○,Course,Cour1382,중국영화와문화산업,teaches,교수와 교육과정(교과목)과 관계
4914,Professor,Prof101,○○○,Course,Cour1391,현대중국사회탐구,teaches,교수와 교육과정(교과목)과 관계
4915,Professor,Prof102,○○○,Course,Cour1378,중국문화의이해,teaches,교수와 교육과정(교과목)과 관계
4916,Professor,Prof102,○○○,Course,Cour1394,중국고대문학사,teaches,교수와 교육과정(교과목)과 관계
4917,Professor,Prof102,○○○,Course,Cour1400,중국어교과교재및연구법,teaches,교수와 교육과정(교과목)과 관계
4918,Professor,Prof102,○○○,Course,Cour1405,중국어교과논리및논술,teaches,교수와 교육과정(교과목)과 관계
4919,Professor,Prof103,○○○,Course,Cour1377,초급중국어말하기,teaches,교수와 교육과정(교과목)과 관계
4920,Professor,Prof103,○○○,Course,Cour1379,초급중국어읽기,teaches,교수와 교육과정(교과목)과 관계
4921,Professor,Prof103,○○○,Course,Cour1388,중국언어학개론,teaches,교수와 교육과정(교과목)과 관계
4922,Professor,Prof104,○○○,Course,Cour1380,중국문학개론,teaches,교수와 교육과정(교과목)과 관계
4923,Professor,Prof105,○○○,Course,Cour1381,중국어문법과활용,teaches,교수와 교육과정(교과목)과 관계
4924,Professor,Prof105,○○○,Course,Cour1388,중국언어학개론,teaches,교수와 교육과정(교과목)과 관계
4925,Professor,Prof106,○○○,Course,Cour1376,초급중국어듣기,teaches,교수와 교육과정(교과목)과 관계
4926,Professor,Prof106,○○○,Course,Cour1379,초급중국어읽기,teaches,교수와 교육과정(교과목)과 관계
4927,Professor,Prof106,○○○,Course,Cour1383,중국현대문학작품감상,teaches,교수와 교육과정(교과목)과 관계
4928,Professor,Prof106,○○○,Course,Cour1399,중국근현대문학사,teaches,교수와 교육과정(교과목)과 관계
4929,Professor,Prof125,○○○,Course,Cour2897,기초한자,teaches,교수와 교육과정(교과목)과 관계
4930,Professor,Prof125,○○○,Course,Cour2901,초급한문,teaches,교수와 교육과정(교과목)과 관계
4931,Professor,Prof125,○○○,Course,Cour2906,중급한문,teaches,교수와 교육과정(교과목)과 관계
4932,Professor,Prof125,○○○,Course,Cour2924,중국어문법,teaches,교수와 교육과정(교과목)과 관계
4933,Professor,Prof125,○○○,Course,Cour2928,중국어교과교육론,teaches,교수와 교육과정(교과목)과 관계
4934,Professor,Prof125,○○○,Course,Cour2931,한문법,teaches,교수와 교육과정(교과목)과 관계
4935,Professor,Prof125,○○○,Course,Cour2936,중국어교과교재연구및지도법,teaches,교수와 교육과정(교과목)과 관계
4936,Professor,Prof126,○○○,Course,Cour2914,경서제자강독,teaches,교수와 교육과정(교과목)과 관계
4937,Professor,Prof126,○○○,Course,Cour2919,고급중국어,teaches,교수와 교육과정(교과목)과 관계
4938,Professor,Prof127,○○○,Course,Cour2896,초급중국어Ⅰ,teaches,교수와 교육과정(교과목)과 관계
4939,Professor,Prof127,○○○,Course,Cour2899,초급중국어Ⅱ,teaches,교수와 교육과정(교과목)과 관계
4940,Professor,Prof127,○○○,Course,Cour2920,중국현대문학사,teaches,교수와 교육과정(교과목)과 관계
4941,Professor,Prof127,○○○,Course,Cour2930,중국현대문학과영화감상(캡스톤디자인Ⅱ),teaches,교수와 교육과정(교과목)과 관계
4942,Professor,Prof128,○○○,Course,Cour2916,중문과진로탐색,teaches,교수와 교육과정(교과목)과 관계
4943,Professor,Prof128,○○○,Course,Cour2935,한자학강의,teaches,교수와 교육과정(교과목)과 관계
4944,Professor,Prof129,○○○,Course,Cour2909,중국문화,teaches,교수와 교육과정(교과목)과 관계
4945,Professor,Prof129,○○○,Course,Cour2912,중국문학사,teaches,교수와 교육과정(교과목)과 관계
4946,Professor,Prof129,○○○,Course,Cour2923,중국소설감상(캡스톤디자인),teaches,교수와 교육과정(교과목)과 관계
4947,Professor,Prof130,○○○,Course,Cour2915,중국어작문Ⅱ,teaches,교수와 교육과정(교과목)과 관계
4948,Professor,Prof130,○○○,Course,Cour2921,중국어교과논리및논술,teaches,교수와 교육과정(교과목)과 관계
4949,Professor,Prof130,○○○,Course,Cour2934,텍스트마이닝과중국,teaches,교수와 교육과정(교과목)과 관계
4950,Professor,Prof136,○○○,Course,Cour2315,실용중국어,teaches,교수와 교육과정(교과목)과 관계
4951,Professor,Prof136,○○○,Course,Cour2322,전공진로탐색Ⅰ캡스톤디자인,teaches,교수와 교육과정(교과목)과 관계
4952,Professor,Prof136,○○○,Course,Cour2325,한자와커뮤니케이션,teaches,교수와 교육과정(교과목)과 관계
4953,Professor,Prof136,○○○,Course,Cour2332,중국문화콘텐츠의이해,teaches,교수와 교육과정(교과목)과 관계
4954,Professor,Prof136,○○○,Course,Cour2335,한자의이해,teaches,교수와 교육과정(교과목)과 관계
4955,Professor,Prof136,○○○,Course,Cour2340,중국어강독,teaches,교수와 교육과정(교과목)과 관계
4956,Professor,Prof137,○○○,Course,Cour2312,초급중국어Ⅰ,teaches,교수와 교육과정(교과목)과 관계
4957,Professor,Prof137,○○○,Course,Cour2319,중급중국어,teaches,교수와 교육과정(교과목)과 관계
4958,Professor,Prof137,○○○,Course,Cour2323,중국문학과역사,teaches,교수와 교육과정(교과목)과 관계
4959,Professor,Prof137,○○○,Course,Cour2330,시청각중국어,teaches,교수와 교육과정(교과목)과 관계
4960,Professor,Prof137,○○○,Course,Cour2333,중국어작문,teaches,교수와 교육과정(교과목)과 관계
4961,Professor,Prof137,○○○,Course,Cour2339,전공진로탐색Ⅱ캡스톤디자인,teaches,교수와 교육과정(교과목)과 관계
4962,Professor,Prof138,○○○,Course,Cour2312,초급중국어Ⅰ,teaches,교수와 교육과정(교과목)과 관계
4963,Professor,Prof138,○○○,Course,Cour2313,전공세미나Ⅰ:전공책읽기,teaches,교수와 교육과정(교과목)과 관계
4964,Professor,Prof138,○○○,Course,Cour2316,중국어권문화,teaches,교수와 교육과정(교과목)과 관계
4965,Professor,Prof138,○○○,Course,Cour2327,현대중국언어특강,teaches,교수와 교육과정(교과목)과 관계
4966,Professor,Prof138,○○○,Course,Cour2329,초급중국어회화Ⅱ,teaches,교수와 교육과정(교과목)과 관계
4967,Professor,Prof138,○○○,Course,Cour2331,전공세미나Ⅱ:전공글쓰기,teaches,교수와 교육과정(교과목)과 관계
4968,Professor,Prof138,○○○,Course,Cour2336,한중언어대조,teaches,교수와 교육과정(교과목)과 관계
4969,Professor,Prof138,○○○,Course,Cour2343,전공세미나Ⅳ:취업역량강화,teaches,교수와 교육과정(교과목)과 관계
4970,Professor,Prof139,○○○,Course,Cour2311,중국어연습Ⅰ,teaches,교수와 교육과정(교과목)과 관계
4971,Professor,Prof139,○○○,Course,Cour2318,중국어표현과글쓰기,teaches,교수와 교육과정(교과목)과 관계
4972,Professor,Prof139,○○○,Course,Cour2320,고급중국어회화,teaches,교수와 교육과정(교과목)과 관계
4973,Professor,Prof139,○○○,Course,Cour2321,비즈니스실무중국어,teaches,교수와 교육과정(교과목)과 관계
4974,Professor,Prof139,○○○,Course,Cour2328,중국어연습Ⅱ,teaches,교수와 교육과정(교과목)과 관계
4975,Professor,Prof139,○○○,Course,Cour2333,중국어작문,teaches,교수와 교육과정(교과목)과 관계
4976,Professor,Prof139,○○○,Course,Cour2334,중국어회화,teaches,교수와 교육과정(교과목)과 관계
4977,Professor,Prof139,○○○,Course,Cour2341,중국어실무프레젠테이션연습,teaches,교수와 교육과정(교과목)과 관계
4978,Professor,Prof146,○○○,Course,Cour1550,중국문학의세계,teaches,교수와 교육과정(교과목)과 관계
4979,Professor,Prof146,○○○,Course,Cour1565,중국고전명문,teaches,교수와 교육과정(교과목)과 관계
4980,Professor,Prof146,○○○,Course,Cour1600,중국문학주제특강,teaches,교수와 교육과정(교과목)과 관계
4981,Professor,Prof146,○○○,Course,Cour1606,중국문학의세계,teaches,교수와 교육과정(교과목)과 관계
4982,Professor,Prof146,○○○,Course,Cour1621,중국고전명문,teaches,교수와 교육과정(교과목)과 관계
4983,Professor,Prof148,○○○,Course,Cour1561,중국어Ⅳ,teaches,교수와 교육과정(교과목)과 관계
4984,Professor,Prof148,○○○,Course,Cour1580,중국어문법의이해,teaches,교수와 교육과정(교과목)과 관계
4985,Professor,Prof148,○○○,Course,Cour1617,중국어Ⅳ,teaches,교수와 교육과정(교과목)과 관계
4986,Professor,Prof148,○○○,Course,Cour1636,중국어문법의이해,teaches,교수와 교육과정(교과목)과 관계
4987,Professor,Prof149,○○○,Course,Cour1551,"오늘의중국,중국인",teaches,교수와 교육과정(교과목)과 관계
4988,Professor,Prof149,○○○,Course,Cour1570,중국의대중문화,teaches,교수와 교육과정(교과목)과 관계
4989,Professor,Prof149,○○○,Course,Cour1607,"오늘의중국,중국인",teaches,교수와 교육과정(교과목)과 관계
4990,Professor,Prof149,○○○,Course,Cour1626,중국의대중문화,teaches,교수와 교육과정(교과목)과 관계
4991,Professor,Prof150,○○○,Course,Cour1581,중국고전시의세계,teaches,교수와 교육과정(교과목)과 관계
4992,Professor,Prof150,○○○,Course,Cour1582,사서와현대인의수양,teaches,교수와 교육과정(교과목)과 관계
4993,Professor,Prof150,○○○,Course,Cour1637,중국고전시의세계,teaches,교수와 교육과정(교과목)과 관계
4994,Professor,Prof150,○○○,Course,Cour1638,사서와현대인의수양,teaches,교수와 교육과정(교과목)과 관계
4995,Professor,Prof150,○○○,Course,Cour1650,제자백가의이해,teaches,교수와 교육과정(교과목)과 관계
4996,Professor,Prof151,○○○,Course,Cour1554,중국어회화Ⅰ,teaches,교수와 교육과정(교과목)과 관계
4997,Professor,Prof151,○○○,Course,Cour1560,중국어회화Ⅱ,teaches,교수와 교육과정(교과목)과 관계
4998,Professor,Prof151,○○○,Course,Cour1610,중국어회화Ⅰ,teaches,교수와 교육과정(교과목)과 관계
4999,Professor,Prof151,○○○,Course,Cour1616,중국어회화Ⅱ,teaches,교수와 교육과정(교과목)과 관계
5000,Professor,Prof151,○○○,Course,Cour1642,대만사회변천과문화트렌드,teaches,교수와 교육과정(교과목)과 관계
5001,Professor,Prof152,○○○,Course,Cour1579,중국시사,teaches,교수와 교육과정(교과목)과 관계
5002,Professor,Prof152,○○○,Course,Cour1635,중국시사,teaches,교수와 교육과정(교과목)과 관계
5003,Professor,Prof193,○○○,Course,Cour1336,중국사회조사방법,teaches,교수와 교육과정(교과목)과 관계
5004,Professor,Prof193,○○○,Course,Cour1348,중국도시연구,teaches,교수와 교육과정(교과목)과 관계
5005,Professor,Prof194,○○○,Course,Cour1353,중국사회론,teaches,교수와 교육과정(교과목)과 관계
5006,Professor,Prof195,○○○,Course,Cour1333,중국학입문,teaches,교수와 교육과정(교과목)과 관계
5007,Professor,Prof195,○○○,Course,Cour1351,중국문학세미나,teaches,교수와 교육과정(교과목)과 관계
5008,Professor,Prof195,○○○,Course,Cour1365,고급HSK중국어,teaches,교수와 교육과정(교과목)과 관계
5009,Professor,Prof196,○○○,Course,Cour1352,중국학세미나,teaches,교수와 교육과정(교과목)과 관계
5010,Professor,Prof196,○○○,Course,Cour1354,캡스톤디자인,teaches,교수와 교육과정(교과목)과 관계
5011,Professor,Prof197,○○○,Course,Cour1338,중국경제론,teaches,교수와 교육과정(교과목)과 관계
5012,Professor,Prof197,○○○,Course,Cour1354,캡스톤디자인,teaches,교수와 교육과정(교과목)과 관계
5013,Professor,Prof198,○○○,Course,Cour1345,중급HSK중국어,teaches,교수와 교육과정(교과목)과 관계
5014,Professor,Prof215,○○○,Course,Cour2212,현대중국입문,teaches,교수와 교육과정(교과목)과 관계
5015,Professor,Prof215,○○○,Course,Cour2214,중국경제현상과이론Ⅰ,teaches,교수와 교육과정(교과목)과 관계
5016,Professor,Prof215,○○○,Course,Cour2223,중국경제현상과이론Ⅱ,teaches,교수와 교육과정(교과목)과 관계
5017,Professor,Prof215,○○○,Course,Cour2231,중국기업과정책,teaches,교수와 교육과정(교과목)과 관계
5018,Professor,Prof215,○○○,Course,Cour2242,중국지역경제,teaches,교수와 교육과정(교과목)과 관계
5019,Professor,Prof215,○○○,Course,Cour2245,위험사회해결을위한중국경제문제,teaches,교수와 교육과정(교과목)과 관계
5020,Professor,Prof216,○○○,Course,Cour2222,문화중국어,teaches,교수와 교육과정(교과목)과 관계
5021,Professor,Prof216,○○○,Course,Cour2224,중국시문감상,teaches,교수와 교육과정(교과목)과 관계
5022,Professor,Prof216,○○○,Course,Cour2232,중국명언명구,teaches,교수와 교육과정(교과목)과 관계
5023,Professor,Prof216,○○○,Course,Cour2248,중한번역실습,teaches,교수와 교육과정(교과목)과 관계
5024,Professor,Prof218,○○○,Course,Cour2210,중국역사문화콘텐츠의이해,teaches,교수와 교육과정(교과목)과 관계
5025,Professor,Prof218,○○○,Course,Cour2213,역사속중국민족,teaches,교수와 교육과정(교과목)과 관계
5026,Professor,Prof218,○○○,Course,Cour2216,격동의중국근현대사,teaches,교수와 교육과정(교과목)과 관계
5027,Professor,Prof218,○○○,Course,Cour2225,중국음식문화,teaches,교수와 교육과정(교과목)과 관계
5028,Professor,Prof218,○○○,Course,Cour2239,자료로보는중국사,teaches,교수와 교육과정(교과목)과 관계
5029,Professor,Prof218,○○○,Course,Cour2250,졸업종합지도,teaches,교수와 교육과정(교과목)과 관계
5030,Professor,Prof218,○○○,Course,Cour2257,졸업종합지도(복),teaches,교수와 교육과정(교과목)과 관계
5031,Professor,Prof218,○○○,Course,Cour2259,현장실습(인턴십)Ⅱ,teaches,교수와 교육과정(교과목)과 관계
5032,Professor,Prof218,○○○,Course,Cour2261,IPPⅠ,teaches,교수와 교육과정(교과목)과 관계
5033,Professor,Prof219,○○○,Course,Cour2209,중국어듣기말하기Ⅰ,teaches,교수와 교육과정(교과목)과 관계
5034,Professor,Prof219,○○○,Course,Cour2211,중국어듣기말하기Ⅱ,teaches,교수와 교육과정(교과목)과 관계
5035,Professor,Prof219,○○○,Course,Cour2228,중국어읽기쓰기Ⅰ,teaches,교수와 교육과정(교과목)과 관계
5036,Professor,Prof219,○○○,Course,Cour2236,중국어읽기쓰기Ⅱ,teaches,교수와 교육과정(교과목)과 관계
5037,Professor,Prof220,○○○,Course,Cour2215,중국어듣기말하기Ⅲ,teaches,교수와 교육과정(교과목)과 관계
5038,Professor,Prof220,○○○,Course,Cour2219,중국어문법,teaches,교수와 교육과정(교과목)과 관계
5039,Professor,Prof220,○○○,Course,Cour2221,중국어듣기말하기Ⅳ,teaches,교수와 교육과정(교과목)과 관계
5040,Professor,Prof220,○○○,Course,Cour2227,한자와중국문화,teaches,교수와 교육과정(교과목)과 관계
5041,Professor,Prof220,○○○,Course,Cour2229,HSK실전공략Ⅰ,teaches,교수와 교육과정(교과목)과 관계
5042,Professor,Prof220,○○○,Course,Cour2237,HSK실전공략Ⅱ,teaches,교수와 교육과정(교과목)과 관계
5043,Professor,Prof220,○○○,Course,Cour2241,중국의지리와문화,teaches,교수와 교육과정(교과목)과 관계
5044,Professor,Prof221,○○○,Course,Cour2822,중국고사성어선독,teaches,교수와 교육과정(교과목)과 관계
5045,Professor,Prof221,○○○,Course,Cour2844,중국고전산문,teaches,교수와 교육과정(교과목)과 관계
5046,Professor,Prof222,○○○,Course,Cour2824,중국어학의이해,teaches,교수와 교육과정(교과목)과 관계
5047,Professor,Prof223,○○○,Course,Cour2840,중국현대소설과영화,teaches,교수와 교육과정(교과목)과 관계
5048,Professor,Prof223,○○○,Course,Cour2848,중국현대문학의이해,teaches,교수와 교육과정(교과목)과 관계
5049,Professor,Prof223,○○○,Course,Cour2861,현대중국인물론,teaches,교수와 교육과정(교과목)과 관계
5050,Professor,Prof224,○○○,Course,Cour2863,중국어교재연구및지도법,teaches,교수와 교육과정(교과목)과 관계
5051,Professor,Prof224,○○○,Course,Cour2864,중국어교육론,teaches,교수와 교육과정(교과목)과 관계
5052,Professor,Prof225,○○○,Course,Cour2832,중국어작문Ⅰ,teaches,교수와 교육과정(교과목)과 관계
5053,Professor,Prof225,○○○,Course,Cour2854,중국현대작품감상,teaches,교수와 교육과정(교과목)과 관계
5054,Professor,Prof226,○○○,Course,Cour2827,전공진로설계Ⅰ,teaches,교수와 교육과정(교과목)과 관계
5055,Professor,Prof226,○○○,Course,Cour2834,전공진로설계Ⅱ,teaches,교수와 교육과정(교과목)과 관계
5056,Professor,Prof226,○○○,Course,Cour2837,중국근세문학사,teaches,교수와 교육과정(교과목)과 관계
5057,Professor,Prof226,○○○,Course,Cour2841,전공진로설계Ⅲ,teaches,교수와 교육과정(교과목)과 관계
5058,Professor,Prof226,○○○,Course,Cour2849,전공진로설계Ⅳ,teaches,교수와 교육과정(교과목)과 관계
5059,Professor,Prof226,○○○,Course,Cour2856,전공진로설계Ⅴ,teaches,교수와 교육과정(교과목)과 관계
5060,Professor,Prof226,○○○,Course,Cour2862,전공진로설계Ⅵ,teaches,교수와 교육과정(교과목)과 관계
5061,Professor,Prof228,○○○,Course,Cour2829,디지털차이나,teaches,교수와 교육과정(교과목)과 관계
5062,Professor,Prof228,○○○,Course,Cour2857,미디어중국어,teaches,교수와 교육과정(교과목)과 관계
5063,Professor,Prof242,○○○,Course,Cour1073,중국지역탐구,teaches,교수와 교육과정(교과목)과 관계
5064,Professor,Prof242,○○○,Course,Cour1079,중국사회론,teaches,교수와 교육과정(교과목)과 관계
5065,Professor,Prof242,○○○,Course,Cour1082,소수민족연구,teaches,교수와 교육과정(교과목)과 관계
5066,Professor,Prof242,○○○,Course,Cour1092,대만과화교사회의이해,teaches,교수와 교육과정(교과목)과 관계
5067,Professor,Prof243,○○○,Course,Cour1074,중급중국어Ⅰ,teaches,교수와 교육과정(교과목)과 관계
5068,Professor,Prof243,○○○,Course,Cour1080,중국문화특강,teaches,교수와 교육과정(교과목)과 관계
5069,Professor,Prof243,○○○,Course,Cour1100,인터넷시사중국,teaches,교수와 교육과정(교과목)과 관계
5070,Professor,Prof243,○○○,Course,Cour1102,중국문학의이해,teaches,교수와 교육과정(교과목)과 관계
5071,Professor,Prof244,○○○,Course,Cour1066,중국어실습,teaches,교수와 교육과정(교과목)과 관계
5072,Professor,Prof244,○○○,Course,Cour1069,기초중국어회화,teaches,교수와 교육과정(교과목)과 관계
5073,Professor,Prof244,○○○,Course,Cour1089,초급중국어회화,teaches,교수와 교육과정(교과목)과 관계
5074,Professor,Prof244,○○○,Course,Cour1090,비즈니스중국어회화,teaches,교수와 교육과정(교과목)과 관계
5075,Professor,Prof245,○○○,Course,Cour1065,중국학입문,teaches,교수와 교육과정(교과목)과 관계
5076,Professor,Prof245,○○○,Course,Cour1078,중국과국제사회,teaches,교수와 교육과정(교과목)과 관계
5077,Professor,Prof245,○○○,Course,Cour1095,진로설계세미나,teaches,교수와 교육과정(교과목)과 관계
5078,Professor,Prof264,○○○,Course,Cour0971,중국어학입문,teaches,교수와 교육과정(교과목)과 관계
5079,Professor,Prof264,○○○,Course,Cour0976,언어와문자로이해하는중국,teaches,교수와 교육과정(교과목)과 관계
5080,Professor,Prof264,○○○,Course,Cour0988,중국어어법,teaches,교수와 교육과정(교과목)과 관계
5081,Professor,Prof264,○○○,Course,Cour0993,중국지역문화기행,teaches,교수와 교육과정(교과목)과 관계
5082,Professor,Prof264,○○○,Course,Cour0997,테마중국기행,teaches,교수와 교육과정(교과목)과 관계
5083,Professor,Prof265,○○○,Course,Cour0963,중국어회화,teaches,교수와 교육과정(교과목)과 관계
5084,Professor,Prof265,○○○,Course,Cour0966,기초중국어회화,teaches,교수와 교육과정(교과목)과 관계
5085,Professor,Prof265,○○○,Course,Cour0970,중국어작문,teaches,교수와 교육과정(교과목)과 관계
5086,Professor,Prof265,○○○,Course,Cour0974,중급중국어회화,teaches,교수와 교육과정(교과목)과 관계
5087,Professor,Prof265,○○○,Course,Cour0984,초급중국어회화,teaches,교수와 교육과정(교과목)과 관계
5088,Professor,Prof265,○○○,Course,Cour0985,고급중국어,teaches,교수와 교육과정(교과목)과 관계
5089,Professor,Prof265,○○○,Course,Cour0987,고급중국어회화,teaches,교수와 교육과정(교과목)과 관계
5090,Professor,Prof266,○○○,Course,Cour0964,중국문화산책,teaches,교수와 교육과정(교과목)과 관계
5091,Professor,Prof266,○○○,Course,Cour0973,중급중국어,teaches,교수와 교육과정(교과목)과 관계
5092,Professor,Prof266,○○○,Course,Cour0979,미디어로보는중국,teaches,교수와 교육과정(교과목)과 관계
5093,Professor,Prof266,○○○,Course,Cour0982,초급중국어,teaches,교수와 교육과정(교과목)과 관계
5094,Professor,Prof296,○○○,Course,Cour3278,초급중국어Ⅰ(발음원리편),teaches,교수와 교육과정(교과목)과 관계
5095,Professor,Prof296,○○○,Course,Cour3281,초급중국어Ⅱ(문장원리편),teaches,교수와 교육과정(교과목)과 관계
5096,Professor,Prof296,○○○,Course,Cour3284,중국어어법Ⅰ,teaches,교수와 교육과정(교과목)과 관계
5097,Professor,Prof296,○○○,Course,Cour3288,중국의교통,teaches,교수와 교육과정(교과목)과 관계
5098,Professor,Prof296,○○○,Course,Cour3294,중국어어법Ⅱ,teaches,교수와 교육과정(교과목)과 관계
5099,Professor,Prof296,○○○,Course,Cour3304,중국어듣기연습,teaches,교수와 교육과정(교과목)과 관계
5100,Professor,Prof296,○○○,Course,Cour3316,교통중국어,teaches,교수와 교육과정(교과목)과 관계
5101,Professor,Prof296,○○○,Course,Cour3322,중국어학특강,teaches,교수와 교육과정(교과목)과 관계
5102,Professor,Prof298,○○○,Course,Cour3277,기초중국어회화Ⅰ,teaches,교수와 교육과정(교과목)과 관계
5103,Professor,Prof298,○○○,Course,Cour3280,기초중국어회화Ⅱ,teaches,교수와 교육과정(교과목)과 관계
5104,Professor,Prof298,○○○,Course,Cour3285,실전HSKⅠ,teaches,교수와 교육과정(교과목)과 관계
5105,Professor,Prof298,○○○,Course,Cour3292,실전HSKⅡ,teaches,교수와 교육과정(교과목)과 관계
5106,Professor,Prof298,○○○,Course,Cour3296,인터넷중국어,teaches,교수와 교육과정(교과목)과 관계
5107,Professor,Prof298,○○○,Course,Cour3298,고급중국어강독Ⅰ,teaches,교수와 교육과정(교과목)과 관계
5108,Professor,Prof298,○○○,Course,Cour3307,고급중국어강독Ⅱ,teaches,교수와 교육과정(교과목)과 관계
5109,Professor,Prof299,○○○,Course,Cour3288,중국의교통,teaches,교수와 교육과정(교과목)과 관계
5110,Professor,Prof299,○○○,Course,Cour3295,현대중국의이해,teaches,교수와 교육과정(교과목)과 관계
5111,Professor,Prof299,○○○,Course,Cour3303,현대중국의정치,teaches,교수와 교육과정(교과목)과 관계
5112,Professor,Prof299,○○○,Course,Cour3305,현대중국의경제,teaches,교수와 교육과정(교과목)과 관계
5113,Professor,Prof299,○○○,Course,Cour3312,비즈니스중국어,teaches,교수와 교육과정(교과목)과 관계
5114,Professor,Prof299,○○○,Course,Cour3321,중국경제사,teaches,교수와 교육과정(교과목)과 관계
5115,Professor,Prof300,○○○,Course,Cour3286,중국어강독Ⅰ,teaches,교수와 교육과정(교과목)과 관계
5116,Professor,Prof300,○○○,Course,Cour3293,중국어강독Ⅱ,teaches,교수와 교육과정(교과목)과 관계
5117,Professor,Prof300,○○○,Course,Cour3300,중국어어휘연습,teaches,교수와 교육과정(교과목)과 관계
5118,Professor,Prof300,○○○,Course,Cour3308,시사중국어,teaches,교수와 교육과정(교과목)과 관계
5119,Professor,Prof300,○○○,Course,Cour3319,응용중국어,teaches,교수와 교육과정(교과목)과 관계
5120,Professor,Prof301,○○○,Course,Cour3283,중국어회화Ⅰ,teaches,교수와 교육과정(교과목)과 관계
5121,Professor,Prof301,○○○,Course,Cour3290,중국어회화Ⅱ,teaches,교수와 교육과정(교과목)과 관계
5122,Professor,Prof301,○○○,Course,Cour3299,실전중국어회화,teaches,교수와 교육과정(교과목)과 관계
5123,Professor,Prof301,○○○,Course,Cour3306,중국어고급회화,teaches,교수와 교육과정(교과목)과 관계
5124,Professor,Prof301,○○○,Course,Cour3313,실용중국어회화Ⅰ,teaches,교수와 교육과정(교과목)과 관계
5125,Professor,Prof301,○○○,Course,Cour3318,실용중국어회화Ⅱ,teaches,교수와 교육과정(교과목)과 관계
5126,Professor,Prof302,○○○,Course,Cour3279,영화로보는현대중국,teaches,교수와 교육과정(교과목)과 관계
5127,Professor,Prof302,○○○,Course,Cour3282,여행으로배우는중국문화,teaches,교수와 교육과정(교과목)과 관계
5128,Professor,Prof302,○○○,Course,Cour3308,시사중국어,teaches,교수와 교육과정(교과목)과 관계
5129,Professor,Prof315,○○○,Course,Cour0672,중국문화정보정독,teaches,교수와 교육과정(교과목)과 관계
5130,Professor,Prof315,○○○,Course,Cour0687,중국문화지리개설,teaches,교수와 교육과정(교과목)과 관계
5131,Professor,Prof315,○○○,Course,Cour0688,중국음식문화,teaches,교수와 교육과정(교과목)과 관계
5132,Professor,Prof315,○○○,Course,Cour0695,중국고급정보정독,teaches,교수와 교육과정(교과목)과 관계
5133,Professor,Prof317,○○○,Course,Cour0681,중국어로배우는경제학기초,teaches,교수와 교육과정(교과목)과 관계
5134,Professor,Prof317,○○○,Course,Cour0691,커리어비전세미나Ⅰ,teaches,교수와 교육과정(교과목)과 관계
5135,Professor,Prof317,○○○,Course,Cour0692,중국경제론,teaches,교수와 교육과정(교과목)과 관계
5136,Professor,Prof317,○○○,Course,Cour0699,커리어비전세미나Ⅱ,teaches,교수와 교육과정(교과목)과 관계
5137,Professor,Prof317,○○○,Course,Cour0711,글로벌시대의중국경제이슈,teaches,교수와 교육과정(교과목)과 관계
5138,Professor,Prof318,○○○,Course,Cour0678,중급중국어회화Ⅱ,teaches,교수와 교육과정(교과목)과 관계
5139,Professor,Prof318,○○○,Course,Cour0679,한중크림슨메이트,teaches,교수와 교육과정(교과목)과 관계
5140,Professor,Prof318,○○○,Course,Cour0690,중국시사읽기,teaches,교수와 교육과정(교과목)과 관계
5141,Professor,Prof318,○○○,Course,Cour0698,중국어번역연습,teaches,교수와 교육과정(교과목)과 관계
5142,Professor,Prof318,○○○,Course,Cour0705,중국어프리젠테이션연습,teaches,교수와 교육과정(교과목)과 관계
5143,Professor,Prof323,○○○,Course,Cour0900,중국어학개론,teaches,교수와 교육과정(교과목)과 관계
5144,Professor,Prof323,○○○,Course,Cour0908,중국언어문화강독,teaches,교수와 교육과정(교과목)과 관계
5145,Professor,Prof323,○○○,Course,Cour0924,중국언어문자학특강,teaches,교수와 교육과정(교과목)과 관계
5146,Professor,Prof324,○○○,Course,Cour0892,중국어입문,teaches,교수와 교육과정(교과목)과 관계
5147,Professor,Prof324,○○○,Course,Cour0897,현대중국어문법,teaches,교수와 교육과정(교과목)과 관계
5148,Professor,Prof324,○○○,Course,Cour0922,고전중국어문법,teaches,교수와 교육과정(교과목)과 관계
5149,Professor,Prof325,○○○,Course,Cour0892,중국어입문,teaches,교수와 교육과정(교과목)과 관계
5150,Professor,Prof325,○○○,Course,Cour0894,현대중국의사회와문화,teaches,교수와 교육과정(교과목)과 관계
5151,Professor,Prof325,○○○,Course,Cour0896,중국문학개론,teaches,교수와 교육과정(교과목)과 관계
5152,Professor,Prof325,○○○,Course,Cour0925,미디어와중국대중문화,teaches,교수와 교육과정(교과목)과 관계
5153,Professor,Prof325,○○○,Course,Cour0929,AI시대중국학,teaches,교수와 교육과정(교과목)과 관계
5154,Professor,Prof326,○○○,Course,Cour0893,중국의이해,teaches,교수와 교육과정(교과목)과 관계
5155,Professor,Prof326,○○○,Course,Cour0912,삶과철학중국어강독,teaches,교수와 교육과정(교과목)과 관계
5156,Professor,Prof326,○○○,Course,Cour0913,취창업·진로세미나Ⅰ,teaches,교수와 교육과정(교과목)과 관계
5157,Professor,Prof326,○○○,Course,Cour0914,중국역사와문명교류,teaches,교수와 교육과정(교과목)과 관계
5158,Professor,Prof326,○○○,Course,Cour0921,취창업·진로세미나Ⅱ,teaches,교수와 교육과정(교과목)과 관계
5159,Professor,Prof326,○○○,Course,Cour0923,중국문학과스토리텔링,teaches,교수와 교육과정(교과목)과 관계
5160,Professor,Prof326,○○○,Course,Cour0928,중국역사문헌강독,teaches,교수와 교육과정(교과목)과 관계
5161,Professor,Prof327,○○○,Course,Cour0899,실용중국어회화,teaches,교수와 교육과정(교과목)과 관계
5162,Professor,Prof327,○○○,Course,Cour0903,테마중국어작문,teaches,교수와 교육과정(교과목)과 관계
5163,Professor,Prof327,○○○,Course,Cour0909,고급중국어회화작문,teaches,교수와 교육과정(교과목)과 관계
5164,Professor,Prof327,○○○,Course,Cour0918,심화중국어회화작문,teaches,교수와 교육과정(교과목)과 관계
5165,Professor,Prof327,○○○,Course,Cour0927,중국어권사회와문화,teaches,교수와 교육과정(교과목)과 관계
5166,Professor,Prof328,○○○,Course,Cour0899,실용중국어회화,teaches,교수와 교육과정(교과목)과 관계
5167,Professor,Prof328,○○○,Course,Cour0904,테마중국어회화,teaches,교수와 교육과정(교과목)과 관계
5168,Professor,Prof328,○○○,Course,Cour0918,심화중국어회화작문,teaches,교수와 교육과정(교과목)과 관계
5169,Professor,Prof332,○○○,Course,Cour1911,중국과세계,teaches,교수와 교육과정(교과목)과 관계
5170,Professor,Prof332,○○○,Course,Cour1926,중국의경제정책,teaches,교수와 교육과정(교과목)과 관계
5171,Professor,Prof334,○○○,Course,Cour1916,중국어회화Ⅱ,teaches,교수와 교육과정(교과목)과 관계
5172,Professor,Prof334,○○○,Course,Cour1918,HSK연습,teaches,교수와 교육과정(교과목)과 관계
5173,Professor,Prof334,○○○,Course,Cour1927,중국어회화Ⅰ,teaches,교수와 교육과정(교과목)과 관계
5174,Professor,Prof334,○○○,Course,Cour1928,중국어회화Ⅲ,teaches,교수와 교육과정(교과목)과 관계
5175,Professor,Prof334,○○○,Course,Cour1929,중국어작문연습,teaches,교수와 교육과정(교과목)과 관계
5176,Professor,Prof335,○○○,Course,Cour1912,중국지역톺아보기,teaches,교수와 교육과정(교과목)과 관계
5177,Professor,Prof335,○○○,Course,Cour1915,중국사회와문화,teaches,교수와 교육과정(교과목)과 관계
5178,Professor,Prof335,○○○,Course,Cour1923,중국사회사정,teaches,교수와 교육과정(교과목)과 관계
5179,Professor,Prof346,○○○,Course,Cour3987,중국어강독Ⅰ,teaches,교수와 교육과정(교과목)과 관계
5180,Professor,Prof346,○○○,Course,Cour3988,중국어강독Ⅱ,teaches,교수와 교육과정(교과목)과 관계
5181,Professor,Prof346,○○○,Course,Cour4005,중국어교과교육론,teaches,교수와 교육과정(교과목)과 관계
5182,Professor,Prof346,○○○,Course,Cour4008,중국어교재연구및지도법,teaches,교수와 교육과정(교과목)과 관계
5183,Professor,Prof347,○○○,Course,Cour3999,중국어작문,teaches,교수와 교육과정(교과목)과 관계
5184,Professor,Prof347,○○○,Course,Cour4000,중국어학개론,teaches,교수와 교육과정(교과목)과 관계
5185,Professor,Prof347,○○○,Course,Cour4009,중국어논리및논술,teaches,교수와 교육과정(교과목)과 관계
5186,Professor,Prof348,○○○,Course,Cour3995,중국고전문학,teaches,교수와 교육과정(교과목)과 관계
5187,Professor,Prof348,○○○,Course,Cour4006,중국어교육사상사,teaches,교수와 교육과정(교과목)과 관계
5188,Professor,Prof349,○○○,Course,Cour3994,초급중국어회화Ⅱ,teaches,교수와 교육과정(교과목)과 관계
5189,Professor,Prof349,○○○,Course,Cour4010,중국어듣기및말하기지도법,teaches,교수와 교육과정(교과목)과 관계
5190,Professor,Prof357,○○○,Course,Cour1409,중국어강독Ⅰ,teaches,교수와 교육과정(교과목)과 관계
5191,Professor,Prof357,○○○,Course,Cour1414,진로탐색,teaches,교수와 교육과정(교과목)과 관계
5192,Professor,Prof357,○○○,Course,Cour1415,중국어발음과어휘,teaches,교수와 교육과정(교과목)과 관계
5193,Professor,Prof357,○○○,Course,Cour1421,진로설정,teaches,교수와 교육과정(교과목)과 관계
5194,Professor,Prof357,○○○,Course,Cour1424,중국지역문화여행,teaches,교수와 교육과정(교과목)과 관계
5195,Professor,Prof357,○○○,Course,Cour1429,중국문학과문화,teaches,교수와 교육과정(교과목)과 관계
5196,Professor,Prof357,○○○,Course,Cour1433,취업커뮤니티Ⅰ,teaches,교수와 교육과정(교과목)과 관계
5197,Professor,Prof357,○○○,Course,Cour1437,취업커뮤니티Ⅱ,teaches,교수와 교육과정(교과목)과 관계
5198,Professor,Prof357,○○○,Course,Cour1438,중국어강독Ⅰ,teaches,교수와 교육과정(교과목)과 관계
5199,Professor,Prof357,○○○,Course,Cour1443,중국어발음과어휘,teaches,교수와 교육과정(교과목)과 관계
5200,Professor,Prof358,○○○,Course,Cour1441,현대중국경제의이해,teaches,교수와 교육과정(교과목)과 관계
5201,Professor,Prof358,○○○,Course,Cour1450,중국통상의이해,teaches,교수와 교육과정(교과목)과 관계
5202,Professor,Prof358,○○○,Course,Cour1453,중국지리의이해,teaches,교수와 교육과정(교과목)과 관계
5203,Professor,Prof358,○○○,Course,Cour1459,한중경제론,teaches,교수와 교육과정(교과목)과 관계
5204,Professor,Prof359,○○○,Course,Cour1440,중국사회의이해,teaches,교수와 교육과정(교과목)과 관계
5205,Professor,Prof359,○○○,Course,Cour1444,중국역사의이해,teaches,교수와 교육과정(교과목)과 관계
5206,Professor,Prof359,○○○,Course,Cour1448,현대중국정치의이해,teaches,교수와 교육과정(교과목)과 관계
5207,Professor,Prof359,○○○,Course,Cour1452,취업커뮤니티Ⅰ,teaches,교수와 교육과정(교과목)과 관계
5208,Professor,Prof359,○○○,Course,Cour1455,한중문화산업,teaches,교수와 교육과정(교과목)과 관계
5209,Professor,Prof359,○○○,Course,Cour1461,취업커뮤니티Ⅱ,teaches,교수와 교육과정(교과목)과 관계
5210,Professor,Prof360,○○○,Course,Cour1411,중국어기초문법과작문,teaches,교수와 교육과정(교과목)과 관계
5211,Professor,Prof360,○○○,Course,Cour1413,중국어-한국어TandemⅠ,teaches,교수와 교육과정(교과목)과 관계
5212,Professor,Prof360,○○○,Course,Cour1414,진로탐색,teaches,교수와 교육과정(교과목)과 관계
5213,Professor,Prof360,○○○,Course,Cour1420,중국어-한국어TandemⅡ,teaches,교수와 교육과정(교과목)과 관계
5214,Professor,Prof360,○○○,Course,Cour1421,진로설정,teaches,교수와 교육과정(교과목)과 관계
5215,Professor,Prof360,○○○,Course,Cour1432,중국어교과교재연구및지도법,teaches,교수와 교육과정(교과목)과 관계
5216,Professor,Prof360,○○○,Course,Cour1433,취업커뮤니티Ⅰ,teaches,교수와 교육과정(교과목)과 관계
5217,Professor,Prof360,○○○,Course,Cour1435,중국어교과논리및논술,teaches,교수와 교육과정(교과목)과 관계
5218,Professor,Prof360,○○○,Course,Cour1436,중국어콘텐츠AI번역(캡스톤디자인),teaches,교수와 교육과정(교과목)과 관계
5219,Professor,Prof360,○○○,Course,Cour1437,취업커뮤니티Ⅱ,teaches,교수와 교육과정(교과목)과 관계
5220,Professor,Prof361,○○○,Course,Cour1410,중국어회화Ⅰ,teaches,교수와 교육과정(교과목)과 관계
5221,Professor,Prof361,○○○,Course,Cour1414,진로탐색,teaches,교수와 교육과정(교과목)과 관계
5222,Professor,Prof361,○○○,Course,Cour1415,중국어발음과어휘,teaches,교수와 교육과정(교과목)과 관계
5223,Professor,Prof361,○○○,Course,Cour1416,중국어강독Ⅱ,teaches,교수와 교육과정(교과목)과 관계
5224,Professor,Prof361,○○○,Course,Cour1417,중국한자의이해,teaches,교수와 교육과정(교과목)과 관계
5225,Professor,Prof361,○○○,Course,Cour1421,진로설정,teaches,교수와 교육과정(교과목)과 관계
5226,Professor,Prof361,○○○,Course,Cour1423,현대중국어의이해,teaches,교수와 교육과정(교과목)과 관계
5227,Professor,Prof361,○○○,Course,Cour1425,영상중국어번역,teaches,교수와 교육과정(교과목)과 관계
5228,Professor,Prof361,○○○,Course,Cour1427,중국어교과교육론,teaches,교수와 교육과정(교과목)과 관계
5229,Professor,Prof361,○○○,Course,Cour1430,인터뷰중국어통역연습,teaches,교수와 교육과정(교과목)과 관계
5230,Professor,Prof361,○○○,Course,Cour1433,취업커뮤니티Ⅰ,teaches,교수와 교육과정(교과목)과 관계
5231,Professor,Prof361,○○○,Course,Cour1437,취업커뮤니티Ⅱ,teaches,교수와 교육과정(교과목)과 관계
5232,Professor,Prof361,○○○,Course,Cour1439,중국어회화Ⅰ,teaches,교수와 교육과정(교과목)과 관계
5233,Professor,Prof361,○○○,Course,Cour1443,중국어발음과어휘,teaches,교수와 교육과정(교과목)과 관계
5234,Professor,Prof362,○○○,Course,Cour1412,영화로배우는중국문화,teaches,교수와 교육과정(교과목)과 관계
5235,Professor,Prof362,○○○,Course,Cour1415,중국어발음과어휘,teaches,교수와 교육과정(교과목)과 관계
5236,Professor,Prof362,○○○,Course,Cour1416,중국어강독Ⅱ,teaches,교수와 교육과정(교과목)과 관계
5237,Professor,Prof362,○○○,Course,Cour1443,중국어발음과어휘,teaches,교수와 교육과정(교과목)과 관계
5238,Professor,Prof363,○○○,Course,Cour1410,중국어회화Ⅰ,teaches,교수와 교육과정(교과목)과 관계
5239,Professor,Prof363,○○○,Course,Cour1415,중국어발음과어휘,teaches,교수와 교육과정(교과목)과 관계
5240,Professor,Prof363,○○○,Course,Cour1439,중국어회화Ⅰ,teaches,교수와 교육과정(교과목)과 관계
5241,Professor,Prof363,○○○,Course,Cour1442,진로탐색,teaches,교수와 교육과정(교과목)과 관계
5242,Professor,Prof363,○○○,Course,Cour1443,중국어발음과어휘,teaches,교수와 교육과정(교과목)과 관계
5243,Professor,Prof363,○○○,Course,Cour1446,중국디지털문화의이해,teaches,교수와 교육과정(교과목)과 관계
5244,Professor,Prof363,○○○,Course,Cour1447,진로설정,teaches,교수와 교육과정(교과목)과 관계
5245,Professor,Prof363,○○○,Course,Cour1458,중국어PPT기법,teaches,교수와 교육과정(교과목)과 관계
5246,Professor,Prof363,○○○,Course,Cour1460,캡스톤디자인Ⅰ,teaches,교수와 교육과정(교과목)과 관계
5247,Professor,Prof364,○○○,Course,Cour1409,중국어강독Ⅰ,teaches,교수와 교육과정(교과목)과 관계
5248,Professor,Prof364,○○○,Course,Cour1414,진로탐색,teaches,교수와 교육과정(교과목)과 관계
5249,Professor,Prof364,○○○,Course,Cour1416,중국어강독Ⅱ,teaches,교수와 교육과정(교과목)과 관계
5250,Professor,Prof364,○○○,Course,Cour1421,진로설정,teaches,교수와 교육과정(교과목)과 관계
5251,Professor,Prof364,○○○,Course,Cour1423,현대중국어의이해,teaches,교수와 교육과정(교과목)과 관계
5252,Professor,Prof364,○○○,Course,Cour1428,중국어듣고쓰기,teaches,교수와 교육과정(교과목)과 관계
5253,Professor,Prof364,○○○,Course,Cour1433,취업커뮤니티Ⅰ,teaches,교수와 교육과정(교과목)과 관계
5254,Professor,Prof364,○○○,Course,Cour1437,취업커뮤니티Ⅱ,teaches,교수와 교육과정(교과목)과 관계
5255,Professor,Prof364,○○○,Course,Cour1438,중국어강독Ⅰ,teaches,교수와 교육과정(교과목)과 관계
5256,Professor,Prof365,○○○,Course,Cour1409,중국어강독Ⅰ,teaches,교수와 교육과정(교과목)과 관계
5257,Professor,Prof365,○○○,Course,Cour1410,중국어회화Ⅰ,teaches,교수와 교육과정(교과목)과 관계
5258,Professor,Prof365,○○○,Course,Cour1415,중국어발음과어휘,teaches,교수와 교육과정(교과목)과 관계
5259,Professor,Prof365,○○○,Course,Cour1438,중국어강독Ⅰ,teaches,교수와 교육과정(교과목)과 관계
5260,Professor,Prof365,○○○,Course,Cour1439,중국어회화Ⅰ,teaches,교수와 교육과정(교과목)과 관계
5261,Professor,Prof365,○○○,Course,Cour1443,중국어발음과어휘,teaches,교수와 교육과정(교과목)과 관계
5262,Professor,Prof365,○○○,Course,Cour1445,중국어비즈니스문서작성,teaches,교수와 교육과정(교과목)과 관계
5263,Professor,Prof365,○○○,Course,Cour1449,실용마케팅중국어,teaches,교수와 교육과정(교과목)과 관계
5264,Professor,Prof365,○○○,Course,Cour1454,실용비즈니스중국어,teaches,교수와 교육과정(교과목)과 관계
5265,Professor,Prof366,○○○,Course,Cour1410,중국어회화Ⅰ,teaches,교수와 교육과정(교과목)과 관계
5266,Professor,Prof366,○○○,Course,Cour1419,HSK중국어,teaches,교수와 교육과정(교과목)과 관계
5267,Professor,Prof366,○○○,Course,Cour1422,중국어회화Ⅱ,teaches,교수와 교육과정(교과목)과 관계
5268,Professor,Prof366,○○○,Course,Cour1434,이슈로읽는중국어,teaches,교수와 교육과정(교과목)과 관계
5269,Professor,Prof366,○○○,Course,Cour1439,중국어회화Ⅰ,teaches,교수와 교육과정(교과목)과 관계
5270,Professor,Prof367,○○○,Course,Cour1409,중국어강독Ⅰ,teaches,교수와 교육과정(교과목)과 관계
5271,Professor,Prof367,○○○,Course,Cour1415,중국어발음과어휘,teaches,교수와 교육과정(교과목)과 관계
5272,Professor,Prof367,○○○,Course,Cour1438,중국어강독Ⅰ,teaches,교수와 교육과정(교과목)과 관계
5273,Professor,Prof367,○○○,Course,Cour1443,중국어발음과어휘,teaches,교수와 교육과정(교과목)과 관계
5274,Professor,Prof367,○○○,Course,Cour1451,중국어E-비즈니스실무,teaches,교수와 교육과정(교과목)과 관계
5275,Professor,Prof367,○○○,Course,Cour1456,중국SNS플랫폼,teaches,교수와 교육과정(교과목)과 관계
5276,Professor,Prof367,○○○,Course,Cour1457,ITT비즈니스중국어,teaches,교수와 교육과정(교과목)과 관계
5277,Professor,Prof368,○○○,Course,Cour1409,중국어강독Ⅰ,teaches,교수와 교육과정(교과목)과 관계
5278,Professor,Prof368,○○○,Course,Cour1411,중국어기초문법과작문,teaches,교수와 교육과정(교과목)과 관계
5279,Professor,Prof368,○○○,Course,Cour1413,중국어-한국어TandemⅠ,teaches,교수와 교육과정(교과목)과 관계
5280,Professor,Prof368,○○○,Course,Cour1415,중국어발음과어휘,teaches,교수와 교육과정(교과목)과 관계
5281,Professor,Prof368,○○○,Course,Cour1418,중국언어문화실습,teaches,교수와 교육과정(교과목)과 관계
5282,Professor,Prof368,○○○,Course,Cour1420,중국어-한국어TandemⅡ,teaches,교수와 교육과정(교과목)과 관계
5283,Professor,Prof368,○○○,Course,Cour1436,중국어콘텐츠AI번역(캡스톤디자인),teaches,교수와 교육과정(교과목)과 관계
5284,Professor,Prof368,○○○,Course,Cour1438,중국어강독Ⅰ,teaches,교수와 교육과정(교과목)과 관계
5285,Professor,Prof368,○○○,Course,Cour1443,중국어발음과어휘,teaches,교수와 교육과정(교과목)과 관계
5286,Professor,Prof375,○○○,Course,Cour2964,한문강독Ⅰ,teaches,교수와 교육과정(교과목)과 관계
5287,Professor,Prof376,○○○,Course,Cour2945,"신입생세미나(나의삶,나의진로)",teaches,교수와 교육과정(교과목)과 관계
5288,Professor,Prof376,○○○,Course,Cour2947,중국어리스닝실습Ⅰ,teaches,교수와 교육과정(교과목)과 관계
5289,Professor,Prof376,○○○,Course,Cour2949,중국어초급회화Ⅰ,teaches,교수와 교육과정(교과목)과 관계
5290,Professor,Prof376,○○○,Course,Cour2954,중국어리스닝실습Ⅱ,teaches,교수와 교육과정(교과목)과 관계
5291,Professor,Prof376,○○○,Course,Cour2957,중국어초급회화Ⅱ,teaches,교수와 교육과정(교과목)과 관계
5292,Professor,Prof376,○○○,Course,Cour2962,중국어청취와통역연습Ⅰ,teaches,교수와 교육과정(교과목)과 관계
5293,Professor,Prof376,○○○,Course,Cour2970,중국어청취와통역연습Ⅱ,teaches,교수와 교육과정(교과목)과 관계
5294,Professor,Prof376,○○○,Course,Cour2979,중국고전문학이야기,teaches,교수와 교육과정(교과목)과 관계
5295,Professor,Prof376,○○○,Course,Cour2987,중국현대문학이야기,teaches,교수와 교육과정(교과목)과 관계
5296,Professor,Prof376,○○○,Course,Cour2994,취업지도,teaches,교수와 교육과정(교과목)과 관계
5297,Professor,Prof376,○○○,Course,Cour2997,취업지도,teaches,교수와 교육과정(교과목)과 관계
5298,Professor,Prof377,○○○,Course,Cour2945,"신입생세미나(나의삶,나의진로)",teaches,교수와 교육과정(교과목)과 관계
5299,Professor,Prof377,○○○,Course,Cour2946,중국문화의이해,teaches,교수와 교육과정(교과목)과 관계
5300,Professor,Prof377,○○○,Course,Cour2949,중국어초급회화Ⅰ,teaches,교수와 교육과정(교과목)과 관계
5301,Professor,Prof377,○○○,Course,Cour2957,중국어초급회화Ⅱ,teaches,교수와 교육과정(교과목)과 관계
5302,Professor,Prof377,○○○,Course,Cour2963,중국지역탐구,teaches,교수와 교육과정(교과목)과 관계
5303,Professor,Prof377,○○○,Course,Cour2969,시청각중국어,teaches,교수와 교육과정(교과목)과 관계
5304,Professor,Prof377,○○○,Course,Cour2980,중국대중문화의이해,teaches,교수와 교육과정(교과목)과 관계
5305,Professor,Prof377,○○○,Course,Cour2986,중국시사와문화,teaches,교수와 교육과정(교과목)과 관계
5306,Professor,Prof377,○○○,Course,Cour2988,현대중국사회와영상,teaches,교수와 교육과정(교과목)과 관계
5307,Professor,Prof378,○○○,Course,Cour2948,중국어초급독해,teaches,교수와 교육과정(교과목)과 관계
5308,Professor,Prof378,○○○,Course,Cour2949,중국어초급회화Ⅰ,teaches,교수와 교육과정(교과목)과 관계
5309,Professor,Prof378,○○○,Course,Cour2955,중국어중급독해,teaches,교수와 교육과정(교과목)과 관계
5310,Professor,Prof378,○○○,Course,Cour2957,중국어초급회화Ⅱ,teaches,교수와 교육과정(교과목)과 관계
5311,Professor,Prof378,○○○,Course,Cour2971,한문강독Ⅱ,teaches,교수와 교육과정(교과목)과 관계
5312,Professor,Prof398,○○○,Course,Cour0521,현대중국의이해,teaches,교수와 교육과정(교과목)과 관계
5313,Professor,Prof398,○○○,Course,Cour0537,현대중국사회의이해,teaches,교수와 교육과정(교과목)과 관계
5314,Professor,Prof398,○○○,Course,Cour0553,중국사회정책,teaches,교수와 교육과정(교과목)과 관계
5315,Professor,Prof399,○○○,Course,Cour0522,대학생활과진로설계,teaches,교수와 교육과정(교과목)과 관계
5316,Professor,Prof399,○○○,Course,Cour0529,중국현대경제론,teaches,교수와 교육과정(교과목)과 관계
5317,Professor,Prof399,○○○,Course,Cour0538,중국경영전략,teaches,교수와 교육과정(교과목)과 관계
5318,Professor,Prof399,○○○,Course,Cour0547,중국무역론,teaches,교수와 교육과정(교과목)과 관계
5319,Professor,Prof399,○○○,Course,Cour0564,해외지역학세미나,teaches,교수와 교육과정(교과목)과 관계
5320,Professor,Prof400,○○○,Course,Cour0524,기초중국어Ⅰ,teaches,교수와 교육과정(교과목)과 관계
5321,Professor,Prof400,○○○,Course,Cour0526,기초중국어Ⅱ,teaches,교수와 교육과정(교과목)과 관계
5322,Professor,Prof400,○○○,Course,Cour0531,한자와중국어,teaches,교수와 교육과정(교과목)과 관계
5323,Professor,Prof400,○○○,Course,Cour0563,현대중국문화의이해,teaches,교수와 교육과정(교과목)과 관계
5324,Professor,Prof400,○○○,Course,Cour0568,중국어교재연구및지도법,teaches,교수와 교육과정(교과목)과 관계
5325,Professor,Prof401,○○○,Course,Cour0524,기초중국어Ⅰ,teaches,교수와 교육과정(교과목)과 관계
5326,Professor,Prof401,○○○,Course,Cour0526,기초중국어Ⅱ,teaches,교수와 교육과정(교과목)과 관계
5327,Professor,Prof401,○○○,Course,Cour0527,기초중국어작문,teaches,교수와 교육과정(교과목)과 관계
5328,Professor,Prof401,○○○,Course,Cour0560,고급중국어독해Ⅱ,teaches,교수와 교육과정(교과목)과 관계
5329,Professor,Prof401,○○○,Course,Cour0569,중국현대문학강독,teaches,교수와 교육과정(교과목)과 관계
5330,Professor,Prof402,○○○,Course,Cour0530,중급중국어회화Ⅰ,teaches,교수와 교육과정(교과목)과 관계
5331,Professor,Prof402,○○○,Course,Cour0536,중급중국어회화Ⅱ,teaches,교수와 교육과정(교과목)과 관계
5332,Professor,Prof402,○○○,Course,Cour0556,고급중국어회화Ⅰ,teaches,교수와 교육과정(교과목)과 관계
5333,Professor,Prof402,○○○,Course,Cour0558,고급중국어회화Ⅱ,teaches,교수와 교육과정(교과목)과 관계
5334,Professor,Prof402,○○○,Course,Cour0571,당대중국사회세미나(원어강의),teaches,교수와 교육과정(교과목)과 관계
5335,Professor,Prof402,○○○,Course,Cour0575,외국어논리및논술,teaches,교수와 교육과정(교과목)과 관계
5336,Professor,Prof402,○○○,Course,Cour0581,비즈니스중국어,teaches,교수와 교육과정(교과목)과 관계
5337,Professor,Prof403,○○○,Course,Cour2507,중국경제입문,teaches,교수와 교육과정(교과목)과 관계
5338,Professor,Prof403,○○○,Course,Cour2520,미중관계입문,teaches,교수와 교육과정(교과목)과 관계
5339,Professor,Prof403,○○○,Course,Cour2526,중국지역시장여행,teaches,교수와 교육과정(교과목)과 관계
5340,Professor,Prof403,○○○,Course,Cour2529,중국이슈탐구,teaches,교수와 교육과정(교과목)과 관계
5341,Professor,Prof404,○○○,Course,Cour2506,실용중국어회화초급,teaches,교수와 교육과정(교과목)과 관계
5342,Professor,Prof404,○○○,Course,Cour2510,실용중국어회화중급,teaches,교수와 교육과정(교과목)과 관계
5343,Professor,Prof404,○○○,Course,Cour2512,중국문학입문,teaches,교수와 교육과정(교과목)과 관계
5344,Professor,Prof404,○○○,Course,Cour2516,중국어문법,teaches,교수와 교육과정(교과목)과 관계
5345,Professor,Prof404,○○○,Course,Cour2519,중국어시사토론,teaches,교수와 교육과정(교과목)과 관계
5346,Professor,Prof404,○○○,Course,Cour2528,중한통번역실습(캡스톤디자인),teaches,교수와 교육과정(교과목)과 관계
5347,Professor,Prof405,○○○,Course,Cour2506,실용중국어회화초급,teaches,교수와 교육과정(교과목)과 관계
5348,Professor,Prof405,○○○,Course,Cour2508,중국문화의이해,teaches,교수와 교육과정(교과목)과 관계
5349,Professor,Prof405,○○○,Course,Cour2510,실용중국어회화중급,teaches,교수와 교육과정(교과목)과 관계
5350,Professor,Prof405,○○○,Course,Cour2513,실용중국어회화고급,teaches,교수와 교육과정(교과목)과 관계
5351,Professor,Prof405,○○○,Course,Cour2514,중국어듣기,teaches,교수와 교육과정(교과목)과 관계
5352,Professor,Prof405,○○○,Course,Cour2517,중국어프리젠테이션,teaches,교수와 교육과정(교과목)과 관계
5353,Professor,Prof405,○○○,Course,Cour2521,비즈니스중국어,teaches,교수와 교육과정(교과목)과 관계
5354,Professor,Prof405,○○○,Course,Cour2525,중국어작문,teaches,교수와 교육과정(교과목)과 관계
5355,Professor,Prof414,○○○,Course,Cour0846,중국문학개론,teaches,교수와 교육과정(교과목)과 관계
5356,Professor,Prof414,○○○,Course,Cour0853,현장실습Ⅰ,teaches,교수와 교육과정(교과목)과 관계
5357,Professor,Prof414,○○○,Course,Cour0861,현장실습Ⅲ,teaches,교수와 교육과정(교과목)과 관계
5358,Professor,Prof414,○○○,Course,Cour0862,캡스톤디자인Ⅰ,teaches,교수와 교육과정(교과목)과 관계
5359,Professor,Prof414,○○○,Course,Cour0863,현장종합실습Ⅰ,teaches,교수와 교육과정(교과목)과 관계
5360,Professor,Prof414,○○○,Course,Cour0878,현장실습Ⅱ,teaches,교수와 교육과정(교과목)과 관계
5361,Professor,Prof414,○○○,Course,Cour0885,현장실습Ⅳ,teaches,교수와 교육과정(교과목)과 관계
5362,Professor,Prof414,○○○,Course,Cour0887,캡스톤디자인Ⅱ,teaches,교수와 교육과정(교과목)과 관계
5363,Professor,Prof414,○○○,Course,Cour0888,현장종합실습Ⅱ,teaches,교수와 교육과정(교과목)과 관계
5364,Professor,Prof415,○○○,Course,Cour0852,현대중국의이해,teaches,교수와 교육과정(교과목)과 관계
5365,Professor,Prof415,○○○,Course,Cour0865,현대중국대중문화,teaches,교수와 교육과정(교과목)과 관계
5366,Professor,Prof415,○○○,Course,Cour0880,중국현대소설과영화,teaches,교수와 교육과정(교과목)과 관계
5367,Professor,Prof415,○○○,Course,Cour0890,중국문화산업과한류,teaches,교수와 교육과정(교과목)과 관계
5368,Professor,Prof417,○○○,Course,Cour0843,중국어입문,teaches,교수와 교육과정(교과목)과 관계
5369,Professor,Prof417,○○○,Course,Cour0848,중국어교과교육론,teaches,교수와 교육과정(교과목)과 관계
5370,Professor,Prof417,○○○,Course,Cour0849,중국어권문화,teaches,교수와 교육과정(교과목)과 관계
5371,Professor,Prof417,○○○,Course,Cour0856,통섭으로읽는다문화코드중국,teaches,교수와 교육과정(교과목)과 관계
5372,Professor,Prof417,○○○,Course,Cour0867,초급중국어,teaches,교수와 교육과정(교과목)과 관계
5373,Professor,Prof417,○○○,Course,Cour0873,한문강독,teaches,교수와 교육과정(교과목)과 관계
5374,Professor,Prof417,○○○,Course,Cour0881,중국어강독,teaches,교수와 교육과정(교과목)과 관계
5375,Professor,Prof417,○○○,Course,Cour0886,중국문학평론,teaches,교수와 교육과정(교과목)과 관계
5376,Professor,Prof422,○○○,Course,Cour1031,중국문학개론,teaches,교수와 교육과정(교과목)과 관계
5377,Professor,Prof422,○○○,Course,Cour1053,중어중문학캡스톤디자인,teaches,교수와 교육과정(교과목)과 관계
5378,Professor,Prof423,○○○,Course,Cour1025,글로벌어문학의이해,teaches,교수와 교육과정(교과목)과 관계
5379,Professor,Prof423,○○○,Course,Cour1029,국제지역학입문,teaches,교수와 교육과정(교과목)과 관계
5380,Professor,Prof423,○○○,Course,Cour1035,한중상용한자,teaches,교수와 교육과정(교과목)과 관계
5381,Professor,Prof423,○○○,Course,Cour1043,한문강독,teaches,교수와 교육과정(교과목)과 관계
5382,Professor,Prof424,○○○,Course,Cour1044,중국불교문화유산의디지털체험과이해,teaches,교수와 교육과정(교과목)과 관계
5383,Professor,Prof424,○○○,Course,Cour1051,고급중국어인증실습,teaches,교수와 교육과정(교과목)과 관계
5384,Professor,Prof425,○○○,Course,Cour1026,기초중국어연습Ⅰ,teaches,교수와 교육과정(교과목)과 관계
5385,Professor,Prof425,○○○,Course,Cour1028,기초중국어연습Ⅱ,teaches,교수와 교육과정(교과목)과 관계
5386,Professor,Prof425,○○○,Course,Cour1030,중급중국어Ⅰ,teaches,교수와 교육과정(교과목)과 관계
5387,Professor,Prof425,○○○,Course,Cour1032,중국어회화Ⅰ,teaches,교수와 교육과정(교과목)과 관계
5388,Professor,Prof425,○○○,Course,Cour1036,중급중국어Ⅱ,teaches,교수와 교육과정(교과목)과 관계
5389,Professor,Prof425,○○○,Course,Cour1038,중국어회화Ⅱ,teaches,교수와 교육과정(교과목)과 관계
5390,Professor,Prof425,○○○,Course,Cour1041,중국어회화Ⅲ,teaches,교수와 교육과정(교과목)과 관계
5391,Professor,Prof433,○○○,Major,Majo022,전남대_중국학전공,belongsTo,교수와 전공의 관계
5392,Professor,Prof434,○○○,Major,Majo022,전남대_중국학전공,belongsTo,교수와 전공의 관계
5393,Professor,Prof435,○○○,Major,Majo022,전남대_중국학전공,belongsTo,교수와 전공의 관계
